-- phpMyAdmin SQL Dump
-- version 4.8.4
-- https://www.phpmyadmin.net/
--
-- Host: bwxjirlezk3x32nfguqd-mysql.services.clever-cloud.com:3306
-- Generation Time: May 03, 2022 at 04:55 AM
-- Server version: 8.0.22-13
-- PHP Version: 7.2.34

SET SQL_MODE = "NO_AUTO_VALUE_ON_ZERO";
SET AUTOCOMMIT = 0;
START TRANSACTION;
SET time_zone = "+00:00";

--
-- Database: `bwxjirlezk3x32nfguqd`
--

-- --------------------------------------------------------

--
-- Table structure for table `competitors`
--

CREATE TABLE `competitors` (
  `competitorId` int NOT NULL,
  `competitorRadarId` int NOT NULL,
  `competitorName` varchar(50) NOT NULL,
  `competitorCountry` varchar(30) DEFAULT NULL,
  `competitorCountryCode` varchar(20) DEFAULT NULL,
  `competitorDisplayName` tinytext,
  `logTime` timestamp NOT NULL DEFAULT CURRENT_TIMESTAMP
) ENGINE=InnoDB ;

--
-- Dumping data for table `competitors`
--

INSERT INTO `competitors` (`competitorId`, `competitorRadarId`, `competitorName`, `competitorCountry`, `competitorCountryCode`, `competitorDisplayName`) VALUES
(1, 152316, 'Sunrisers Hyderabad', 'India', 'IND', 'SRH'),
(2, 152324, 'Mumbai Indians', 'India', 'IND', 'MI'),
(3, 152326, 'Kolkata Knight Riders', 'India', 'IND', 'KKR'),
(4, 152330, 'Punjab Kings', 'India', 'IND', 'PBKS'),
(5, 152320, 'Rajasthan Royals', 'India', 'IND', 'RR'),
(6, 152334, 'Chennai Super Kings', 'India', 'IND', 'CSK'),
(7, 152318, 'Royal Challengers Bangalore', 'India', 'IND', 'RCB'),
(8, 152332, 'Delhi Capitals', 'India', 'IND', 'DC'),
(9, 877927, 'Gujarat Titans', 'India', 'IND', 'GT'),
(10, 877929, 'Lucknow Super Giants', 'India', 'IND', 'LSG');

-- --------------------------------------------------------

--
-- Table structure for table `discussion`
--

CREATE TABLE `discussion` (
  `discussionId` int NOT NULL,
  `matchId` int NOT NULL,
  `userId` int NOT NULL,
  `messengerId` int NOT NULL,
  `message` varchar(5000) NOT NULL,
  `messageTime` timestamp NOT NULL DEFAULT CURRENT_TIMESTAMP
) ENGINE=InnoDB ;

-- --------------------------------------------------------

--
-- Table structure for table `inning_batsmans`
--

CREATE TABLE `inning_batsmans` (
  `scorcardInningId` int NOT NULL,
  `playerId` int NOT NULL,
  `battingOrder` int DEFAULT NULL,
  `runs` int NOT NULL DEFAULT '0',
  `strikeRate` float DEFAULT '0',
  `isNotOut` tinyint(1) NOT NULL DEFAULT '0',
  `isDuck` tinyint(1) NOT NULL DEFAULT '0',
  `isRetiredHurt` tinyint(1) NOT NULL DEFAULT '0',
  `ballFaced` int NOT NULL DEFAULT '0',
  `fours` int NOT NULL DEFAULT '0',
  `sixes` int NOT NULL DEFAULT '0',
  `attackIngShot` int NOT NULL DEFAULT '0',
  `semiAttackingShot` int NOT NULL DEFAULT '0',
  `defendingShot` int NOT NULL DEFAULT '0',
  `leaves` int NOT NULL DEFAULT '0',
  `onSideShot` int NOT NULL DEFAULT '0',
  `offSideShot` int NOT NULL DEFAULT '0',
  `squreLegShot` int NOT NULL DEFAULT '0',
  `fineLegShot` int NOT NULL DEFAULT '0',
  `thirdManShot` int NOT NULL DEFAULT '0',
  `coverShot` int NOT NULL DEFAULT '0',
  `pointsShot` int NOT NULL DEFAULT '0',
  `midOnShot` int NOT NULL DEFAULT '0',
  `midOffShot` int NOT NULL DEFAULT '0',
  `midWicketShot` int NOT NULL DEFAULT '0',
  `dismissalOverBallNumber` tinyint(1) DEFAULT NULL,
  `dismissalOverNumber` smallint DEFAULT NULL,
  `dismissalBallerId` int DEFAULT NULL,
  `dismissalDiliveryType` tinytext,
  `dismissalFieldeManId` int DEFAULT NULL,
  `dismissalIsOnStrike` tinyint(1) DEFAULT NULL,
  `dismissalShotType` tinytext,
  `dismissalType` tinytext
) ENGINE=InnoDB ;

--
-- Dumping data for table `inning_batsmans`
--

INSERT INTO `inning_batsmans` (`scorcardInningId`, `playerId`, `battingOrder`, `runs`, `strikeRate`, `isNotOut`, `isDuck`, `isRetiredHurt`, `ballFaced`, `fours`, `sixes`, `attackIngShot`, `semiAttackingShot`, `defendingShot`, `leaves`, `onSideShot`, `offSideShot`, `squreLegShot`, `fineLegShot`, `thirdManShot`, `coverShot`, `pointsShot`, `midOnShot`, `midOffShot`, `midWicketShot`, `dismissalOverBallNumber`, `dismissalOverNumber`, `dismissalBallerId`, `dismissalDiliveryType`, `dismissalFieldeManId`, `dismissalIsOnStrike`, `dismissalShotType`, `dismissalType`) VALUES
(1, 75, 2, 35, 116.67, 0, 0, 0, 30, 4, 0, 10, 9, 8, 2, 11, 14, 2, 2, 2, 8, 3, 1, 1, 6, 1, 11, 208, 'googly', 206, 1, 'defensive', 'caught'),
(1, 77, 3, 8, 100, 0, 0, 0, 8, 2, 0, 4, 2, 2, 0, 5, 3, 0, 0, 2, 1, 0, 1, 0, 4, 5, 5, 202, 'bouncer', 199, 1, 'attacking', 'caught'),
(1, 80, 1, 5, 55.56, 0, 0, 0, 9, 1, 0, 3, 1, 4, 0, 2, 6, 0, 0, 1, 1, 4, 2, 0, 0, 6, 2, 204, 'bouncer', 208, 1, 'attacking', 'caught'),
(1, 81, 4, 64, 237.04, 0, 0, 0, 27, 7, 4, 19, 5, 2, 0, 15, 10, 1, 4, 0, 5, 2, 4, 3, 6, 3, 16, 208, 'leg_spin', 197, 1, 'attacking', 'caught'),
(1, 84, 8, 1, 100, 0, 0, 0, 1, 0, 0, 1, 0, 0, 0, 0, 1, 0, 0, 0, 0, 0, 0, 1, 0, 2, 17, 202, 'normal', 201, 0, 'semi_attacking', 'run_out'),
(1, 86, 7, 15, 187.5, 0, 0, 0, 8, 0, 2, 5, 0, 2, 0, 4, 2, 0, 0, 0, 0, 1, 3, 1, 1, 5, 16, 208, 'leg_spin', NULL, 1, NULL, 'leg_before_wicket'),
(1, 87, 5, 23, 209.09, 0, 0, 0, 11, 1, 2, 6, 3, 2, 0, 4, 7, 0, 0, 1, 1, 3, 1, 2, 3, 1, 14, 215, 'normal', 210, 1, 'attacking', 'caught'),
(1, 88, 9, 22, 157.14, 1, 0, 0, 14, 2, 1, 5, 7, 1, 0, 6, 6, 3, 1, 0, 1, 4, 0, 1, 2, NULL, NULL, NULL, NULL, NULL, 0, NULL, NULL),
(1, 90, 10, 2, 33.33, 0, 0, 0, 6, 0, 0, 0, 2, 4, 0, 2, 2, 0, 0, 0, 1, 1, 2, 0, 0, 5, 18, 201, 'normal', NULL, 1, 'defensive', 'bowled'),
(1, 91, 6, 0, 0, 0, 1, 0, 1, 0, 0, 1, 0, 0, 0, 1, 0, 0, 0, 0, 0, 0, 1, 0, 0, 2, 14, 215, NULL, 210, 1, 'attacking', 'caught'),
(1, 92, 11, 10, 200, 1, 0, 0, 5, 1, 0, 3, 1, 1, 0, 2, 2, 0, 0, 0, 1, 0, 0, 1, 2, NULL, NULL, NULL, NULL, NULL, 0, NULL, NULL),
(2, 197, 5, 6, 150, 1, 0, 0, 4, 1, 0, 2, 0, 1, 0, 2, 1, 0, 0, 0, 0, 0, 1, 1, 1, NULL, NULL, NULL, NULL, NULL, 0, NULL, NULL),
(2, 199, 6, 13, 433.33, 1, 0, 0, 3, 0, 2, 3, 0, 0, 0, 2, 1, 0, 0, 0, 1, 0, 0, 0, 2, NULL, NULL, NULL, NULL, NULL, 0, NULL, NULL),
(2, 201, 9, 0, 0, 0, 0, 0, 0, 0, 0, 0, 0, 0, 0, 0, 0, 0, 0, 0, 0, 0, 0, 0, 0, NULL, NULL, NULL, NULL, NULL, 0, NULL, NULL),
(2, 202, 10, 0, 0, 0, 0, 0, 0, 0, 0, 0, 0, 0, 0, 0, 0, 0, 0, 0, 0, 0, 0, 0, 0, NULL, NULL, NULL, NULL, NULL, 0, NULL, NULL),
(2, 204, 4, 27, 150, 0, 0, 0, 18, 5, 0, 9, 4, 3, 1, 4, 11, 0, 0, 0, 3, 3, 0, 5, 4, 1, 20, 91, 'normal', 77, 0, 'defensive', 'run_out'),
(2, 206, 1, 6, 85.71, 0, 0, 0, 7, 1, 0, 3, 4, 0, 0, 3, 4, 1, 0, 3, 1, 0, 0, 0, 2, 2, 4, 84, 'out_swinger', 77, 1, 'attacking', 'caught'),
(2, 208, 8, 0, 0, 0, 0, 0, 0, 0, 0, 0, 0, 0, 0, 0, 0, 0, 0, 0, 0, 0, 0, 0, 0, NULL, NULL, NULL, NULL, NULL, 0, NULL, NULL),
(2, 210, 2, 96, 162.71, 0, 0, 0, 59, 11, 1, 35, 17, 4, 0, 25, 32, 5, 1, 2, 18, 6, 6, 6, 13, 5, 19, 84, 'full_toss', 80, 1, 'attacking', 'caught'),
(2, 213, 3, 35, 116.67, 0, 0, 0, 30, 4, 1, 14, 9, 3, 0, 14, 11, 2, 3, 2, 5, 2, 4, 2, 5, 4, 15, 88, 'googly', 80, 1, 'attacking', 'caught'),
(2, 215, 11, 0, 0, 0, 0, 0, 0, 0, 0, 0, 0, 0, 0, 0, 0, 0, 0, 0, 0, 0, 0, 0, 0, NULL, NULL, NULL, NULL, NULL, 0, NULL, NULL),
(2, 217, 7, 0, 0, 0, 0, 0, 0, 0, 0, 0, 0, 0, 0, 0, 0, 0, 0, 0, 0, 0, 0, 0, 0, NULL, NULL, NULL, NULL, NULL, 0, NULL, NULL),
(3, 197, 5, 12, 80, 0, 0, 0, 15, 0, 0, 5, 6, 4, 0, 7, 8, 2, 0, 3, 2, 2, 1, 1, 4, 3, 14, 11, 'normal', 15, 1, 'attacking', 'caught'),
(3, 199, 7, 6, 150, 0, 0, 0, 4, 1, 0, 3, 0, 1, 0, 1, 2, 0, 0, 0, 1, 1, 0, 0, 1, 4, 20, 14, 'normal', 10, 1, 'defensive', 'run_out'),
(3, 201, 11, 0, 0, 0, 0, 0, 0, 0, 0, 0, 0, 0, 0, 0, 0, 0, 0, 0, 0, 0, 0, 0, 0, NULL, NULL, NULL, NULL, NULL, 0, NULL, NULL),
(3, 202, 10, 0, 0, 0, 0, 0, 0, 0, 0, 0, 0, 0, 0, 0, 0, 0, 0, 0, 0, 0, 0, 0, 0, NULL, NULL, NULL, NULL, NULL, 0, NULL, NULL),
(3, 204, 4, 50, 119.05, 1, 0, 0, 42, 4, 1, 23, 12, 3, 0, 23, 16, 3, 2, 1, 5, 4, 9, 6, 9, NULL, NULL, NULL, NULL, NULL, 0, NULL, NULL),
(3, 206, 1, 19, 100, 0, 0, 0, 19, 3, 0, 5, 6, 5, 1, 5, 9, 0, 0, 1, 3, 2, 2, 3, 3, 6, 8, 22, 'angled_in', NULL, 1, 'semi_attacking', 'leg_before_wicket'),
(3, 208, 8, 0, 0, 0, 1, 0, 1, 0, 0, 0, 0, 1, 0, 0, 0, 0, 0, 0, 0, 0, 0, 0, 0, 6, 20, 14, 'normal', NULL, 1, 'defensive', 'bowled'),
(3, 210, 2, 7, 77.78, 0, 0, 0, 9, 1, 0, 3, 2, 3, 1, 3, 5, 0, 0, 0, 3, 0, 1, 2, 2, 2, 3, 2, 'normal', 4, 1, 'attacking', 'caught'),
(3, 213, 3, 11, 122.22, 0, 0, 0, 9, 2, 0, 2, 6, 1, 0, 3, 6, 1, 1, 2, 0, 2, 1, 2, 0, 4, 6, 14, 'normal', 1, 1, 'semi_attacking', 'caught'),
(3, 215, 9, 0, 0, 0, 0, 0, 0, 0, 0, 0, 0, 0, 0, 0, 0, 0, 0, 0, 0, 0, 0, 0, 0, NULL, NULL, NULL, NULL, NULL, 0, NULL, NULL),
(3, 217, 6, 35, 166.67, 0, 0, 0, 21, 5, 1, 13, 5, 2, 0, 5, 15, 1, 1, 5, 4, 3, 1, 3, 2, 5, 19, 2, 'leg_cutter', 4, 1, NULL, 'caught'),
(4, 1, 2, 57, 123.91, 0, 0, 0, 46, 2, 4, 16, 16, 7, 3, 24, 13, 7, 4, 0, 4, 8, 7, 1, 6, 1, 17, 204, 'off_cutter', 199, 1, 'attacking', 'caught'),
(4, 2, 9, 0, 0, 0, 0, 0, 0, 0, 0, 0, 0, 0, 0, 0, 0, 0, 0, 0, 0, 0, 0, 0, 0, NULL, NULL, NULL, NULL, NULL, 0, NULL, NULL),
(4, 4, 3, 17, 154.55, 0, 0, 0, 11, 1, 1, 4, 5, 1, 0, 4, 6, 1, 2, 2, 3, 1, 1, 0, 0, NULL, NULL, NULL, NULL, NULL, 0, NULL, 'retired_hurt'),
(4, 5, 6, 0, 0, 0, 0, 0, 0, 0, 0, 0, 0, 0, 0, 0, 0, 0, 0, 0, 0, 0, 0, 0, 0, NULL, NULL, NULL, NULL, NULL, 0, NULL, NULL),
(4, 9, 5, 12, 150, 1, 0, 0, 8, 1, 0, 2, 4, 2, 0, 4, 4, 1, 0, 0, 1, 3, 2, 0, 1, NULL, NULL, NULL, NULL, NULL, 0, NULL, NULL),
(4, 10, 4, 34, 188.89, 1, 0, 0, 18, 2, 2, 10, 6, 1, 0, 11, 6, 3, 2, 1, 2, 3, 2, 0, 4, NULL, NULL, NULL, NULL, NULL, 0, NULL, NULL),
(4, 11, 8, 0, 0, 0, 0, 0, 0, 0, 0, 0, 0, 0, 0, 0, 0, 0, 0, 0, 0, 0, 0, 0, 0, NULL, NULL, NULL, NULL, NULL, 0, NULL, NULL),
(4, 12, 7, 0, 0, 0, 0, 0, 0, 0, 0, 0, 0, 0, 0, 0, 0, 0, 0, 0, 0, 0, 0, 0, 0, NULL, NULL, NULL, NULL, NULL, 0, NULL, NULL),
(4, 14, 10, 0, 0, 0, 0, 0, 0, 0, 0, 0, 0, 0, 0, 0, 0, 0, 0, 0, 0, 0, 0, 0, 0, NULL, NULL, NULL, NULL, NULL, 0, NULL, NULL),
(4, 15, 1, 42, 131.25, 0, 0, 0, 32, 6, 0, 13, 14, 3, 1, 11, 17, 2, 1, 4, 6, 7, 1, 0, 7, 5, 9, 208, 'leg_spin', 213, 1, 'attacking', 'caught'),
(4, 22, 11, 0, 0, 0, 0, 0, 0, 0, 0, 0, 0, 0, 0, 0, 0, 0, 0, 0, 0, 0, 0, 0, 0, NULL, NULL, NULL, NULL, NULL, 0, NULL, NULL),
(5, 99, 8, 0, 0, 0, 0, 0, 0, 0, 0, 0, 0, 0, 0, 0, 0, 0, 0, 0, 0, 0, 0, 0, 0, NULL, NULL, NULL, NULL, NULL, 0, NULL, NULL),
(5, 100, 10, 0, 0, 0, 0, 0, 0, 0, 0, 0, 0, 0, 0, 0, 0, 0, 0, 0, 0, 0, 0, 0, 0, NULL, NULL, NULL, NULL, NULL, 0, NULL, NULL),
(5, 101, 1, 35, 125, 0, 0, 0, 28, 3, 3, 13, 3, 5, 2, 5, 11, 0, 0, 2, 4, 3, 4, 2, 1, 1, 9, 22, 'normal', 10, 1, 'defensive', 'caught'),
(5, 106, 3, 55, 203.7, 0, 0, 0, 27, 3, 5, 14, 7, 4, 0, 13, 11, 1, 1, 4, 4, 1, 4, 2, 7, 1, 17, 2, 'normal', 18, 1, 'attacking', 'caught'),
(5, 107, 9, 0, 0, 0, 0, 0, 0, 0, 0, 0, 0, 0, 0, 0, 0, 0, 0, 0, 0, 0, 0, 0, 0, NULL, NULL, NULL, NULL, NULL, 0, NULL, NULL),
(5, 108, 5, 32, 246.15, 0, 0, 0, 13, 2, 3, 9, 2, 1, 0, 6, 5, 0, 1, 0, 4, 0, 0, 1, 5, 2, 20, 14, 'yorker', NULL, 1, 'defensive', 'bowled'),
(5, 110, 7, 1, 50, 1, 0, 0, 2, 0, 0, 1, 0, 0, 0, 0, 1, 0, 0, 0, 0, 0, 0, 1, 0, NULL, NULL, NULL, NULL, NULL, 0, NULL, NULL),
(5, 112, 11, 0, 0, 0, 0, 0, 0, 0, 0, 0, 0, 0, 0, 0, 0, 0, 0, 0, 0, 0, 0, 0, 0, NULL, NULL, NULL, NULL, NULL, 0, NULL, NULL),
(5, 115, 4, 41, 141.38, 0, 0, 0, 29, 4, 2, 9, 10, 5, 4, 11, 9, 3, 1, 1, 3, 2, 3, 3, 4, 6, 15, 22, 'normal', NULL, 1, 'defensive', 'bowled'),
(5, 116, 6, 12, 133.33, 0, 0, 0, 9, 2, 0, 3, 4, 1, 0, 4, 3, 0, 0, 1, 1, 0, 2, 1, 2, 6, 20, 14, 'normal', 10, 1, 'semi_attacking', 'caught'),
(5, 117, 2, 20, 125, 0, 0, 0, 16, 2, 1, 5, 5, 3, 1, 6, 4, 2, 1, 0, 0, 4, 0, 0, 3, 1, 7, 20, 'off_cutter', 9, 1, 'attacking', 'caught'),
(6, 1, 1, 2, 28.57, 0, 0, 0, 7, 0, 0, 0, 1, 3, 2, 1, 2, 1, 0, 1, 1, 0, 0, 0, 0, 4, 2, 112, 'normal', 115, 1, 'defensive', 'caught'),
(6, 2, 9, 3, 75, 1, 0, 0, 4, 0, 0, 1, 0, 0, 0, 2, 1, 0, 0, 0, 0, 1, 2, 0, 0, NULL, NULL, NULL, NULL, NULL, 0, NULL, NULL),
(6, 4, 3, 0, 0, 0, 1, 0, 3, 0, 0, 0, 1, 2, 0, 0, 2, 0, 0, 1, 0, 1, 0, 0, 0, 1, 4, 112, 'out_swinger', 106, 1, 'semi_attacking', 'caught'),
(6, 9, 5, 57, 139.02, 1, 0, 0, 41, 5, 2, 25, 10, 4, 0, 17, 23, 3, 0, 1, 17, 2, 4, 3, 10, NULL, NULL, NULL, NULL, NULL, 0, NULL, NULL),
(6, 10, 4, 0, 0, 0, 1, 0, 9, 0, 0, 1, 1, 6, 1, 2, 0, 0, 0, 0, 0, 0, 2, 0, 0, 5, 5, 100, 'out_swinger', NULL, 1, 'semi_attacking', 'leg_before_wicket'),
(6, 12, 8, 40, 285.71, 0, 0, 0, 14, 5, 2, 9, 5, 0, 0, 6, 8, 2, 1, 0, 1, 2, 2, 5, 1, 5, 19, 100, 'normal', 108, 1, 'attacking', 'caught'),
(6, 14, 10, 0, 0, 0, 0, 0, 0, 0, 0, 0, 0, 0, 0, 0, 0, 0, 0, 0, 0, 0, 0, 0, 0, NULL, NULL, NULL, NULL, NULL, 0, NULL, NULL),
(6, 15, 2, 9, 47.37, 0, 0, 0, 19, 1, 0, 3, 5, 8, 1, 5, 6, 0, 0, 2, 1, 1, 3, 2, 2, 2, 9, 107, 'leg_spin', 108, 1, 'attacking', 'caught'),
(6, 18, 6, 4, 66.67, 0, 0, 0, 6, 0, 0, 1, 4, 1, 0, 3, 3, 0, 0, 0, 1, 0, 2, 2, 1, 2, 11, 107, 'leg_spin', 116, 1, 'attacking', 'caught'),
(6, 20, 7, 24, 133.33, 0, 0, 0, 18, 0, 2, 8, 3, 5, 0, 8, 5, 1, 2, 1, 3, 0, 1, 1, 4, 4, 16, 107, 'leg_spin', NULL, 1, 'defensive', 'bowled'),
(6, 22, 11, 0, 0, 0, 0, 0, 0, 0, 0, 0, 0, 0, 0, 0, 0, 0, 0, 0, 0, 0, 0, 0, 0, NULL, NULL, NULL, NULL, NULL, 0, NULL, NULL),
(7, 75, 2, 16, 106.67, 0, 0, 0, 15, 1, 1, 7, 6, 0, 1, 9, 3, 3, 0, 0, 0, 1, 2, 2, 4, 5, 6, 50, 'off_cutter', 55, 1, 'attacking', 'caught'),
(7, 78, 3, 31, 344.44, 0, 0, 0, 9, 3, 3, 6, 2, 0, 0, 5, 3, 2, 0, 1, 1, 0, 2, 1, 1, 5, 4, 68, 'normal', 50, 1, 'attacking', 'caught'),
(7, 80, 1, 1, 20, 0, 0, 0, 5, 0, 0, 2, 1, 2, 0, 1, 2, 0, 0, 0, 1, 1, 0, 0, 1, 6, 1, 62, 'in_swinger', NULL, 1, 'defensive', 'leg_before_wicket'),
(7, 81, 4, 19, 118.75, 0, 0, 0, 16, 1, 1, 8, 4, 2, 0, 7, 6, 2, 0, 1, 2, 0, 4, 3, 1, 6, 9, 62, 'normal', 50, 1, 'attacking', 'caught'),
(7, 84, 10, 25, 156.25, 0, 0, 0, 16, 4, 1, 8, 1, 4, 1, 6, 5, 0, 0, 1, 3, 0, 6, 1, 0, 1, 19, 53, 'off_cutter', 50, 1, 'attacking', 'caught'),
(7, 86, 6, 0, 0, 0, 1, 0, 5, 0, 0, 2, 1, 2, 0, 4, 1, 0, 0, 0, 0, 0, 3, 1, 1, 1, 13, 50, 'normal', 58, 1, 'attacking', 'caught'),
(7, 88, 9, 0, 0, 0, 1, 0, 2, 0, 0, 0, 0, 1, 0, 0, 1, 0, 0, 1, 0, 0, 0, 0, 0, 4, 15, 62, 'bouncer', 58, 1, NULL, 'caught'),
(7, 91, 8, 9, 75, 1, 0, 0, 12, 0, 1, 3, 1, 7, 0, 3, 7, 1, 0, 1, 2, 2, 1, 2, 1, NULL, NULL, NULL, NULL, NULL, 0, NULL, NULL),
(7, 92, 11, 0, 0, 0, 1, 0, 1, 0, 0, 0, 1, 0, 0, 0, 1, 0, 0, 1, 0, 0, 0, 0, 0, 2, 19, 53, 'normal', 58, 1, 'semi_attacking', 'run_out'),
(7, 96, 7, 14, 77.78, 0, 0, 0, 18, 1, 1, 4, 2, 9, 0, 4, 5, 1, 0, 2, 2, 0, 0, 1, 3, 2, 15, 62, 'normal', NULL, 1, 'defensive', 'bowled'),
(7, 98, 5, 11, 84.62, 0, 0, 0, 13, 1, 0, 4, 5, 4, 0, 5, 7, 0, 1, 0, 3, 2, 3, 2, 1, 3, 10, 49, 'off_spin', NULL, 1, 'defensive', 'bowled'),
(8, 49, 7, 0, 0, 0, 0, 0, 0, 0, 0, 0, 0, 0, 0, 0, 0, 0, 0, 0, 0, 0, 0, 0, 0, NULL, NULL, NULL, NULL, NULL, 0, NULL, NULL),
(8, 50, 10, 0, 0, 0, 0, 0, 0, 0, 0, 0, 0, 0, 0, 0, 0, 0, 0, 0, 0, 0, 0, 0, 0, NULL, NULL, NULL, NULL, NULL, 0, NULL, NULL),
(8, 53, 6, 70, 225.81, 1, 0, 0, 31, 2, 8, 18, 4, 7, 0, 12, 14, 3, 1, 1, 5, 5, 2, 3, 6, NULL, NULL, NULL, NULL, NULL, 0, NULL, NULL),
(8, 54, 1, 12, 109.09, 0, 0, 0, 11, 3, 0, 2, 4, 1, 4, 2, 5, 1, 0, 2, 1, 2, 0, 0, 1, 6, 2, 84, 'normal', 91, 1, 'attacking', 'caught'),
(8, 55, 4, 24, 104.35, 1, 0, 0, 23, 1, 1, 6, 10, 4, 1, 7, 15, 1, 0, 1, 3, 2, 2, 9, 4, NULL, NULL, NULL, NULL, NULL, 0, NULL, NULL),
(8, 56, 2, 3, 42.86, 0, 0, 0, 7, 0, 0, 3, 2, 1, 0, 0, 6, 0, 0, 1, 1, 1, 0, 3, 0, 3, 5, 91, 'normal', 96, 1, 'attacking', 'caught'),
(8, 58, 5, 0, 0, 0, 1, 0, 2, 0, 0, 0, 1, 1, 0, 1, 0, 0, 0, 0, 0, 0, 0, 0, 1, 6, 7, 88, 'googly', NULL, 1, 'defensive', 'leg_before_wicket'),
(8, 60, 3, 26, 173.33, 0, 0, 0, 15, 5, 0, 9, 5, 1, 0, 4, 10, 0, 1, 0, 2, 7, 2, 1, 1, 4, 7, 88, 'leg_spin', 84, 1, 'attacking', 'caught'),
(8, 62, 9, 0, 0, 0, 0, 0, 0, 0, 0, 0, 0, 0, 0, 0, 0, 0, 0, 0, 0, 0, 0, 0, 0, NULL, NULL, NULL, NULL, NULL, 0, NULL, NULL),
(8, 66, 11, 0, 0, 0, 0, 0, 0, 0, 0, 0, 0, 0, 0, 0, 0, 0, 0, 0, 0, 0, 0, 0, 0, NULL, NULL, NULL, NULL, NULL, 0, NULL, NULL),
(8, 68, 8, 0, 0, 0, 0, 0, 0, 0, 0, 0, 0, 0, 0, 0, 0, 0, 0, 0, 0, 0, 0, 0, 0, NULL, NULL, NULL, NULL, NULL, 0, NULL, NULL),
(9, 24, 6, 22, 440, 1, 0, 0, 5, 0, 3, 4, 1, 0, 0, 2, 3, 0, 0, 2, 0, 0, 1, 1, 1, NULL, NULL, NULL, NULL, NULL, 0, NULL, NULL),
(9, 25, 1, 3, 25, 0, 0, 0, 12, 0, 0, 4, 5, 3, 0, 5, 6, 0, 3, 0, 3, 2, 1, 1, 1, 5, 3, 62, 'bouncer', 55, 1, 'attacking', 'caught'),
(9, 27, 10, 0, 0, 0, 0, 0, 0, 0, 0, 0, 0, 0, 0, 0, 0, 0, 0, 0, 0, 0, 0, 0, 0, NULL, NULL, NULL, NULL, NULL, 0, NULL, NULL),
(9, 28, 8, 0, 0, 0, 0, 0, 0, 0, 0, 0, 0, 0, 0, 0, 0, 0, 0, 0, 0, 0, 0, 0, 0, NULL, NULL, NULL, NULL, NULL, 0, NULL, NULL),
(9, 29, 9, 0, 0, 0, 0, 0, 0, 0, 0, 0, 0, 0, 0, 0, 0, 0, 0, 0, 0, 0, 0, 0, 0, NULL, NULL, NULL, NULL, NULL, 0, NULL, NULL),
(9, 32, 2, 14, 66.67, 0, 0, 0, 21, 1, 0, 7, 9, 5, 0, 10, 9, 3, 0, 1, 6, 0, 3, 2, 4, 6, 11, 63, NULL, 60, 1, 'attacking', 'caught'),
(9, 33, 11, 0, 0, 0, 0, 0, 0, 0, 0, 0, 0, 0, 0, 0, 0, 0, 0, 0, 0, 0, 0, 0, 0, NULL, NULL, NULL, NULL, NULL, 0, NULL, NULL),
(9, 34, 4, 52, 144.44, 0, 0, 0, 36, 5, 2, 24, 11, 1, 0, 14, 17, 2, 3, 4, 6, 3, 3, 4, 6, 1, 20, 63, 'wide_yorker', 55, 1, 'attacking', 'caught'),
(9, 39, 7, 0, 0, 0, 0, 0, 0, 0, 0, 0, 0, 0, 0, 0, 0, 0, 0, 0, 0, 0, 0, 0, 0, NULL, NULL, NULL, NULL, NULL, 0, NULL, NULL),
(9, 43, 5, 38, 140.74, 1, 0, 0, 27, 3, 2, 16, 10, 1, 0, 13, 9, 2, 1, 1, 3, 2, 2, 3, 8, NULL, NULL, NULL, NULL, NULL, 0, NULL, NULL),
(9, 48, 3, 29, 152.63, 0, 0, 0, 19, 2, 2, 11, 3, 5, 0, 6, 9, 1, 0, 3, 4, 0, 3, 2, 2, 5, 8, 66, 'googly', NULL, 1, 'attacking', 'stumped'),
(10, 49, 8, 0, 0, 0, 0, 0, 0, 0, 0, 0, 0, 0, 0, 0, 0, 0, 0, 0, 0, 0, 0, 0, 0, NULL, NULL, NULL, NULL, NULL, 0, NULL, NULL),
(10, 53, 6, 11, 220, 0, 0, 0, 5, 1, 1, 5, 0, 0, 0, 2, 3, 0, 0, 1, 0, 1, 1, 1, 1, 1, 14, 27, NULL, 48, 1, 'attacking', 'caught'),
(10, 54, 1, 7, 63.64, 0, 0, 0, 11, 0, 0, 2, 8, 1, 0, 3, 6, 0, 1, 2, 1, 2, 0, 1, 2, 1, 5, 27, NULL, 39, 1, 'attacking', 'caught'),
(10, 55, 4, 17, 141.67, 0, 0, 0, 12, 0, 2, 10, 2, 0, 0, 7, 4, 3, 2, 0, 1, 1, 2, 2, 0, 5, 10, 28, 'leg_spin', 33, 1, 'attacking', 'caught'),
(10, 56, 2, 50, 121.95, 1, 0, 0, 41, 6, 1, 27, 9, 5, 0, 12, 20, 2, 4, 2, 10, 6, 1, 2, 5, NULL, NULL, NULL, NULL, NULL, 0, NULL, NULL),
(10, 58, 5, 8, 114.29, 0, 0, 0, 7, 0, 1, 5, 0, 2, 0, 4, 2, 0, 0, 1, 0, 1, 0, 0, 4, 4, 12, 28, 'leg_spin', 39, 1, 'attacking', 'caught'),
(10, 60, 3, 10, 166.67, 0, 0, 0, 6, 2, 0, 2, 3, 1, 0, 4, 2, 1, 2, 0, 0, 1, 0, 1, 1, 6, 6, 39, NULL, 43, 1, 'attacking', 'caught'),
(10, 62, 10, 0, 0, 0, 0, 0, 0, 0, 0, 0, 0, 0, 0, 0, 0, 0, 0, 0, 0, 0, 0, 0, 0, NULL, NULL, NULL, NULL, NULL, 0, NULL, NULL),
(10, 63, 7, 56, 373.33, 1, 0, 0, 15, 4, 6, 10, 4, 0, 0, 8, 6, 1, 1, 1, 2, 1, 3, 2, 3, NULL, NULL, NULL, NULL, NULL, 0, NULL, NULL),
(10, 66, 11, 0, 0, 0, 0, 0, 0, 0, 0, 0, 0, 0, 0, 0, 0, 0, 0, 0, 0, 0, 0, 0, 0, NULL, NULL, NULL, NULL, NULL, 0, NULL, NULL),
(10, 71, 9, 0, 0, 0, 0, 0, 0, 0, 0, 0, 0, 0, 0, 0, 0, 0, 0, 0, 0, 0, 0, 0, 0, NULL, NULL, NULL, NULL, NULL, 0, NULL, NULL),
(11, 218, 4, 6, 120, 0, 0, 0, 5, 1, 0, 2, 1, 2, 0, 2, 2, 1, 0, 0, 1, 1, 0, 0, 1, 3, 5, 201, 'in_swinger', NULL, 1, 'defensive', 'bowled'),
(11, 222, 2, 7, 77.78, 0, 0, 0, 9, 1, 0, 2, 3, 3, 0, 3, 4, 0, 1, 1, 2, 0, 1, 1, 1, 3, 3, 201, 'in_swinger', NULL, 1, 'defensive', 'bowled'),
(11, 224, 1, 0, 0, 0, 1, 0, 1, 0, 0, 0, 0, 1, 0, 0, 1, 0, 0, 1, 0, 0, 0, 0, 0, 1, 1, 201, 'out_swinger', 206, 1, 'defensive', 'caught'),
(11, 226, 3, 10, 111.11, 0, 0, 0, 9, 2, 0, 3, 2, 3, 0, 5, 3, 2, 1, 0, 2, 1, 1, 0, 1, 3, 4, 198, 'bouncer', 210, 1, 'attacking', 'caught'),
(11, 228, 7, 21, 161.54, 1, 0, 0, 13, 3, 0, 8, 4, 1, 0, 8, 5, 2, 1, 0, 1, 1, 3, 3, 2, NULL, NULL, NULL, NULL, NULL, 0, NULL, NULL),
(11, 229, 5, 55, 134.15, 0, 0, 0, 41, 6, 2, 19, 13, 8, 0, 21, 16, 6, 3, 1, 3, 10, 7, 2, 5, 5, 16, 208, 'flipper', NULL, 1, NULL, 'leg_before_wicket'),
(11, 231, 8, 1, 100, 1, 0, 0, 1, 0, 0, 1, 0, 0, 0, 1, 0, 0, 1, 0, 0, 0, 0, 0, 0, NULL, NULL, NULL, NULL, NULL, 0, NULL, NULL),
(11, 233, 9, 0, 0, 0, 0, 0, 0, 0, 0, 0, 0, 0, 0, 0, 0, 0, 0, 0, 0, 0, 0, 0, 0, NULL, NULL, NULL, NULL, NULL, 0, NULL, NULL),
(11, 234, 10, 0, 0, 0, 0, 0, 0, 0, 0, 0, 0, 0, 0, 0, 0, 0, 0, 0, 0, 0, 0, 0, 0, NULL, NULL, NULL, NULL, NULL, 0, NULL, NULL),
(11, 235, 11, 0, 0, 0, 0, 0, 0, 0, 0, 0, 0, 0, 0, 0, 0, 0, 0, 0, 0, 0, 0, 0, 0, NULL, NULL, NULL, NULL, NULL, 0, NULL, NULL),
(11, 236, 6, 54, 131.71, 0, 0, 0, 41, 4, 3, 19, 14, 7, 0, 23, 15, 6, 2, 4, 3, 5, 6, 3, 9, 4, 20, 198, 'normal', 204, 1, 'attacking', 'caught'),
(12, 197, 5, 30, 142.86, 0, 0, 0, 21, 1, 2, 12, 8, 0, 0, 10, 11, 2, 0, 0, 6, 3, 4, 2, 4, 3, 18, 233, 'normal', 224, 1, 'attacking', 'caught'),
(12, 198, 11, 0, 0, 0, 0, 0, 0, 0, 0, 0, 0, 0, 0, 0, 0, 0, 0, 0, 0, 0, 0, 0, 0, NULL, NULL, NULL, NULL, NULL, 0, NULL, NULL),
(12, 199, 6, 40, 166.67, 1, 0, 0, 24, 5, 2, 15, 4, 3, 0, 9, 12, 1, 3, 1, 5, 4, 1, 2, 4, NULL, NULL, NULL, NULL, NULL, 0, NULL, NULL),
(12, 200, 3, 4, 66.67, 0, 0, 0, 6, 0, 0, 2, 1, 2, 1, 2, 2, 0, 1, 0, 1, 1, 1, 0, 0, 1, 3, 231, 'yorker', NULL, 1, 'defensive', 'bowled'),
(12, 201, 10, 0, 0, 0, 0, 0, 0, 0, 0, 0, 0, 0, 0, 0, 0, 0, 0, 0, 0, 0, 0, 0, 0, NULL, NULL, NULL, NULL, NULL, 0, NULL, NULL),
(12, 202, 9, 0, 0, 0, 0, 0, 0, 0, 0, 0, 0, 0, 0, 0, 0, 0, 0, 0, 0, 0, 0, 0, 0, NULL, NULL, NULL, NULL, NULL, 0, NULL, NULL),
(12, 204, 4, 33, 117.86, 0, 0, 0, 28, 5, 1, 11, 9, 5, 0, 8, 18, 1, 1, 0, 9, 2, 1, 7, 5, 1, 11, 228, 'left_arm_orthodox', 218, 1, 'attacking', 'caught'),
(12, 206, 2, 30, 103.45, 0, 0, 0, 29, 4, 0, 17, 4, 5, 0, 8, 15, 2, 0, 2, 8, 3, 3, 2, 3, 5, 12, 229, 'off_spin', NULL, 1, 'defensive', 'bowled'),
(12, 208, 8, 0, 0, 0, 0, 0, 0, 0, 0, 0, 0, 0, 0, 0, 0, 0, 0, 0, 0, 0, 0, 0, 0, NULL, NULL, NULL, NULL, NULL, 0, NULL, NULL),
(12, 210, 1, 0, 0, 0, 1, 0, 3, 0, 0, 1, 1, 0, 0, 1, 1, 0, 0, 0, 0, 1, 0, 0, 1, 3, 1, 231, 'out_swinger', 229, 1, 'attacking', 'caught'),
(12, 217, 7, 15, 214.29, 1, 0, 0, 7, 3, 0, 5, 1, 1, 0, 2, 4, 0, 1, 1, 1, 1, 0, 1, 1, NULL, NULL, NULL, NULL, NULL, 0, NULL, NULL),
(13, 24, 6, 0, 0, 0, 1, 0, 1, 0, 0, 0, 0, 0, 0, 0, 0, 0, 0, 0, 0, 0, 0, 0, 0, 1, 11, 160, 'googly', NULL, 1, NULL, 'leg_before_wicket'),
(13, 25, 2, 26, 173.33, 0, 0, 0, 15, 4, 1, 5, 5, 4, 1, 7, 5, 1, 1, 0, 2, 0, 1, 3, 4, 2, 7, 155, 'off_cutter', 155, 1, 'attacking', 'caught_bowled'),
(13, 26, 8, 13, 92.86, 1, 0, 0, 14, 1, 0, 8, 2, 4, 0, 5, 6, 1, 1, 2, 2, 1, 2, 1, 1, NULL, NULL, NULL, NULL, NULL, 0, NULL, NULL),
(13, 28, 9, 0, 0, 0, 0, 0, 0, 0, 0, 0, 0, 0, 0, 0, 0, 0, 0, 0, 0, 0, 0, 0, 0, NULL, NULL, NULL, NULL, NULL, 0, NULL, NULL),
(13, 29, 10, 0, 0, 0, 0, 0, 0, 0, 0, 0, 0, 0, 0, 0, 0, 0, 0, 0, 0, 0, 0, 0, 0, NULL, NULL, NULL, NULL, NULL, 0, NULL, NULL),
(13, 32, 1, 26, 92.86, 0, 0, 0, 28, 3, 0, 13, 5, 9, 1, 11, 10, 1, 0, 2, 5, 1, 2, 2, 8, 2, 10, 169, 'normal', 161, 1, 'attacking', 'caught'),
(13, 33, 11, 0, 0, 0, 0, 0, 0, 0, 0, 0, 0, 0, 0, 0, 0, 0, 0, 0, 0, 0, 0, 0, 0, NULL, NULL, NULL, NULL, NULL, 0, NULL, NULL),
(13, 34, 4, 68, 183.78, 1, 0, 0, 37, 5, 6, 19, 12, 3, 0, 14, 18, 2, 1, 3, 4, 7, 5, 4, 6, NULL, NULL, NULL, NULL, NULL, 0, NULL, NULL),
(13, 36, 7, 6, 50, 0, 0, 0, 12, 0, 0, 3, 4, 5, 0, 4, 7, 0, 0, 2, 2, 0, 4, 3, 0, 2, 14, 155, 'off_cutter', 150, 1, 'defensive', 'caught'),
(13, 43, 5, 0, 0, 0, 1, 0, 3, 0, 0, 0, 2, 1, 0, 1, 2, 0, 1, 0, 0, 1, 0, 1, 0, 5, 10, 169, 'normal', 153, 1, 'defensive', 'run_out'),
(13, 48, 3, 8, 72.73, 0, 0, 0, 11, 1, 0, 3, 3, 5, 0, 4, 4, 0, 1, 1, 2, 1, 1, 0, 2, 3, 9, 160, 'googly', NULL, 1, 'defensive', 'leg_before_wicket'),
(14, 148, 3, 48, 133.33, 0, 0, 0, 36, 5, 0, 10, 17, 6, 0, 17, 13, 0, 2, 3, 4, 5, 5, 1, 10, 1, 19, 48, 'leg_spin', NULL, 1, NULL, 'leg_before_wicket'),
(14, 150, 4, 7, 350, 1, 0, 0, 2, 0, 1, 2, 0, 0, 0, 2, 0, 1, 0, 0, 0, 0, 0, 0, 1, NULL, NULL, NULL, NULL, NULL, 0, NULL, NULL),
(14, 152, 9, 0, 0, 0, 0, 0, 0, 0, 0, 0, 0, 0, 0, 0, 0, 0, 0, 0, 0, 0, 0, 0, 0, NULL, NULL, NULL, NULL, NULL, 0, NULL, NULL),
(14, 153, 5, 8, 400, 1, 0, 0, 2, 2, 0, 2, 0, 0, 0, 0, 2, 0, 0, 0, 1, 1, 0, 0, 0, NULL, NULL, NULL, NULL, NULL, 0, NULL, NULL),
(14, 155, 8, 0, 0, 0, 0, 0, 0, 0, 0, 0, 0, 0, 0, 0, 0, 0, 0, 0, 0, 0, 0, 0, 0, NULL, NULL, NULL, NULL, NULL, 0, NULL, NULL),
(14, 156, 1, 16, 66.67, 0, 0, 0, 24, 1, 0, 9, 10, 2, 1, 8, 12, 1, 1, 1, 4, 3, 3, 4, 3, 1, 9, 26, 'off_cutter', 34, 1, 'attacking', 'caught'),
(14, 160, 7, 0, 0, 0, 0, 0, 0, 0, 0, 0, 0, 0, 0, 0, 0, 0, 0, 0, 0, 0, 0, 0, 0, NULL, NULL, NULL, NULL, NULL, 0, NULL, NULL),
(14, 161, 10, 0, 0, 0, 0, 0, 0, 0, 0, 0, 0, 0, 0, 0, 0, 0, 0, 0, 0, 0, 0, 0, 0, NULL, NULL, NULL, NULL, NULL, 0, NULL, NULL),
(14, 163, 2, 66, 140.43, 0, 0, 0, 47, 2, 6, 18, 15, 8, 2, 20, 18, 5, 0, 2, 5, 7, 8, 4, 7, 5, 17, 26, 'off_cutter', 36, 0, 'semi_attacking', 'run_out'),
(14, 167, 6, 0, 0, 0, 0, 0, 0, 0, 0, 0, 0, 0, 0, 0, 0, 0, 0, 0, 0, 0, 0, 0, 0, NULL, NULL, NULL, NULL, NULL, 0, NULL, NULL),
(14, 169, 11, 0, 0, 0, 0, 0, 0, 0, 0, 0, 0, 0, 0, 0, 0, 0, 0, 0, 0, 0, 0, 0, 0, NULL, NULL, NULL, NULL, NULL, 0, NULL, NULL),
(15, 99, 7, 1, 100, 0, 0, 0, 1, 0, 0, 1, 0, 0, 0, 0, 1, 0, 0, 0, 0, 1, 0, 0, 0, 6, 19, 29, 'normal', 43, 1, 'attacking', 'run_out'),
(15, 100, 9, 1, 100, 1, 0, 0, 1, 0, 0, 0, 1, 0, 0, 1, 0, 0, 1, 0, 0, 0, 0, 0, 0, NULL, NULL, NULL, NULL, NULL, 0, NULL, NULL),
(15, 101, 1, 100, 147.06, 0, 0, 0, 68, 11, 5, 24, 21, 14, 1, 27, 28, 8, 4, 4, 11, 8, 5, 5, 10, 5, 19, 29, 'yorker', NULL, 1, 'defensive', 'bowled'),
(15, 106, 4, 30, 142.86, 0, 0, 0, 21, 1, 3, 9, 5, 4, 1, 9, 10, 2, 0, 2, 3, 2, 4, 3, 3, 2, 15, 24, 'normal', 43, 1, 'attacking', 'caught'),
(15, 107, 10, 0, 0, 0, 0, 0, 0, 0, 0, 0, 0, 0, 0, 0, 0, 0, 0, 0, 0, 0, 0, 0, 0, NULL, NULL, NULL, NULL, NULL, 0, NULL, NULL),
(15, 108, 5, 35, 250, 0, 0, 0, 14, 3, 3, 6, 5, 0, 0, 9, 3, 0, 2, 0, 0, 1, 4, 2, 3, 2, 19, 29, 'full_toss', 43, 1, 'attacking', 'caught'),
(15, 109, 8, 2, 100, 0, 0, 0, 2, 0, 0, 2, 0, 0, 0, 1, 1, 0, 1, 0, 1, 0, 0, 0, 0, 3, 20, 27, NULL, 32, 1, 'attacking', 'caught'),
(15, 112, 11, 0, 0, 0, 0, 0, 0, 0, 0, 0, 0, 0, 0, 0, 0, 0, 0, 0, 0, 0, 0, 0, 0, NULL, NULL, NULL, NULL, NULL, 0, NULL, NULL),
(15, 115, 3, 7, 100, 0, 0, 0, 7, 1, 0, 3, 3, 0, 1, 5, 1, 1, 0, 0, 1, 0, 3, 0, 1, 6, 6, 27, 'normal', 25, 1, 'attacking', 'caught'),
(15, 116, 6, 5, 125, 0, 0, 0, 4, 1, 0, 3, 0, 0, 0, 1, 2, 0, 0, 0, 1, 0, 1, 1, 0, 6, 20, 27, 'full_toss', 41, 1, 'attacking', 'caught'),
(15, 117, 2, 1, 50, 0, 0, 0, 2, 0, 0, 0, 2, 0, 0, 1, 1, 0, 0, 0, 1, 0, 0, 0, 1, 4, 3, 29, 'normal', 41, 1, 'semi_attacking', 'caught'),
(16, 24, 5, 22, 91.67, 0, 0, 0, 24, 3, 1, 10, 6, 5, 0, 4, 14, 1, 0, 2, 2, 4, 3, 6, 0, 6, 20, 109, 'full_toss', 101, 1, 'attacking', 'caught'),
(16, 25, 2, 10, 200, 0, 0, 0, 5, 0, 1, 2, 2, 0, 0, 3, 1, 2, 1, 0, 0, 1, 0, 0, 0, 5, 2, 112, 'normal', 116, 1, 'attacking', 'caught'),
(16, 27, 10, 0, 0, 0, 0, 0, 0, 0, 0, 0, 0, 0, 0, 0, 0, 0, 0, 0, 0, 0, 0, 0, 0, NULL, NULL, NULL, NULL, NULL, 0, NULL, NULL),
(16, 28, 8, 6, 75, 0, 0, 0, 8, 1, 0, 2, 3, 1, 2, 2, 3, 0, 0, 0, 1, 1, 1, 1, 1, 6, 19, 112, 'bouncer', 106, 0, 'defensive', 'run_out'),
(16, 29, 9, 0, 0, 1, 0, 0, 1, 0, 0, 0, 0, 0, 0, 1, 0, 0, 1, 0, 0, 0, 0, 0, 0, NULL, NULL, NULL, NULL, NULL, 0, NULL, NULL),
(16, 32, 1, 54, 125.58, 0, 0, 0, 43, 5, 1, 18, 16, 4, 0, 18, 19, 6, 1, 3, 4, 7, 3, 5, 8, 6, 13, 100, 'normal', 109, 1, 'attacking', 'caught'),
(16, 33, 11, 0, 0, 0, 0, 0, 0, 0, 0, 0, 0, 0, 0, 0, 0, 0, 0, 0, 0, 0, 0, 0, 0, NULL, NULL, NULL, NULL, NULL, 0, NULL, NULL),
(16, 38, 3, 5, 125, 0, 0, 0, 4, 1, 0, 3, 1, 0, 0, 1, 3, 0, 0, 0, 3, 0, 0, 0, 1, 6, 4, 109, 'normal', 115, 1, 'attacking', 'caught'),
(16, 39, 7, 0, 0, 0, 1, 0, 1, 0, 0, 1, 0, 0, 0, 1, 0, 0, 0, 0, 0, 0, 1, 0, 0, 2, 16, 107, 'googly', 101, 1, 'attacking', 'caught'),
(16, 41, 6, 1, 33.33, 0, 0, 0, 3, 0, 0, 1, 0, 1, 0, 0, 1, 0, 0, 0, 0, 1, 0, 0, 0, 1, 16, 107, 'leg_spin', NULL, 1, NULL, 'leg_before_wicket'),
(16, 43, 4, 61, 184.85, 0, 0, 0, 33, 3, 5, 18, 7, 5, 0, 13, 19, 3, 3, 1, 8, 3, 1, 7, 6, 2, 15, 99, 'off_spin', NULL, 1, 'defensive', 'bowled'),
(17, 99, 6, 28, 121.74, 0, 0, 0, 23, 0, 2, 9, 10, 4, 0, 10, 10, 2, 2, 0, 2, 3, 3, 5, 3, NULL, NULL, NULL, NULL, NULL, 0, NULL, 'retired_out'),
(17, 100, 8, 2, 200, 1, 0, 0, 1, 0, 0, 1, 0, 0, 0, 1, 0, 0, 0, 0, 0, 0, 0, 0, 1, NULL, NULL, NULL, NULL, NULL, 0, NULL, NULL),
(17, 101, 1, 13, 118.18, 0, 0, 0, 11, 1, 1, 2, 8, 0, 1, 2, 6, 0, 1, 1, 1, 0, 0, 4, 1, 1, 6, 233, 'normal', NULL, 1, 'attacking', 'bowled'),
(17, 102, 4, 4, 100, 0, 0, 0, 4, 1, 0, 0, 2, 2, 0, 1, 2, 0, 1, 0, 1, 1, 0, 0, 0, 5, 10, 225, 'off_spin', NULL, 1, 'defensive', 'bowled'),
(17, 106, 3, 13, 108.33, 0, 0, 0, 12, 2, 0, 5, 4, 2, 1, 4, 6, 0, 0, 0, 3, 3, 1, 0, 3, 3, 9, 223, 'full_toss', NULL, 1, 'semi_attacking', 'leg_before_wicket'),
(17, 107, 11, 0, 0, 0, 0, 0, 0, 0, 0, 0, 0, 0, 0, 0, 0, 0, 0, 0, 0, 0, 0, 0, 0, NULL, NULL, NULL, NULL, NULL, 0, NULL, NULL),
(17, 108, 5, 59, 163.89, 1, 0, 0, 36, 1, 6, 16, 11, 9, 0, 13, 16, 1, 1, 2, 5, 6, 6, 3, 5, NULL, NULL, NULL, NULL, NULL, 0, NULL, NULL),
(17, 112, 10, 0, 0, 0, 0, 0, 0, 0, 0, 0, 0, 0, 0, 0, 0, 0, 0, 0, 0, 0, 0, 0, 0, NULL, NULL, NULL, NULL, NULL, 0, NULL, NULL),
(17, 115, 2, 29, 100, 0, 0, 0, 29, 4, 0, 10, 11, 8, 0, 7, 19, 1, 0, 3, 8, 1, 2, 7, 4, 1, 10, 225, 'off_spin', 223, 1, 'attacking', 'caught'),
(17, 116, 7, 8, 200, 0, 0, 0, 4, 0, 1, 2, 2, 0, 0, 3, 1, 2, 0, 0, 0, 0, 0, 1, 1, 5, 20, 223, NULL, 225, 1, 'attacking', 'caught'),
(17, 119, 9, 0, 0, 0, 0, 0, 0, 0, 0, 0, 0, 0, 0, 0, 0, 0, 0, 0, 0, 0, 0, 0, 0, NULL, NULL, NULL, NULL, NULL, 0, NULL, NULL),
(18, 220, 8, 38, 223.53, 1, 0, 0, 17, 2, 4, 11, 4, 2, 0, 6, 8, 0, 1, 1, 5, 0, 2, 2, 3, NULL, NULL, NULL, NULL, NULL, 0, NULL, NULL),
(18, 222, 2, 39, 121.88, 0, 0, 0, 32, 2, 1, 11, 17, 3, 0, 15, 12, 4, 0, 2, 4, 3, 3, 3, 8, 3, 16, 107, 'googly', 116, 1, 'attacking', 'caught'),
(18, 223, 4, 8, 57.14, 0, 0, 0, 14, 2, 0, 6, 3, 4, 1, 3, 5, 0, 1, 0, 1, 4, 0, 0, 2, 3, 4, 112, NULL, 99, 1, 'attacking', 'caught'),
(18, 224, 1, 0, 0, 0, 1, 0, 1, 0, 0, 0, 0, 0, 0, 0, 0, 0, 0, 0, 0, 0, 0, 0, 0, 1, 1, 100, 'angled_in', NULL, 1, NULL, 'bowled'),
(18, 225, 3, 0, 0, 0, 1, 0, 1, 0, 0, 0, 0, 0, 0, 0, 0, 0, 0, 0, 0, 0, 0, 0, 0, 2, 1, 100, 'in_swinger', NULL, 1, NULL, 'leg_before_wicket'),
(18, 228, 7, 22, 146.67, 0, 0, 0, 15, 2, 0, 4, 7, 4, 0, 6, 7, 2, 0, 1, 0, 2, 1, 4, 3, 5, 16, 107, 'leg_spin', NULL, 1, 'defensive', 'bowled'),
(18, 229, 5, 25, 104.17, 0, 0, 0, 24, 3, 0, 7, 12, 5, 0, 9, 12, 1, 0, 1, 4, 1, 5, 6, 3, 1, 10, 119, 'normal', NULL, 1, 'defensive', 'bowled'),
(18, 231, 9, 13, 185.71, 0, 0, 0, 7, 2, 0, 3, 4, 0, 0, 2, 4, 1, 0, 1, 2, 0, 0, 1, 1, 5, 18, 107, 'leg_spin', NULL, 1, 'semi_attacking', 'leg_before_wicket'),
(18, 233, 10, 7, 350, 1, 0, 0, 2, 0, 1, 2, 0, 0, 0, 1, 1, 0, 0, 0, 1, 0, 1, 0, 0, NULL, NULL, NULL, NULL, NULL, 0, NULL, NULL),
(18, 235, 11, 0, 0, 0, 0, 0, 0, 0, 0, 0, 0, 0, 0, 0, 0, 0, 0, 0, 0, 0, 0, 0, 0, NULL, NULL, NULL, NULL, NULL, 0, NULL, NULL),
(18, 236, 6, 5, 71.43, 0, 0, 0, 7, 0, 0, 2, 5, 0, 0, 2, 5, 0, 0, 1, 1, 2, 1, 1, 1, 6, 12, 107, 'leg_spin', 116, 1, 'attacking', 'caught'),
(19, 197, 5, 20, 133.33, 1, 0, 0, 15, 2, 0, 7, 5, 3, 0, 3, 11, 0, 0, 4, 3, 0, 2, 4, 1, NULL, NULL, NULL, NULL, NULL, 0, NULL, NULL),
(19, 198, 9, 0, 0, 0, 0, 0, 0, 0, 0, 0, 0, 0, 0, 0, 0, 0, 0, 0, 0, 0, 0, 0, 0, NULL, NULL, NULL, NULL, NULL, 0, NULL, NULL),
(19, 199, 6, 14, 175, 0, 0, 0, 8, 1, 1, 5, 2, 1, 0, 4, 3, 2, 1, 1, 2, 0, 0, 0, 1, 2, 20, 172, 'leg_cutter', 174, 1, 'attacking', 'caught'),
(19, 200, 3, 13, 65, 0, 0, 0, 20, 1, 0, 5, 7, 4, 1, 5, 10, 2, 0, 2, 4, 2, 1, 2, 2, 1, 7, 179, 'chinaman', NULL, 1, 'defensive', 'bowled'),
(19, 201, 11, 0, 0, 0, 0, 0, 0, 0, 0, 0, 0, 0, 0, 0, 0, 0, 0, 0, 0, 0, 0, 0, 0, NULL, NULL, NULL, NULL, NULL, 0, NULL, NULL),
(19, 202, 10, 0, 0, 0, 0, 0, 0, 0, 0, 0, 0, 0, 0, 0, 0, 0, 0, 0, 0, 0, 0, 0, 0, NULL, NULL, NULL, NULL, NULL, 0, NULL, NULL),
(19, 204, 4, 31, 114.81, 0, 0, 0, 27, 4, 0, 13, 6, 8, 0, 13, 12, 4, 0, 2, 6, 1, 5, 3, 4, 6, 14, 184, 'normal', 186, 1, 'attacking', 'caught'),
(19, 206, 1, 1, 50, 0, 0, 0, 2, 0, 0, 1, 1, 0, 0, 1, 0, 0, 0, 0, 0, 0, 0, 0, 1, 3, 1, 172, 'out_swinger', 185, 1, 'attacking', 'caught'),
(19, 208, 8, 0, 0, 1, 0, 0, 1, 0, 0, 0, 0, 1, 0, 0, 0, 0, 0, 0, 0, 0, 0, 0, 0, NULL, NULL, NULL, NULL, NULL, 0, NULL, NULL),
(19, 210, 2, 84, 182.61, 0, 0, 0, 46, 6, 4, 32, 12, 0, 0, 25, 19, 5, 2, 0, 7, 5, 8, 7, 10, 1, 18, 184, 'off_cutter', 178, 1, 'attacking', 'caught'),
(19, 217, 7, 1, 50, 0, 0, 0, 2, 0, 0, 2, 0, 0, 0, 0, 2, 0, 0, 0, 1, 0, 0, 1, 0, 5, 20, 172, 'off_cutter', 178, 1, 'attacking', 'caught'),
(20, 172, 11, 3, 60, 1, 0, 0, 5, 0, 0, 3, 2, 0, 0, 2, 3, 0, 1, 0, 2, 1, 1, 0, 0, NULL, NULL, NULL, NULL, NULL, 0, NULL, NULL),
(20, 173, 3, 18, 112.5, 0, 0, 0, 16, 4, 0, 6, 3, 5, 0, 5, 10, 1, 0, 2, 3, 4, 0, 1, 4, 5, 5, 202, 'normal', 206, 1, 'semi_attacking', 'caught'),
(20, 174, 8, 2, 40, 0, 0, 0, 5, 0, 0, 2, 1, 0, 0, 1, 2, 0, 1, 1, 1, 0, 0, 0, 0, 6, 16, 208, 'googly', NULL, 1, NULL, 'leg_before_wicket'),
(20, 178, 7, 8, 200, 0, 0, 0, 4, 2, 0, 3, 0, 1, 0, 3, 1, 0, 1, 0, 1, 0, 1, 0, 1, 5, 15, 202, 'off_cutter', 206, 1, 'attacking', 'caught'),
(20, 179, 9, 14, 100, 1, 0, 0, 14, 0, 1, 10, 1, 2, 1, 8, 3, 5, 1, 0, 1, 1, 2, 1, 0, NULL, NULL, NULL, NULL, NULL, 0, NULL, NULL),
(20, 180, 2, 3, 60, 0, 0, 0, 5, 0, 0, 4, 0, 0, 0, 3, 1, 0, 0, 0, 0, 0, 1, 1, 2, 1, 2, 204, 'normal', 217, 1, 'attacking', 'caught'),
(20, 184, 10, 0, 0, 0, 1, 0, 1, 0, 0, 0, 1, 0, 0, 0, 1, 0, 0, 1, 0, 0, 0, 0, 0, 3, 18, 201, 'normal', 206, 1, 'semi_attacking', 'caught'),
(20, 185, 4, 43, 148.28, 0, 0, 0, 29, 7, 0, 19, 8, 2, 0, 14, 12, 3, 2, 5, 1, 6, 2, 0, 7, 1, 15, 202, 'normal', 217, 1, 'attacking', 'caught'),
(20, 186, 6, 20, 166.67, 0, 0, 0, 12, 2, 1, 3, 5, 2, 0, 5, 4, 2, 0, 1, 1, 2, 2, 0, 1, 2, 18, 201, 'off_cutter', NULL, 1, NULL, 'leg_before_wicket'),
(20, 188, 1, 10, 142.86, 0, 0, 0, 7, 1, 0, 3, 3, 1, 0, 3, 4, 2, 0, 1, 0, 3, 0, 0, 1, 1, 5, 202, 'normal', 200, 1, 'attacking', 'caught'),
(20, 193, 5, 25, 113.64, 0, 0, 0, 22, 2, 1, 13, 3, 3, 0, 12, 7, 2, 0, 0, 3, 2, 3, 2, 7, 4, 12, 200, 'normal', 217, 0, 'semi_attacking', 'run_out'),
(21, 123, 5, 26, 92.86, 1, 0, 0, 28, 0, 1, 6, 16, 5, 0, 15, 10, 1, 2, 0, 3, 5, 8, 2, 4, NULL, NULL, NULL, NULL, NULL, 0, NULL, NULL),
(21, 124, 7, 50, 131.58, 1, 0, 0, 38, 7, 1, 14, 9, 10, 2, 13, 14, 4, 0, 1, 6, 5, 6, 2, 3, NULL, NULL, NULL, NULL, NULL, 0, NULL, NULL),
(21, 127, 4, 15, 88.24, 0, 0, 0, 17, 1, 1, 5, 3, 6, 0, 8, 7, 1, 2, 0, 3, 4, 5, 0, 0, 4, 9, 49, 'leg_spin', 60, 0, 'semi_attacking', 'run_out'),
(21, 128, 3, 28, 133.33, 0, 0, 0, 21, 2, 2, 11, 7, 3, 0, 10, 10, 1, 4, 1, 2, 5, 4, 2, 1, 6, 8, 66, 'leg_spin', NULL, 1, 'defensive', 'stumped'),
(21, 129, 2, 3, 37.5, 0, 0, 0, 8, 0, 0, 4, 2, 2, 0, 3, 4, 1, 0, 0, 0, 4, 1, 0, 1, 1, 5, 62, 'normal', 60, 1, 'attacking', 'caught'),
(21, 131, 10, 0, 0, 0, 0, 0, 0, 0, 0, 0, 0, 0, 0, 0, 0, 0, 0, 0, 0, 0, 0, 0, 0, NULL, NULL, NULL, NULL, NULL, 0, NULL, NULL),
(21, 132, 8, 0, 0, 0, 0, 0, 0, 0, 0, 0, 0, 0, 0, 0, 0, 0, 0, 0, 0, 0, 0, 0, 0, NULL, NULL, NULL, NULL, NULL, 0, NULL, NULL),
(21, 133, 9, 0, 0, 0, 0, 0, 0, 0, 0, 0, 0, 0, 0, 0, 0, 0, 0, 0, 0, 0, 0, 0, 0, NULL, NULL, NULL, NULL, NULL, 0, NULL, NULL),
(21, 134, 6, 3, 50, 0, 0, 0, 6, 0, 0, 2, 3, 1, 0, 3, 3, 0, 0, 2, 0, 1, 1, 0, 2, 5, 11, 53, 'normal', 49, 1, 'attacking', 'caught'),
(21, 138, 1, 0, 0, 0, 1, 0, 4, 0, 0, 1, 0, 1, 0, 0, 1, 0, 0, 1, 0, 0, 0, 0, 0, 3, 1, 62, 'out_swinger', 58, 1, 'attacking', 'caught'),
(21, 142, 11, 0, 0, 0, 0, 0, 0, 0, 0, 0, 0, 0, 0, 0, 0, 0, 0, 0, 0, 0, 0, 0, 0, NULL, NULL, NULL, NULL, NULL, 0, NULL, NULL),
(22, 49, 8, 0, 0, 0, 0, 0, 0, 0, 0, 0, 0, 0, 0, 0, 0, 0, 0, 0, 0, 0, 0, 0, 0, NULL, NULL, NULL, NULL, NULL, 0, NULL, NULL),
(22, 51, 6, 3, 100, 1, 0, 0, 3, 0, 0, 3, 0, 0, 0, 2, 1, 0, 1, 0, 0, 0, 1, 1, 0, NULL, NULL, NULL, NULL, NULL, 0, NULL, NULL),
(22, 53, 7, 0, 0, 0, 0, 0, 0, 0, 0, 0, 0, 0, 0, 0, 0, 0, 0, 0, 0, 0, 0, 0, 0, NULL, NULL, NULL, NULL, NULL, 0, NULL, NULL),
(22, 54, 1, 44, 129.41, 0, 0, 0, 34, 6, 1, 14, 14, 4, 0, 12, 17, 4, 2, 4, 3, 5, 2, 5, 4, 4, 12, 132, 'left_arm_orthodox', 123, 1, 'semi_attacking', 'caught'),
(22, 55, 5, 25, 113.64, 0, 0, 0, 22, 1, 1, 16, 5, 0, 0, 12, 10, 5, 1, 2, 2, 4, 4, 2, 2, 3, 18, 133, 'off_cutter', 142, 1, 'attacking', 'caught'),
(22, 56, 2, 16, 100, 0, 0, 0, 16, 2, 0, 9, 5, 1, 0, 6, 10, 1, 1, 1, 6, 1, 2, 2, 2, 2, 7, 133, 'normal', 124, 1, 'attacking', 'caught'),
(22, 58, 3, 21, 123.53, 0, 0, 0, 17, 2, 1, 10, 1, 3, 2, 2, 11, 0, 1, 2, 3, 6, 0, 0, 1, 6, 10, 133, 'normal', 127, 1, 'attacking', 'caught'),
(22, 60, 4, 20, 105.26, 1, 0, 0, 19, 1, 0, 6, 12, 0, 0, 7, 12, 3, 0, 2, 2, 3, 2, 5, 2, NULL, NULL, NULL, NULL, NULL, 0, NULL, NULL),
(22, 62, 9, 0, 0, 0, 0, 0, 0, 0, 0, 0, 0, 0, 0, 0, 0, 0, 0, 0, 0, 0, 0, 0, 0, NULL, NULL, NULL, NULL, NULL, 0, NULL, NULL),
(22, 66, 11, 0, 0, 0, 0, 0, 0, 0, 0, 0, 0, 0, 0, 0, 0, 0, 0, 0, 0, 0, 0, 0, 0, NULL, NULL, NULL, NULL, NULL, 0, NULL, NULL),
(22, 68, 10, 0, 0, 0, 0, 0, 0, 0, 0, 0, 0, 0, 0, 0, 0, 0, 0, 0, 0, 0, 0, 0, 0, NULL, NULL, NULL, NULL, NULL, 0, NULL, NULL),
(23, 123, 6, 23, 153.33, 0, 0, 0, 15, 2, 1, 8, 5, 1, 0, 9, 4, 1, 1, 0, 2, 0, 4, 2, 3, 3, 20, 2, 'full_toss', 1, 1, 'attacking', 'caught'),
(23, 124, 7, 3, 50, 0, 0, 0, 6, 0, 0, 1, 3, 2, 0, 1, 3, 0, 1, 1, 0, 2, 0, 0, 0, 3, 18, 11, 'off_cutter', 22, 1, 'attacking', 'caught'),
(23, 125, 9, 6, 200, 1, 0, 0, 3, 0, 0, 2, 1, 0, 0, 1, 2, 0, 0, 0, 0, 0, 0, 2, 1, NULL, NULL, NULL, NULL, NULL, 0, NULL, NULL),
(23, 127, 4, 27, 100, 0, 0, 0, 27, 4, 0, 16, 4, 6, 0, 6, 17, 1, 1, 1, 4, 10, 0, 2, 4, 3, 14, 12, 'off_spin', 9, 1, 'attacking', 'caught'),
(23, 128, 1, 15, 136.36, 0, 0, 0, 11, 1, 0, 8, 0, 3, 0, 4, 7, 1, 0, 1, 1, 4, 3, 1, 0, 1, 4, 12, 'off_spin', 9, 1, 'attacking', 'caught'),
(23, 133, 8, 8, 160, 1, 0, 0, 5, 1, 0, 2, 3, 0, 0, 4, 1, 1, 0, 0, 0, 0, 1, 1, 2, NULL, NULL, NULL, NULL, NULL, 0, NULL, NULL),
(23, 134, 5, 3, 60, 0, 0, 0, 5, 0, 0, 2, 3, 0, 0, 3, 2, 0, 0, 1, 1, 0, 1, 0, 2, 3, 16, 14, 'normal', 22, 1, 'attacking', 'caught'),
(23, 135, 3, 48, 137.14, 0, 0, 0, 35, 3, 2, 19, 12, 3, 1, 18, 15, 6, 1, 2, 4, 5, 3, 4, 8, 5, 15, 9, 'off_spin', 4, 1, 'attacking', 'caught'),
(23, 138, 2, 16, 123.08, 0, 0, 0, 13, 3, 0, 5, 3, 5, 0, 4, 8, 0, 0, 0, 2, 3, 0, 3, 4, 1, 6, 14, 'in_swinger', NULL, 1, 'defensive', 'bowled'),
(23, 141, 11, 0, 0, 0, 0, 0, 0, 0, 0, 0, 0, 0, 0, 0, 0, 0, 0, 0, 0, 0, 0, 0, 0, NULL, NULL, NULL, NULL, NULL, 0, NULL, NULL),
(23, 146, 10, 0, 0, 0, 0, 0, 0, 0, 0, 0, 0, 0, 0, 0, 0, 0, 0, 0, 0, 0, 0, 0, 0, NULL, NULL, NULL, NULL, NULL, 0, NULL, NULL),
(24, 1, 2, 32, 80, 0, 0, 0, 40, 2, 1, 14, 13, 11, 1, 12, 26, 2, 1, 2, 12, 6, 7, 6, 2, 1, 13, 141, 'normal', 135, 1, 'attacking', 'caught'),
(24, 2, 9, 0, 0, 0, 0, 0, 0, 0, 0, 0, 0, 0, 0, 0, 0, 0, 0, 0, 0, 0, 0, 0, 0, NULL, NULL, NULL, NULL, NULL, 0, NULL, NULL),
(24, 4, 3, 39, 260, 1, 0, 0, 15, 5, 2, 8, 5, 1, 0, 6, 7, 2, 2, 1, 3, 1, 0, 2, 2, NULL, NULL, NULL, NULL, NULL, 0, NULL, NULL),
(24, 5, 6, 0, 0, 0, 0, 0, 0, 0, 0, 0, 0, 0, 0, 0, 0, 0, 0, 0, 0, 0, 0, 0, 0, NULL, NULL, NULL, NULL, NULL, 0, NULL, NULL),
(24, 9, 5, 0, 0, 0, 0, 0, 0, 0, 0, 0, 0, 0, 0, 0, 0, 0, 0, 0, 0, 0, 0, 0, 0, NULL, NULL, NULL, NULL, NULL, 0, NULL, NULL),
(24, 10, 4, 5, 250, 1, 0, 0, 2, 1, 0, 0, 2, 0, 0, 0, 2, 0, 0, 2, 0, 0, 0, 0, 0, NULL, NULL, NULL, NULL, NULL, 0, NULL, NULL),
(24, 11, 8, 0, 0, 0, 0, 0, 0, 0, 0, 0, 0, 0, 0, 0, 0, 0, 0, 0, 0, 0, 0, 0, 0, NULL, NULL, NULL, NULL, NULL, 0, NULL, NULL),
(24, 12, 7, 0, 0, 0, 0, 0, 0, 0, 0, 0, 0, 0, 0, 0, 0, 0, 0, 0, 0, 0, 0, 0, 0, NULL, NULL, NULL, NULL, NULL, 0, NULL, NULL),
(24, 14, 10, 0, 0, 0, 0, 0, 0, 0, 0, 0, 0, 0, 0, 0, 0, 0, 0, 0, 0, 0, 0, 0, 0, NULL, NULL, NULL, NULL, NULL, 0, NULL, NULL),
(24, 15, 1, 75, 150, 0, 0, 0, 50, 5, 3, 24, 20, 4, 0, 24, 25, 4, 0, 3, 11, 8, 11, 3, 9, 1, 18, 133, 'off_cutter', 125, 1, 'attacking', 'caught'),
(24, 22, 11, 0, 0, 0, 0, 0, 0, 0, 0, 0, 0, 0, 0, 0, 0, 0, 0, 0, 0, 0, 0, 0, 0, NULL, NULL, NULL, NULL, NULL, 0, NULL, NULL),
(25, 123, 6, 17, 188.89, 0, 0, 0, 9, 3, 0, 7, 1, 1, 0, 4, 4, 0, 0, 0, 2, 1, 2, 1, 2, 2, 20, 227, 'full_toss', 218, 1, 'attacking', 'caught'),
(25, 124, 7, 16, 266.67, 1, 0, 0, 6, 2, 1, 4, 0, 2, 0, 0, 4, 0, 0, 1, 2, 1, 0, 0, 0, NULL, NULL, NULL, NULL, NULL, 0, NULL, NULL),
(25, 126, 8, 0, 0, 0, 1, 0, 1, 0, 0, 0, 1, 0, 0, 0, 0, 0, 0, 0, 0, 0, 0, 0, 0, 3, 20, 227, 'angled_in', NULL, 1, 'semi_attacking', 'leg_before_wicket'),
(25, 127, 5, 27, 135, 0, 0, 0, 20, 2, 2, 9, 7, 3, 1, 9, 5, 2, 0, 2, 2, 1, 5, 0, 2, 2, 17, 235, 'slider', NULL, 1, 'defensive', 'bowled'),
(25, 128, 1, 50, 185.19, 0, 0, 0, 27, 8, 1, 6, 14, 4, 3, 13, 10, 5, 1, 2, 3, 3, 1, 2, 6, 3, 8, 235, 'googly', NULL, 1, 'semi_attacking', 'leg_before_wicket'),
(25, 133, 9, 1, 100, 1, 0, 0, 1, 0, 0, 0, 1, 0, 0, 1, 0, 0, 0, 0, 0, 0, 0, 0, 1, NULL, NULL, NULL, NULL, NULL, 0, NULL, NULL),
(25, 134, 4, 49, 163.33, 0, 0, 0, 30, 5, 2, 20, 7, 2, 0, 12, 17, 3, 2, 2, 8, 2, 5, 5, 2, 2, 19, 233, 'normal', 226, 1, 'attacking', 'caught'),
(25, 135, 3, 35, 159.09, 0, 0, 0, 22, 4, 2, 8, 11, 3, 0, 12, 7, 3, 1, 1, 3, 1, 5, 2, 3, 1, 11, 233, 'normal', NULL, 1, 'defensive', 'bowled'),
(25, 138, 2, 1, 25, 0, 0, 0, 4, 0, 0, 1, 2, 0, 0, 1, 1, 0, 0, 0, 0, 1, 0, 0, 1, 3, 3, 227, 'in_swinger', 235, 1, 'semi_attacking', 'run_out'),
(25, 141, 10, 0, 0, 0, 0, 0, 0, 0, 0, 0, 0, 0, 0, 0, 0, 0, 0, 0, 0, 0, 0, 0, 0, NULL, NULL, NULL, NULL, NULL, 0, NULL, NULL),
(25, 142, 11, 0, 0, 0, 0, 0, 0, 0, 0, 0, 0, 0, 0, 0, 0, 0, 0, 0, 0, 0, 0, 0, 0, NULL, NULL, NULL, NULL, NULL, 0, NULL, NULL),
(26, 218, 3, 5, 83.33, 0, 0, 0, 6, 0, 0, 4, 2, 0, 0, 2, 4, 1, 0, 0, 1, 1, 1, 2, 0, 2, 12, 142, 'normal', 133, 1, 'semi_attacking', 'caught'),
(26, 222, 2, 61, 135.56, 0, 0, 0, 45, 9, 0, 24, 18, 2, 1, 17, 22, 6, 2, 1, 12, 5, 2, 4, 7, 4, 15, 126, 'normal', 124, 1, 'attacking', 'caught'),
(26, 224, 1, 40, 153.85, 0, 0, 0, 26, 2, 3, 13, 10, 2, 1, 13, 10, 1, 1, 1, 3, 2, 9, 4, 2, 2, 11, 126, NULL, 127, 1, 'attacking', 'caught'),
(26, 226, 4, 55, 239.13, 1, 0, 0, 23, 6, 3, 16, 6, 1, 0, 5, 15, 2, 0, 2, 3, 5, 2, 5, 1, NULL, NULL, NULL, NULL, NULL, 0, NULL, NULL),
(26, 227, 8, 0, 0, 0, 0, 0, 0, 0, 0, 0, 0, 0, 0, 0, 0, 0, 0, 0, 0, 0, 0, 0, 0, NULL, NULL, NULL, NULL, NULL, 0, NULL, NULL),
(26, 228, 7, 0, 0, 0, 0, 0, 0, 0, 0, 0, 0, 0, 0, 0, 0, 0, 0, 0, 0, 0, 0, 0, 0, NULL, NULL, NULL, NULL, NULL, 0, NULL, NULL),
(26, 229, 5, 13, 162.5, 0, 0, 0, 8, 1, 1, 4, 3, 1, 0, 2, 4, 0, 0, 0, 1, 2, 1, 1, 1, 2, 18, 133, 'full_toss', 123, 1, 'attacking', 'caught'),
(26, 231, 11, 0, 0, 0, 0, 0, 0, 0, 0, 0, 0, 0, 0, 0, 0, 0, 0, 0, 0, 0, 0, 0, 0, NULL, NULL, NULL, NULL, NULL, 0, NULL, NULL),
(26, 233, 9, 0, 0, 0, 0, 0, 0, 0, 0, 0, 0, 0, 0, 0, 0, 0, 0, 0, 0, 0, 0, 0, 0, NULL, NULL, NULL, NULL, NULL, 0, NULL, NULL),
(26, 235, 10, 0, 0, 0, 0, 0, 0, 0, 0, 0, 0, 0, 0, 0, 0, 0, 0, 0, 0, 0, 0, 0, 0, NULL, NULL, NULL, NULL, NULL, 0, NULL, NULL),
(26, 236, 6, 19, 211.11, 1, 0, 0, 9, 0, 2, 7, 2, 0, 0, 5, 4, 2, 0, 1, 2, 1, 1, 0, 2, NULL, NULL, NULL, NULL, NULL, 0, NULL, NULL),
(27, 172, 11, 0, 0, 0, 0, 0, 0, 0, 0, 0, 0, 0, 0, 0, 0, 0, 0, 0, 0, 0, 0, 0, 0, NULL, NULL, NULL, NULL, NULL, 0, NULL, NULL),
(27, 174, 8, 0, 0, 0, 0, 0, 0, 0, 0, 0, 0, 0, 0, 0, 0, 0, 0, 0, 0, 0, 0, 0, 0, NULL, NULL, NULL, NULL, NULL, 0, NULL, NULL),
(27, 175, 10, 0, 0, 0, 0, 0, 0, 0, 0, 0, 0, 0, 0, 0, 0, 0, 0, 0, 0, 0, 0, 0, 0, NULL, NULL, NULL, NULL, NULL, 0, NULL, NULL),
(27, 178, 7, 0, 0, 0, 0, 0, 0, 0, 0, 0, 0, 0, 0, 0, 0, 0, 0, 0, 0, 0, 0, 0, 0, NULL, NULL, NULL, NULL, NULL, 0, NULL, NULL),
(27, 179, 9, 0, 0, 0, 0, 0, 0, 0, 0, 0, 0, 0, 0, 0, 0, 0, 0, 0, 0, 0, 0, 0, 0, NULL, NULL, NULL, NULL, NULL, 0, NULL, NULL),
(27, 181, 5, 36, 128.57, 1, 0, 0, 28, 3, 0, 13, 11, 2, 0, 16, 9, 3, 1, 1, 2, 4, 3, 2, 9, NULL, NULL, NULL, NULL, NULL, 0, NULL, NULL),
(27, 183, 2, 4, 33.33, 0, 0, 0, 12, 0, 0, 5, 3, 4, 0, 7, 5, 2, 0, 0, 3, 1, 2, 1, 3, 3, 9, 235, 'leg_spin', 236, 1, 'attacking', 'caught'),
(27, 185, 4, 39, 108.33, 1, 0, 0, 36, 3, 2, 17, 8, 8, 0, 9, 19, 2, 0, 4, 8, 4, 3, 3, 4, NULL, NULL, NULL, NULL, NULL, 0, NULL, NULL),
(27, 186, 3, 3, 30, 0, 0, 0, 10, 0, 0, 1, 2, 2, 0, 3, 2, 0, 0, 0, 1, 1, 0, 0, 3, 3, 11, 235, 'googly', NULL, 1, 'defensive', 'bowled'),
(27, 188, 1, 61, 179.41, 0, 0, 0, 34, 9, 2, 23, 7, 2, 0, 9, 21, 1, 0, 3, 8, 7, 2, 3, 6, 3, 8, 225, 'arm_ball', 222, 1, 'attacking', 'caught'),
(27, 193, 6, 0, 0, 0, 0, 0, 0, 0, 0, 0, 0, 0, 0, 0, 0, 0, 0, 0, 0, 0, 0, 0, 0, NULL, NULL, NULL, NULL, NULL, 0, NULL, NULL),
(28, 222, 2, 80, 153.85, 0, 0, 0, 52, 9, 2, 32, 13, 2, 0, 16, 33, 3, 2, 3, 14, 8, 6, 8, 5, 6, 16, 179, 'chinaman', 181, 1, 'attacking', 'caught'),
(28, 223, 7, 0, 0, 0, 0, 0, 0, 0, 0, 0, 0, 0, 0, 0, 0, 0, 0, 0, 0, 0, 0, 0, 0, NULL, NULL, NULL, NULL, NULL, 0, NULL, NULL),
(28, 224, 1, 24, 96, 0, 0, 0, 25, 1, 1, 13, 9, 3, 0, 9, 15, 2, 1, 0, 7, 3, 2, 5, 4, 4, 10, 179, 'googly', 188, 1, 'attacking', 'caught'),
(28, 225, 8, 0, 0, 0, 0, 0, 0, 0, 0, 0, 0, 0, 0, 0, 0, 0, 0, 0, 0, 0, 0, 0, 0, NULL, NULL, NULL, NULL, NULL, 0, NULL, NULL),
(28, 226, 3, 5, 38.46, 0, 0, 0, 13, 0, 0, 6, 3, 2, 0, 5, 7, 1, 0, 1, 2, 1, 4, 3, 0, 3, 13, 193, 'off_spin', 179, 1, 'attacking', 'caught'),
(28, 227, 9, 0, 0, 0, 0, 0, 0, 0, 0, 0, 0, 0, 0, 0, 0, 0, 0, 0, 0, 0, 0, 0, 0, NULL, NULL, NULL, NULL, NULL, 0, NULL, NULL),
(28, 228, 5, 19, 135.71, 1, 0, 0, 14, 0, 1, 6, 6, 2, 0, 7, 5, 1, 0, 0, 2, 0, 4, 3, 2, NULL, NULL, NULL, NULL, NULL, 0, NULL, NULL),
(28, 229, 4, 11, 84.62, 0, 0, 0, 13, 0, 0, 7, 3, 1, 0, 4, 7, 0, 2, 1, 4, 2, 2, 0, 0, 1, 20, 174, NULL, 178, 1, 'attacking', 'caught'),
(28, 233, 11, 0, 0, 0, 0, 0, 0, 0, 0, 0, 0, 0, 0, 0, 0, 0, 0, 0, 0, 0, 0, 0, 0, NULL, NULL, NULL, NULL, NULL, 0, NULL, NULL),
(28, 235, 10, 0, 0, 0, 0, 0, 0, 0, 0, 0, 0, 0, 0, 0, 0, 0, 0, 0, 0, 0, 0, 0, 0, NULL, NULL, NULL, NULL, NULL, 0, NULL, NULL),
(28, 236, 6, 10, 333.33, 1, 0, 0, 3, 1, 1, 2, 0, 0, 1, 0, 2, 0, 0, 0, 0, 0, 0, 2, 0, NULL, NULL, NULL, NULL, NULL, 0, NULL, NULL),
(29, 49, 5, 12, 150, 0, 0, 0, 8, 1, 1, 5, 0, 2, 1, 1, 5, 0, 0, 1, 2, 1, 1, 1, 0, 5, 9, 160, 'googly', 169, 1, 'attacking', 'caught'),
(29, 50, 9, 1, 20, 0, 0, 0, 5, 0, 0, 1, 1, 3, 0, 2, 2, 0, 0, 0, 1, 0, 1, 1, 1, 3, 15, 160, 'leg_spin', 156, 1, 'attacking', 'caught'),
(29, 51, 7, 0, 0, 0, 1, 0, 1, 0, 0, 0, 1, 0, 0, 0, 0, 0, 0, 0, 0, 0, 0, 0, 0, 6, 9, 160, 'googly', NULL, 1, 'semi_attacking', 'bowled'),
(29, 53, 8, 25, 138.89, 0, 0, 0, 18, 1, 3, 8, 2, 6, 2, 6, 8, 1, 1, 2, 5, 0, 1, 1, 3, 5, 14, 155, 'off_cutter', 150, 1, 'attacking', 'caught'),
(29, 54, 1, 9, 90, 0, 0, 0, 10, 1, 0, 3, 4, 3, 0, 3, 4, 1, 0, 1, 0, 3, 0, 0, 2, 6, 5, 161, NULL, 167, 1, 'attacking', 'caught'),
(29, 55, 6, 14, 93.33, 0, 0, 0, 15, 0, 1, 4, 6, 5, 0, 6, 7, 2, 0, 1, 3, 1, 1, 2, 3, 4, 12, 155, 'normal', 148, 1, 'attacking', 'caught'),
(29, 56, 2, 10, 71.43, 0, 0, 0, 14, 1, 0, 1, 9, 3, 1, 5, 5, 2, 0, 1, 2, 2, 0, 0, 3, 1, 4, 169, NULL, 169, 1, 'semi_attacking', 'caught_bowled'),
(29, 58, 4, 10, 200, 0, 0, 0, 5, 1, 1, 2, 1, 1, 0, 2, 2, 1, 0, 0, 0, 1, 0, 1, 1, 5, 6, 169, NULL, 152, 1, 'attacking', 'caught'),
(29, 60, 3, 13, 130, 0, 0, 0, 10, 2, 0, 5, 3, 2, 0, 4, 6, 1, 1, 0, 4, 0, 1, 2, 1, 4, 7, 160, 'leg_spin', 156, 1, 'attacking', 'caught'),
(29, 62, 10, 18, 150, 0, 0, 0, 12, 2, 1, 4, 4, 4, 0, 7, 1, 0, 2, 0, 0, 1, 4, 0, 1, 5, 19, 169, 'yorker', NULL, 1, 'defensive', 'bowled'),
(29, 66, 11, 10, 62.5, 1, 0, 0, 16, 2, 0, 3, 6, 5, 2, 3, 9, 0, 0, 2, 4, 3, 1, 0, 2, NULL, NULL, NULL, NULL, NULL, 0, NULL, NULL),
(30, 148, 3, 12, 171.43, 0, 0, 0, 7, 2, 0, 1, 5, 1, 0, 3, 4, 1, 0, 1, 3, 0, 0, 0, 2, 1, 3, 62, 'normal', 51, 1, 'semi_attacking', 'caught'),
(30, 150, 7, 14, 200, 1, 0, 0, 7, 1, 1, 2, 4, 1, 0, 5, 2, 1, 0, 0, 0, 2, 1, 0, 3, NULL, NULL, NULL, NULL, NULL, 0, NULL, NULL),
(30, 152, 4, 18, 64.29, 0, 0, 0, 28, 3, 0, 8, 6, 13, 1, 9, 15, 1, 0, 0, 9, 6, 2, 0, 6, 6, 11, 49, 'carrom_ball', 58, 1, 'semi_attacking', 'caught'),
(30, 155, 9, 10, 166.67, 1, 0, 0, 6, 2, 0, 3, 1, 2, 0, 2, 2, 0, 1, 0, 2, 0, 0, 0, 1, NULL, NULL, NULL, NULL, NULL, 0, NULL, NULL),
(30, 156, 1, 5, 125, 0, 0, 0, 4, 1, 0, 3, 1, 0, 0, 1, 3, 0, 1, 0, 0, 1, 0, 2, 0, 6, 2, 50, 'normal', 54, 1, 'semi_attacking', 'caught'),
(30, 160, 8, 4, 133.33, 0, 0, 0, 3, 1, 0, 2, 1, 0, 0, 1, 2, 0, 0, 0, 0, 1, 0, 1, 1, 5, 18, 50, 'normal', 53, 1, 'attacking', 'caught'),
(30, 161, 10, 0, 0, 0, 0, 0, 0, 0, 0, 0, 0, 0, 0, 0, 0, 0, 0, 0, 0, 0, 0, 0, 0, NULL, NULL, NULL, NULL, NULL, 0, NULL, NULL),
(30, 163, 2, 0, 0, 0, 1, 0, 2, 0, 0, 0, 2, 0, 0, 0, 1, 0, 0, 1, 0, 0, 0, 0, 0, 3, 1, 62, 'normal', 51, 1, 'semi_attacking', 'caught'),
(30, 164, 5, 28, 70, 0, 0, 0, 40, 1, 1, 12, 8, 14, 5, 14, 14, 0, 1, 0, 9, 4, 4, 1, 9, 2, 18, 50, 'normal', 51, 1, 'attacking', 'caught'),
(30, 167, 6, 27, 135, 0, 0, 0, 20, 0, 3, 10, 2, 5, 2, 8, 6, 2, 1, 0, 1, 5, 2, 0, 3, 6, 16, 66, 'off_spin', NULL, 1, 'defensive', 'stumped'),
(30, 169, 11, 0, 0, 0, 0, 0, 0, 0, 0, 0, 0, 0, 0, 0, 0, 0, 0, 0, 0, 0, 0, 0, 0, NULL, NULL, NULL, NULL, NULL, 0, NULL, NULL),
(31, 148, 3, 41, 141.38, 1, 0, 0, 29, 1, 2, 12, 15, 1, 0, 14, 11, 2, 0, 1, 4, 0, 3, 6, 9, NULL, NULL, NULL, NULL, NULL, 0, NULL, NULL),
(31, 150, 4, 32, 228.57, 1, 0, 0, 14, 3, 3, 8, 3, 3, 0, 7, 3, 1, 2, 1, 1, 0, 2, 1, 2, NULL, NULL, NULL, NULL, NULL, 0, NULL, NULL),
(31, 152, 6, 0, 0, 0, 0, 0, 0, 0, 0, 0, 0, 0, 0, 0, 0, 0, 0, 0, 0, 0, 0, 0, 0, NULL, NULL, NULL, NULL, NULL, 0, NULL, NULL),
(31, 155, 9, 0, 0, 0, 0, 0, 0, 0, 0, 0, 0, 0, 0, 0, 0, 0, 0, 0, 0, 0, 0, 0, 0, NULL, NULL, NULL, NULL, NULL, 0, NULL, NULL),
(31, 156, 1, 88, 154.39, 0, 0, 0, 57, 3, 7, 26, 24, 7, 0, 20, 29, 2, 2, 1, 9, 6, 5, 13, 11, 1, 18, 92, 'angled_in', 86, 1, 'attacking', 'caught'),
(31, 160, 7, 0, 0, 0, 0, 0, 0, 0, 0, 0, 0, 0, 0, 0, 0, 0, 0, 0, 0, 0, 0, 0, 0, NULL, NULL, NULL, NULL, NULL, 0, NULL, NULL),
(31, 161, 10, 0, 0, 0, 0, 0, 0, 0, 0, 0, 0, 0, 0, 0, 0, 0, 0, 0, 0, 0, 0, 0, 0, NULL, NULL, NULL, NULL, NULL, 0, NULL, NULL),
(31, 163, 2, 21, 105, 0, 0, 0, 20, 2, 1, 7, 10, 3, 0, 7, 10, 0, 0, 0, 8, 1, 1, 1, 6, 6, 7, 88, 'leg_spin', NULL, 1, 'defensive', 'bowled'),
(31, 164, 5, 0, 0, 0, 0, 0, 0, 0, 0, 0, 0, 0, 0, 0, 0, 0, 0, 0, 0, 0, 0, 0, 0, NULL, NULL, NULL, NULL, NULL, 0, NULL, NULL),
(31, 167, 8, 0, 0, 0, 0, 0, 0, 0, 0, 0, 0, 0, 0, 0, 0, 0, 0, 0, 0, 0, 0, 0, 0, NULL, NULL, NULL, NULL, NULL, 0, NULL, NULL),
(31, 169, 11, 0, 0, 0, 0, 0, 0, 0, 0, 0, 0, 0, 0, 0, 0, 0, 0, 0, 0, 0, 0, 0, 0, NULL, NULL, NULL, NULL, NULL, 0, NULL, NULL),
(32, 75, 2, 43, 148.28, 0, 0, 0, 29, 5, 1, 14, 9, 3, 2, 16, 10, 7, 3, 1, 6, 2, 1, 1, 5, 2, 12, 155, 'off_cutter', 163, 1, 'attacking', 'caught'),
(32, 78, 3, 43, 195.45, 0, 0, 0, 22, 2, 4, 9, 6, 7, 0, 11, 6, 3, 0, 1, 1, 3, 1, 1, 7, 1, 14, 161, 'normal', 167, 1, 'attacking', 'caught'),
(32, 80, 1, 32, 133.33, 0, 0, 0, 24, 2, 2, 13, 8, 3, 0, 10, 12, 1, 1, 0, 3, 6, 2, 3, 6, 1, 8, 160, 'leg_spin', 167, 1, 'attacking', 'caught'),
(32, 81, 4, 19, 190, 0, 0, 0, 10, 0, 2, 6, 2, 2, 0, 3, 6, 0, 0, 0, 4, 0, 2, 2, 1, 5, 15, 169, 'normal', 163, 1, 'attacking', 'caught'),
(32, 82, 10, 0, 0, 0, 0, 0, 0, 0, 0, 0, 0, 0, 0, 0, 0, 0, 0, 0, 0, 0, 0, 0, 0, NULL, NULL, NULL, NULL, NULL, 0, NULL, NULL),
(32, 86, 6, 24, 120, 1, 0, 0, 20, 1, 2, 10, 6, 4, 0, 4, 12, 0, 0, 0, 4, 2, 3, 6, 1, NULL, NULL, NULL, NULL, NULL, 0, NULL, NULL),
(32, 88, 11, 0, 0, 0, 0, 0, 0, 0, 0, 0, 0, 0, 0, 0, 0, 0, 0, 0, 0, 0, 0, 0, 0, NULL, NULL, NULL, NULL, NULL, 0, NULL, NULL),
(32, 91, 7, 25, 312.5, 1, 0, 0, 8, 1, 3, 6, 2, 0, 0, 1, 7, 0, 1, 0, 5, 0, 0, 2, 0, NULL, NULL, NULL, NULL, NULL, 0, NULL, NULL),
(32, 92, 8, 0, 0, 0, 0, 0, 0, 0, 0, 0, 0, 0, 0, 0, 0, 0, 0, 0, 0, 0, 0, 0, 0, NULL, NULL, NULL, NULL, NULL, 0, NULL, NULL),
(32, 96, 9, 0, 0, 0, 0, 0, 0, 0, 0, 0, 0, 0, 0, 0, 0, 0, 0, 0, 0, 0, 0, 0, 0, NULL, NULL, NULL, NULL, NULL, 0, NULL, NULL),
(32, 98, 5, 0, 0, 0, 1, 0, 1, 0, 0, 0, 1, 0, 0, 0, 0, 0, 0, 0, 0, 0, 0, 0, 0, 2, 14, 161, 'full_toss', NULL, 1, 'semi_attacking', 'leg_before_wicket'),
(33, 75, 2, 33, 137.5, 0, 0, 0, 24, 4, 1, 14, 6, 2, 2, 9, 12, 5, 1, 0, 8, 3, 2, 1, 1, 6, 10, 133, 'off_cutter', 123, 1, 'attacking', 'caught'),
(33, 78, 3, 9, 180, 0, 0, 0, 5, 0, 1, 1, 4, 0, 0, 3, 2, 0, 1, 2, 0, 0, 0, 0, 2, 2, 2, 125, 'angled_in', 125, 1, 'semi_attacking', 'run_out'),
(33, 80, 1, 4, 200, 0, 0, 0, 2, 1, 0, 1, 1, 0, 0, 1, 1, 0, 1, 0, 1, 0, 0, 0, 0, 2, 1, 141, 'angled_away', 128, 1, 'attacking', 'caught'),
(33, 81, 4, 60, 187.5, 0, 0, 0, 32, 5, 5, 22, 6, 3, 1, 10, 19, 2, 3, 4, 11, 1, 2, 3, 3, 4, 11, 123, 'left_arm_orthodox', 127, 1, 'attacking', 'caught'),
(33, 84, 8, 12, 100, 1, 0, 0, 12, 1, 0, 7, 1, 4, 0, 4, 4, 0, 0, 1, 1, 0, 1, 2, 3, NULL, NULL, NULL, NULL, NULL, 0, NULL, NULL),
(33, 86, 6, 6, 54.55, 0, 0, 0, 11, 0, 0, 5, 5, 1, 0, 6, 5, 2, 0, 0, 0, 1, 1, 4, 3, 4, 16, 125, 'full_toss', 126, 1, 'semi_attacking', 'caught'),
(33, 87, 5, 26, 152.94, 0, 0, 0, 17, 0, 3, 11, 5, 1, 0, 6, 11, 0, 2, 1, 2, 1, 2, 7, 2, 5, 15, 126, 'normal', 128, 1, 'attacking', 'caught'),
(33, 88, 9, 12, 150, 0, 0, 0, 8, 1, 1, 3, 2, 3, 0, 1, 4, 0, 0, 0, 3, 0, 1, 1, 0, 6, 19, 126, 'normal', 133, 1, 'attacking', 'caught'),
(33, 90, 10, 1, 50, 1, 0, 0, 2, 0, 0, 1, 0, 1, 0, 0, 1, 0, 0, 0, 0, 0, 0, 1, 0, NULL, NULL, NULL, NULL, NULL, 0, NULL, NULL),
(33, 91, 7, 3, 42.86, 0, 0, 0, 7, 0, 0, 4, 2, 1, 0, 2, 4, 0, 0, 0, 2, 0, 2, 2, 0, 1, 18, 125, 'normal', 133, 1, 'attacking', 'caught'),
(33, 92, 11, 0, 0, 0, 0, 0, 0, 0, 0, 0, 0, 0, 0, 0, 0, 0, 0, 0, 0, 0, 0, 0, 0, NULL, NULL, NULL, NULL, NULL, 0, NULL, NULL),
(34, 123, 5, 0, 0, 0, 1, 0, 3, 0, 0, 1, 0, 2, 0, 0, 2, 0, 0, 0, 1, 1, 0, 0, 0, 3, 6, 92, 'seamed_in', NULL, 1, 'defensive', 'bowled'),
(34, 124, 7, 23, 82.14, 0, 0, 0, 28, 1, 1, 15, 8, 3, 1, 11, 14, 3, 1, 1, 7, 2, 4, 4, 3, 1, 18, 88, 'leg_spin', 87, 1, 'attacking', 'caught'),
(34, 125, 10, 5, 100, 0, 0, 0, 5, 0, 0, 3, 2, 0, 0, 4, 0, 1, 2, 0, 0, 0, 1, 0, 0, 6, 18, 88, 'leg_spin', 81, 1, 'attacking', 'caught'),
(34, 126, 9, 8, 200, 0, 0, 0, 4, 0, 1, 3, 1, 0, 0, 3, 1, 0, 0, 0, 1, 0, 0, 0, 3, 5, 16, 88, 'leg_spin', 92, 1, 'attacking', 'caught'),
(34, 127, 4, 13, 61.9, 0, 0, 0, 21, 2, 0, 3, 9, 5, 3, 3, 13, 0, 1, 3, 4, 4, 0, 2, 2, 3, 8, 91, 'seamed_in', 87, 1, 'attacking', 'caught'),
(34, 128, 1, 13, 130, 0, 0, 0, 10, 2, 0, 2, 6, 2, 0, 6, 2, 1, 0, 1, 1, 0, 2, 0, 3, 2, 3, 90, 'out_swinger', 80, 1, 'semi_attacking', 'caught'),
(34, 133, 8, 0, 0, 0, 1, 0, 1, 0, 0, 0, 1, 0, 0, 0, 1, 0, 0, 0, 0, 0, 0, 1, 0, 6, 15, 81, 'leg_spin', 81, 1, 'semi_attacking', 'caught_bowled'),
(34, 134, 6, 57, 190, 0, 0, 0, 30, 6, 3, 16, 8, 5, 0, 15, 10, 4, 2, 1, 4, 2, 3, 3, 6, 5, 15, 81, 'googly', 92, 1, 'attacking', 'caught'),
(34, 135, 3, 0, 0, 0, 1, 0, 2, 0, 0, 1, 0, 0, 1, 0, 0, 0, 0, 0, 0, 0, 0, 0, 0, 4, 5, 90, 'out_swinger', NULL, 1, 'attacking', 'bowled'),
(34, 138, 2, 1, 25, 0, 0, 0, 4, 0, 0, 1, 2, 1, 0, 1, 3, 0, 0, 2, 1, 0, 1, 0, 0, 6, 2, 84, 'out_swinger', 75, 1, 'semi_attacking', 'caught'),
(34, 141, 11, 2, 100, 1, 0, 0, 2, 0, 0, 0, 2, 0, 0, 1, 1, 0, 0, 0, 1, 0, 1, 0, 0, NULL, NULL, NULL, NULL, NULL, 0, NULL, NULL),
(35, 99, 7, 0, 0, 0, 0, 0, 0, 0, 0, 0, 0, 0, 0, 0, 0, 0, 0, 0, 0, 0, 0, 0, 0, NULL, NULL, NULL, NULL, NULL, 0, NULL, NULL);
INSERT INTO `inning_batsmans` (`scorcardInningId`, `playerId`, `battingOrder`, `runs`, `strikeRate`, `isNotOut`, `isDuck`, `isRetiredHurt`, `ballFaced`, `fours`, `sixes`, `attackIngShot`, `semiAttackingShot`, `defendingShot`, `leaves`, `onSideShot`, `offSideShot`, `squreLegShot`, `fineLegShot`, `thirdManShot`, `coverShot`, `pointsShot`, `midOnShot`, `midOffShot`, `midWicketShot`, `dismissalOverBallNumber`, `dismissalOverNumber`, `dismissalBallerId`, `dismissalDiliveryType`, `dismissalFieldeManId`, `dismissalIsOnStrike`, `dismissalShotType`, `dismissalType`) VALUES
(35, 100, 9, 0, 0, 0, 0, 0, 0, 0, 0, 0, 0, 0, 0, 0, 0, 0, 0, 0, 0, 0, 0, 0, 0, NULL, NULL, NULL, NULL, NULL, 0, NULL, NULL),
(35, 101, 1, 70, 148.94, 1, 0, 0, 47, 0, 6, 19, 17, 10, 0, 22, 17, 4, 1, 2, 5, 2, 3, 8, 14, NULL, NULL, NULL, NULL, NULL, 0, NULL, NULL),
(35, 106, 4, 8, 100, 0, 0, 0, 8, 0, 1, 3, 3, 1, 1, 6, 0, 1, 0, 0, 0, 0, 4, 0, 1, 4, 12, 160, 'leg_spin', 160, 1, 'defensive', 'caught_bowled'),
(35, 107, 10, 0, 0, 0, 0, 0, 0, 0, 0, 0, 0, 0, 0, 0, 0, 0, 0, 0, 0, 0, 0, 0, 0, NULL, NULL, NULL, NULL, NULL, 0, NULL, NULL),
(35, 108, 5, 42, 135.48, 1, 0, 0, 31, 4, 2, 19, 6, 5, 1, 11, 17, 1, 0, 0, 12, 2, 3, 3, 7, NULL, NULL, NULL, NULL, NULL, 0, NULL, NULL),
(35, 109, 8, 0, 0, 0, 0, 0, 0, 0, 0, 0, 0, 0, 0, 0, 0, 0, 0, 0, 0, 0, 0, 0, 0, NULL, NULL, NULL, NULL, NULL, 0, NULL, NULL),
(35, 112, 11, 0, 0, 0, 0, 0, 0, 0, 0, 0, 0, 0, 0, 0, 0, 0, 0, 0, 0, 0, 0, 0, 0, NULL, NULL, NULL, NULL, NULL, 0, NULL, NULL),
(35, 115, 3, 37, 127.59, 0, 0, 0, 29, 2, 2, 6, 13, 9, 1, 13, 8, 4, 0, 1, 4, 1, 3, 2, 6, 6, 10, 155, 'off_cutter', 148, 1, 'attacking', 'caught'),
(35, 116, 6, 0, 0, 0, 0, 0, 0, 0, 0, 0, 0, 0, 0, 0, 0, 0, 0, 0, 0, 0, 0, 0, 0, NULL, NULL, NULL, NULL, NULL, 0, NULL, NULL),
(35, 117, 2, 4, 66.67, 0, 0, 0, 6, 0, 0, 2, 2, 2, 0, 1, 2, 0, 1, 1, 0, 1, 0, 0, 0, 5, 2, 152, 'in_swinger', NULL, 1, 'semi_attacking', 'bowled'),
(36, 148, 3, 5, 83.33, 0, 0, 0, 6, 0, 0, 0, 4, 1, 0, 4, 1, 1, 0, 1, 0, 0, 1, 0, 2, 4, 9, 107, 'leg_spin', 106, 0, 'semi_attacking', 'run_out'),
(36, 150, 7, 44, 191.3, 1, 0, 0, 23, 7, 1, 14, 4, 4, 0, 11, 9, 3, 1, 0, 7, 1, 1, 1, 6, NULL, NULL, NULL, NULL, NULL, 0, NULL, NULL),
(36, 152, 4, 0, 0, 0, 1, 0, 2, 0, 0, 0, 1, 1, 0, 1, 0, 1, 0, 0, 0, 0, 0, 0, 0, 5, 9, 107, 'leg_spin', NULL, 1, 'defensive', 'bowled'),
(36, 155, 8, 9, 225, 1, 0, 0, 4, 0, 1, 1, 3, 0, 0, 3, 1, 0, 0, 0, 1, 0, 1, 0, 2, NULL, NULL, NULL, NULL, NULL, 0, NULL, NULL),
(36, 156, 1, 29, 145, 0, 0, 0, 20, 5, 0, 12, 4, 3, 1, 6, 12, 2, 0, 0, 8, 2, 3, 2, 1, 6, 7, 107, 'leg_spin', 100, 1, 'attacking', 'caught'),
(36, 160, 9, 0, 0, 0, 0, 0, 0, 0, 0, 0, 0, 0, 0, 0, 0, 0, 0, 0, 0, 0, 0, 0, 0, NULL, NULL, NULL, NULL, NULL, 0, NULL, NULL),
(36, 161, 10, 0, 0, 0, 0, 0, 0, 0, 0, 0, 0, 0, 0, 0, 0, 0, 0, 0, 0, 0, 0, 0, 0, NULL, NULL, NULL, NULL, NULL, 0, NULL, NULL),
(36, 163, 2, 26, 104, 0, 0, 0, 25, 4, 0, 5, 14, 6, 0, 11, 11, 1, 2, 2, 3, 2, 4, 4, 4, 6, 8, 109, 'normal', 106, 1, 'semi_attacking', 'caught'),
(36, 164, 5, 5, 50, 0, 0, 0, 10, 0, 0, 4, 6, 0, 0, 6, 3, 0, 0, 1, 1, 1, 0, 0, 6, 3, 13, 100, NULL, 109, 1, 'attacking', 'caught'),
(36, 167, 6, 45, 173.08, 0, 0, 0, 26, 4, 3, 14, 7, 5, 0, 18, 5, 2, 2, 0, 3, 2, 9, 0, 5, 5, 18, 100, 'normal', NULL, 1, 'attacking', 'bowled'),
(36, 169, 11, 0, 0, 0, 0, 0, 0, 0, 0, 0, 0, 0, 0, 0, 0, 0, 0, 0, 0, 0, 0, 0, 0, NULL, NULL, NULL, NULL, NULL, 0, NULL, NULL),
(37, 218, 4, 11, 110, 0, 0, 0, 10, 1, 1, 6, 3, 1, 0, 6, 2, 1, 0, 0, 1, 1, 1, 0, 4, 5, 5, 20, 'normal', 2, 1, 'attacking', 'caught'),
(37, 222, 2, 1, 25, 0, 0, 0, 4, 0, 0, 2, 2, 0, 0, 2, 2, 1, 0, 0, 1, 0, 1, 1, 0, 4, 2, 12, 'off_spin', 1, 1, 'attacking', 'caught'),
(37, 223, 8, 8, 266.67, 1, 0, 0, 3, 0, 1, 1, 2, 0, 0, 2, 1, 0, 0, 0, 0, 0, 1, 1, 1, NULL, NULL, NULL, NULL, NULL, 0, NULL, NULL),
(37, 224, 1, 68, 136, 0, 0, 0, 50, 6, 1, 23, 24, 2, 0, 24, 22, 1, 0, 3, 9, 5, 9, 5, 14, 1, 19, 14, 'normal', NULL, 1, 'attacking', 'leg_before_wicket'),
(37, 226, 3, 1, 20, 0, 0, 0, 5, 0, 0, 3, 1, 1, 0, 1, 0, 0, 0, 0, 0, 0, 0, 0, 1, 1, 4, 12, 'off_spin', NULL, 1, 'attacking', 'leg_before_wicket'),
(37, 227, 11, 0, 0, 0, 0, 0, 0, 0, 0, 0, 0, 0, 0, 0, 0, 0, 0, 0, 0, 0, 0, 0, 0, NULL, NULL, NULL, NULL, NULL, 0, NULL, NULL),
(37, 228, 7, 6, 200, 0, 0, 0, 3, 1, 0, 1, 1, 1, 0, 2, 0, 2, 0, 0, 0, 0, 0, 0, 0, 4, 19, 14, 'yorker', NULL, 1, 'defensive', 'bowled'),
(37, 229, 5, 51, 154.55, 0, 0, 0, 33, 3, 3, 22, 11, 0, 0, 16, 14, 2, 0, 1, 7, 6, 9, 0, 5, 1, 16, 20, 'normal', 4, 1, 'attacking', 'caught'),
(37, 233, 9, 0, 0, 0, 0, 0, 0, 0, 0, 0, 0, 0, 0, 0, 0, 0, 0, 0, 0, 0, 0, 0, 0, NULL, NULL, NULL, NULL, NULL, 0, NULL, NULL),
(37, 235, 10, 0, 0, 0, 0, 0, 0, 0, 0, 0, 0, 0, 0, 0, 0, 0, 0, 0, 0, 0, 0, 0, 0, NULL, NULL, NULL, NULL, NULL, 0, NULL, NULL),
(37, 236, 6, 19, 158.33, 0, 0, 0, 12, 3, 0, 7, 3, 1, 0, 7, 4, 3, 1, 1, 2, 1, 2, 0, 1, 6, 20, 20, NULL, 10, 1, NULL, 'run_out'),
(38, 1, 2, 16, 100, 0, 0, 0, 16, 1, 1, 5, 6, 5, 0, 9, 6, 1, 2, 1, 3, 2, 4, 0, 2, 3, 4, 233, 'normal', 227, 1, 'attacking', 'caught'),
(38, 2, 9, 1, 50, 0, 0, 0, 2, 0, 0, 1, 1, 0, 0, 0, 2, 0, 0, 1, 0, 1, 0, 0, 0, 4, 20, 223, 'normal', 222, 1, 'attacking', 'caught'),
(38, 4, 3, 44, 146.67, 0, 0, 0, 30, 5, 1, 17, 10, 3, 0, 11, 17, 4, 2, 3, 7, 5, 2, 2, 3, 1, 14, 228, 'left_arm_orthodox', 235, 1, 'attacking', 'caught'),
(38, 9, 4, 12, 85.71, 0, 0, 0, 14, 0, 0, 10, 3, 0, 0, 3, 10, 0, 1, 0, 6, 2, 1, 2, 1, 1, 11, 228, 'left_arm_orthodox', 224, 1, 'attacking', 'caught'),
(38, 10, 5, 34, 141.67, 0, 0, 0, 24, 3, 2, 13, 4, 7, 0, 8, 10, 1, 0, 0, 2, 1, 2, 7, 5, 3, 18, 233, 'full_toss', 229, 1, 'attacking', 'caught'),
(38, 12, 6, 18, 128.57, 0, 0, 0, 14, 1, 0, 5, 8, 1, 0, 7, 6, 0, 0, 0, 5, 1, 3, 0, 4, 1, 20, 223, 'normal', 224, 1, 'attacking', 'caught'),
(38, 14, 11, 0, 0, 0, 0, 0, 0, 0, 0, 0, 0, 0, 0, 0, 0, 0, 0, 0, 0, 0, 0, 0, 0, NULL, NULL, NULL, NULL, NULL, 0, NULL, NULL),
(38, 15, 1, 13, 118.18, 0, 0, 0, 11, 2, 0, 5, 5, 1, 0, 4, 7, 0, 1, 0, 3, 2, 0, 2, 3, 1, 6, 233, 'off_cutter', 218, 1, 'attacking', 'caught'),
(38, 18, 7, 0, 0, 0, 1, 0, 1, 0, 0, 1, 0, 0, 0, 0, 1, 0, 0, 1, 0, 0, 0, 0, 0, 4, 18, 233, 'normal', 222, 1, 'attacking', 'caught'),
(38, 20, 8, 8, 100, 0, 0, 0, 8, 0, 1, 4, 1, 3, 0, 2, 4, 0, 0, 0, 3, 1, 1, 0, 1, 6, 20, 223, 'normal', 236, 1, 'semi_attacking', 'caught'),
(38, 22, 10, 1, 100, 1, 0, 0, 1, 0, 0, 1, 0, 0, 0, 0, 1, 0, 0, 0, 0, 1, 0, 0, 0, NULL, NULL, NULL, NULL, NULL, 0, NULL, NULL),
(39, 24, 5, 3, 50, 0, 0, 0, 6, 0, 0, 3, 1, 1, 1, 4, 1, 0, 0, 0, 0, 0, 0, 1, 4, 5, 16, 179, 'chinaman', 180, 1, 'attacking', 'caught'),
(39, 25, 1, 41, 128.12, 0, 0, 0, 32, 4, 2, 15, 12, 4, 0, 13, 16, 1, 4, 5, 5, 2, 3, 4, 5, 2, 9, 179, 'chinaman', 186, 1, 'attacking', 'caught'),
(39, 27, 10, 0, 0, 0, 0, 0, 0, 0, 0, 0, 0, 0, 0, 0, 0, 0, 0, 0, 0, 0, 0, 0, 0, NULL, NULL, NULL, NULL, NULL, 0, NULL, NULL),
(39, 28, 8, 0, 0, 0, 0, 0, 0, 0, 0, 0, 0, 0, 0, 0, 0, 0, 0, 0, 0, 0, 0, 0, 0, NULL, NULL, NULL, NULL, NULL, 0, NULL, NULL),
(39, 29, 9, 0, 0, 0, 0, 0, 0, 0, 0, 0, 0, 0, 0, 0, 0, 0, 0, 0, 0, 0, 0, 0, 0, NULL, NULL, NULL, NULL, NULL, 0, NULL, NULL),
(39, 32, 2, 81, 168.75, 1, 0, 0, 48, 11, 2, 26, 14, 8, 0, 25, 21, 5, 0, 2, 9, 3, 8, 7, 12, NULL, NULL, NULL, NULL, NULL, 0, NULL, NULL),
(39, 33, 11, 0, 0, 0, 0, 0, 0, 0, 0, 0, 0, 0, 0, 0, 0, 0, 0, 0, 0, 0, 0, 0, 0, NULL, NULL, NULL, NULL, NULL, 0, NULL, NULL),
(39, 38, 3, 8, 88.89, 0, 0, 0, 9, 0, 0, 5, 3, 1, 0, 3, 5, 1, 0, 0, 2, 1, 0, 2, 2, 4, 11, 179, 'chinaman', 193, 1, 'attacking', 'caught'),
(39, 39, 7, 7, 350, 1, 0, 0, 2, 0, 1, 2, 0, 0, 0, 0, 2, 0, 0, 1, 0, 0, 0, 1, 0, NULL, NULL, NULL, NULL, NULL, 0, NULL, NULL),
(39, 41, 6, 12, 150, 0, 0, 0, 8, 0, 1, 3, 4, 1, 0, 5, 2, 2, 0, 0, 1, 1, 2, 0, 1, 6, 19, 184, 'normal', 173, 1, 'attacking', 'caught'),
(39, 43, 4, 22, 146.67, 0, 0, 0, 15, 3, 0, 9, 5, 1, 0, 10, 4, 3, 1, 1, 0, 1, 3, 2, 3, 2, 15, 184, NULL, 188, 1, 'attacking', 'caught'),
(40, 173, 3, 0, 0, 0, 1, 0, 2, 0, 0, 2, 0, 0, 0, 1, 1, 0, 0, 0, 1, 0, 1, 0, 0, 5, 4, 28, 'full_toss', 43, 1, 'attacking', 'caught'),
(40, 174, 7, 22, 200, 0, 0, 0, 11, 4, 0, 7, 4, 0, 0, 6, 5, 1, 0, 1, 3, 0, 0, 1, 5, 2, 14, 33, 'normal', 25, 1, 'attacking', 'caught'),
(40, 178, 8, 38, 223.53, 1, 0, 0, 17, 2, 3, 8, 8, 0, 0, 14, 2, 2, 1, 0, 1, 1, 4, 0, 7, NULL, NULL, NULL, NULL, NULL, 0, NULL, NULL),
(40, 179, 10, 0, 0, 0, 0, 0, 0, 0, 0, 0, 0, 0, 0, 0, 0, 0, 0, 0, 0, 0, 0, 0, 0, NULL, NULL, NULL, NULL, NULL, 0, NULL, NULL),
(40, 180, 2, 21, 150, 0, 0, 0, 14, 4, 0, 7, 5, 2, 0, 7, 5, 1, 2, 0, 1, 0, 3, 4, 1, 3, 4, 28, 'googly', NULL, 1, 'attacking', 'bowled'),
(40, 184, 11, 0, 0, 0, 0, 0, 0, 0, 0, 0, 0, 0, 0, 0, 0, 0, 0, 0, 0, 0, 0, 0, 0, NULL, NULL, NULL, NULL, NULL, 0, NULL, NULL),
(40, 185, 4, 1, 50, 0, 0, 0, 2, 0, 0, 1, 1, 0, 0, 1, 1, 0, 0, 1, 0, 0, 0, 0, 1, 1, 5, 27, NULL, 41, 1, 'attacking', 'caught'),
(40, 186, 6, 0, 0, 0, 1, 0, 2, 0, 0, 1, 0, 0, 1, 1, 0, 1, 0, 0, 0, 0, 0, 0, 0, 4, 10, 33, NULL, 39, 1, 'attacking', 'caught'),
(40, 187, 9, 0, 0, 0, 0, 0, 0, 0, 0, 0, 0, 0, 0, 0, 0, 0, 0, 0, 0, 0, 0, 0, 0, NULL, NULL, NULL, NULL, NULL, 0, NULL, NULL),
(40, 188, 1, 38, 158.33, 0, 0, 0, 24, 4, 2, 10, 9, 5, 0, 12, 10, 3, 2, 1, 1, 6, 3, 2, 4, 2, 10, 33, 'normal', 32, 1, 'attacking', 'caught'),
(40, 193, 5, 48, 126.32, 1, 0, 0, 38, 4, 2, 20, 12, 5, 1, 12, 23, 4, 1, 4, 7, 5, 5, 7, 2, NULL, NULL, NULL, NULL, NULL, 0, NULL, NULL),
(41, 172, 10, 0, 0, 0, 0, 0, 0, 0, 0, 0, 0, 0, 0, 0, 0, 0, 0, 0, 0, 0, 0, 0, 0, NULL, NULL, NULL, NULL, NULL, 0, NULL, NULL),
(41, 174, 7, 29, 263.64, 1, 0, 0, 11, 1, 3, 5, 5, 0, 1, 6, 4, 0, 0, 0, 2, 1, 2, 1, 4, NULL, NULL, NULL, NULL, NULL, 0, NULL, NULL),
(41, 178, 6, 22, 157.14, 1, 0, 0, 14, 2, 1, 8, 2, 4, 0, 8, 4, 2, 1, 0, 2, 1, 3, 1, 2, NULL, NULL, NULL, NULL, NULL, 0, NULL, NULL),
(41, 179, 9, 0, 0, 0, 0, 0, 0, 0, 0, 0, 0, 0, 0, 0, 0, 0, 0, 0, 0, 0, 0, 0, 0, NULL, NULL, NULL, NULL, NULL, 0, NULL, NULL),
(41, 181, 8, 0, 0, 0, 0, 0, 0, 0, 0, 0, 0, 0, 0, 0, 0, 0, 0, 0, 0, 0, 0, 0, 0, NULL, NULL, NULL, NULL, NULL, 0, NULL, NULL),
(41, 183, 2, 61, 135.56, 0, 0, 0, 45, 6, 2, 31, 11, 2, 0, 20, 20, 3, 0, 3, 9, 5, 6, 3, 11, 4, 17, 62, 'normal', 54, 1, 'attacking', 'caught'),
(41, 184, 11, 0, 0, 0, 0, 0, 0, 0, 0, 0, 0, 0, 0, 0, 0, 0, 0, 0, 0, 0, 0, 0, 0, NULL, NULL, NULL, NULL, NULL, 0, NULL, NULL),
(41, 185, 3, 27, 192.86, 0, 0, 0, 14, 2, 2, 11, 2, 0, 0, 5, 7, 1, 1, 0, 1, 5, 1, 1, 2, 5, 13, 53, 'bouncer', 62, 1, 'attacking', 'caught'),
(41, 186, 5, 8, 133.33, 0, 0, 0, 6, 0, 1, 3, 1, 2, 0, 2, 3, 0, 0, 0, 2, 1, 0, 0, 2, 1, 16, 49, 'off_spin', 61, 1, 'attacking', 'caught'),
(41, 188, 1, 51, 175.86, 0, 0, 0, 29, 7, 2, 14, 10, 5, 0, 19, 8, 2, 4, 1, 3, 1, 2, 3, 11, 4, 9, 66, 'googly', NULL, 1, 'defensive', 'bowled'),
(41, 193, 4, 1, 25, 0, 0, 0, 4, 0, 0, 2, 1, 1, 0, 1, 1, 0, 0, 0, 0, 1, 0, 0, 1, 5, 14, 49, 'off_spin', NULL, 1, 'attacking', 'leg_before_wicket'),
(42, 49, 8, 4, 200, 0, 0, 0, 2, 1, 0, 2, 0, 0, 0, 0, 2, 0, 0, 0, 1, 1, 0, 0, 0, 5, 16, 179, 'chinaman', 186, 1, 'attacking', 'caught'),
(42, 53, 5, 24, 114.29, 0, 0, 0, 21, 3, 0, 15, 3, 2, 1, 11, 9, 2, 1, 1, 4, 1, 3, 3, 5, 2, 20, 174, NULL, 181, 1, 'attacking', 'caught'),
(42, 54, 1, 8, 57.14, 0, 0, 0, 14, 1, 0, 3, 7, 4, 0, 6, 5, 0, 1, 1, 3, 0, 4, 1, 1, 4, 5, 184, 'off_cutter', 174, 1, 'attacking', 'caught'),
(42, 55, 6, 15, 166.67, 0, 0, 0, 9, 1, 1, 8, 1, 0, 0, 3, 5, 2, 1, 1, 1, 2, 0, 1, 0, 4, 15, 184, 'normal', 193, 1, 'attacking', 'caught'),
(42, 56, 2, 18, 225, 0, 0, 0, 8, 1, 2, 4, 2, 2, 0, 5, 2, 4, 0, 2, 0, 0, 1, 0, 0, 3, 3, 184, 'normal', 178, 1, 'attacking', 'caught'),
(42, 58, 4, 30, 150, 0, 0, 0, 20, 0, 3, 14, 5, 0, 1, 13, 4, 2, 0, 0, 3, 1, 1, 0, 10, 4, 12, 193, 'full_toss', 188, 1, 'attacking', 'caught'),
(42, 60, 3, 54, 163.64, 0, 0, 0, 33, 5, 2, 18, 10, 3, 0, 15, 13, 1, 1, 1, 7, 3, 7, 2, 6, 5, 13, 179, 'googly', NULL, 1, 'defensive', 'stumped'),
(42, 62, 9, 0, 0, 0, 1, 0, 1, 0, 0, 1, 0, 0, 0, 1, 0, 0, 0, 0, 0, 0, 0, 0, 1, 6, 16, 179, 'chinaman', 179, 1, 'attacking', 'caught_bowled'),
(42, 63, 7, 4, 133.33, 0, 0, 0, 3, 1, 0, 2, 1, 0, 0, 1, 1, 0, 0, 0, 0, 0, 0, 1, 1, 3, 16, 179, 'chinaman', NULL, 1, 'attacking', 'leg_before_wicket'),
(42, 66, 11, 1, 100, 1, 0, 0, 1, 0, 0, 1, 0, 0, 0, 0, 1, 0, 0, 0, 0, 1, 0, 0, 0, NULL, NULL, NULL, NULL, NULL, 0, NULL, NULL),
(42, 71, 10, 7, 116.67, 0, 0, 0, 6, 1, 0, 3, 2, 1, 0, 2, 2, 0, 0, 0, 0, 2, 1, 0, 1, 4, 20, 174, 'normal', 186, 1, 'attacking', 'caught'),
(43, 123, 5, 0, 0, 0, 1, 0, 1, 0, 0, 1, 0, 0, 0, 1, 0, 0, 0, 0, 0, 0, 0, 0, 1, 6, 19, 160, 'googly', 163, 1, 'attacking', 'caught'),
(43, 124, 6, 0, 0, 1, 0, 0, 0, 0, 0, 0, 0, 0, 0, 0, 0, 0, 0, 0, 0, 0, 0, 0, 0, NULL, NULL, NULL, NULL, NULL, 0, NULL, NULL),
(43, 125, 9, 0, 0, 0, 0, 0, 0, 0, 0, 0, 0, 0, 0, 0, 0, 0, 0, 0, 0, 0, 0, 0, 0, NULL, NULL, NULL, NULL, NULL, 0, NULL, NULL),
(43, 127, 7, 0, 0, 0, 0, 0, 0, 0, 0, 0, 0, 0, 0, 0, 0, 0, 0, 0, 0, 0, 0, 0, 0, NULL, NULL, NULL, NULL, NULL, 0, NULL, NULL),
(43, 128, 2, 88, 176, 0, 0, 0, 50, 4, 9, 25, 12, 11, 0, 23, 18, 1, 2, 4, 7, 4, 11, 3, 9, 5, 19, 160, 'googly', 148, 1, 'attacking', 'caught'),
(43, 133, 8, 0, 0, 0, 0, 0, 0, 0, 0, 0, 0, 0, 0, 0, 0, 0, 0, 0, 0, 0, 0, 0, 0, NULL, NULL, NULL, NULL, NULL, 0, NULL, NULL),
(43, 134, 4, 95, 206.52, 1, 0, 0, 46, 5, 8, 27, 13, 6, 0, 25, 16, 5, 1, 2, 4, 6, 8, 4, 11, NULL, NULL, NULL, NULL, NULL, 0, NULL, NULL),
(43, 135, 3, 3, 37.5, 0, 0, 0, 8, 0, 0, 4, 0, 4, 0, 1, 7, 0, 0, 1, 2, 2, 1, 2, 0, 4, 7, 153, 'off_spin', 168, 1, 'attacking', 'run_out'),
(43, 138, 1, 17, 106.25, 0, 0, 0, 16, 3, 0, 4, 7, 4, 0, 3, 12, 0, 0, 3, 4, 5, 0, 0, 3, 4, 4, 158, 'angled_in', NULL, 1, 'attacking', 'leg_before_wicket'),
(43, 141, 11, 0, 0, 0, 0, 0, 0, 0, 0, 0, 0, 0, 0, 0, 0, 0, 0, 0, 0, 0, 0, 0, 0, NULL, NULL, NULL, NULL, NULL, 0, NULL, NULL),
(43, 146, 10, 0, 0, 0, 0, 0, 0, 0, 0, 0, 0, 0, 0, 0, 0, 0, 0, 0, 0, 0, 0, 0, 0, NULL, NULL, NULL, NULL, NULL, 0, NULL, NULL),
(44, 148, 3, 1, 33.33, 0, 0, 0, 3, 0, 0, 1, 2, 0, 0, 2, 1, 2, 0, 0, 1, 0, 0, 0, 0, 1, 5, 141, NULL, 134, 1, 'attacking', 'caught'),
(44, 150, 7, 34, 242.86, 0, 0, 0, 14, 2, 3, 9, 3, 1, 0, 9, 4, 3, 1, 0, 3, 1, 2, 0, 3, 2, 18, 133, 'full_toss', 123, 1, 'attacking', 'caught'),
(44, 153, 4, 26, 236.36, 0, 0, 0, 11, 2, 2, 6, 4, 1, 0, 5, 5, 1, 0, 1, 3, 0, 1, 1, 3, 5, 7, 123, 'left_arm_orthodox', NULL, 1, 'defensive', 'bowled'),
(44, 156, 1, 8, 88.89, 0, 0, 0, 9, 0, 0, 3, 4, 2, 0, 7, 2, 1, 0, 0, 2, 0, 2, 0, 4, 5, 3, 146, 'off_spin', 125, 1, 'attacking', 'caught'),
(44, 158, 11, 7, 100, 1, 0, 0, 7, 0, 0, 4, 2, 1, 0, 0, 6, 0, 0, 0, 1, 3, 0, 2, 0, NULL, NULL, NULL, NULL, NULL, 0, NULL, NULL),
(44, 160, 8, 7, 233.33, 0, 0, 0, 3, 0, 1, 2, 1, 0, 0, 2, 1, 0, 0, 0, 1, 0, 2, 0, 0, 2, 16, 123, 'arm_ball', 125, 1, 'attacking', 'caught'),
(44, 161, 10, 14, 127.27, 1, 0, 0, 11, 3, 0, 2, 5, 4, 0, 1, 8, 0, 0, 1, 2, 1, 0, 4, 1, NULL, NULL, NULL, NULL, NULL, 0, NULL, NULL),
(44, 163, 2, 12, 75, 0, 0, 0, 16, 1, 0, 6, 2, 6, 1, 4, 8, 1, 0, 1, 1, 5, 0, 1, 3, 6, 6, 146, 'carrom_ball', NULL, 1, 'defensive', 'leg_before_wicket'),
(44, 167, 5, 41, 151.85, 0, 0, 0, 27, 4, 0, 11, 12, 4, 0, 9, 14, 2, 1, 1, 4, 7, 0, 2, 6, 3, 15, 146, 'carrom_ball', NULL, 1, 'defensive', 'bowled'),
(44, 168, 6, 34, 188.89, 0, 0, 0, 18, 5, 1, 10, 5, 3, 0, 10, 7, 3, 1, 0, 3, 2, 3, 2, 3, 2, 13, 146, 'carrom_ball', NULL, 1, 'defensive', 'bowled'),
(44, 169, 9, 0, 0, 0, 1, 0, 2, 0, 0, 0, 1, 1, 0, 0, 2, 0, 0, 0, 1, 1, 0, 0, 0, 4, 16, 123, 'left_arm_orthodox', 127, 1, 'semi_attacking', 'caught'),
(45, 75, 2, 70, 140, 0, 0, 0, 50, 5, 3, 21, 19, 9, 0, 22, 21, 6, 1, 5, 5, 6, 5, 5, 10, 6, 17, 33, 'angled_in', 24, 1, 'attacking', 'caught'),
(45, 77, 3, 12, 92.31, 0, 0, 0, 13, 1, 0, 7, 2, 4, 0, 2, 8, 1, 0, 1, 4, 1, 0, 2, 1, 5, 14, 26, 'off_cutter', NULL, 1, 'attacking', 'bowled'),
(45, 80, 1, 52, 162.5, 0, 0, 0, 32, 6, 2, 16, 8, 6, 1, 9, 17, 2, 1, 2, 3, 7, 3, 5, 3, 3, 10, 28, 'leg_spin', 34, 1, 'attacking', 'caught'),
(45, 81, 4, 2, 66.67, 0, 0, 0, 3, 0, 0, 0, 1, 2, 0, 0, 2, 0, 0, 0, 1, 0, 0, 1, 0, 3, 15, 29, 'yorker', NULL, 1, 'defensive', 'bowled'),
(45, 84, 8, 0, 0, 0, 0, 0, 0, 0, 0, 0, 0, 0, 0, 0, 0, 0, 0, 0, 0, 0, 0, 0, 0, NULL, NULL, NULL, NULL, NULL, 0, NULL, NULL),
(45, 86, 6, 15, 250, 0, 0, 0, 6, 0, 2, 4, 1, 1, 0, 3, 2, 1, 0, 0, 0, 0, 2, 2, 0, 4, 20, 33, 'full_toss', NULL, 1, 'attacking', 'bowled'),
(45, 87, 5, 30, 200, 1, 0, 0, 15, 2, 2, 9, 2, 3, 0, 2, 10, 0, 0, 3, 3, 0, 1, 4, 1, NULL, NULL, NULL, NULL, NULL, 0, NULL, NULL),
(45, 88, 9, 0, 0, 0, 0, 0, 0, 0, 0, 0, 0, 0, 0, 0, 0, 0, 0, 0, 0, 0, 0, 0, 0, NULL, NULL, NULL, NULL, NULL, 0, NULL, NULL),
(45, 90, 10, 0, 0, 0, 0, 0, 0, 0, 0, 0, 0, 0, 0, 0, 0, 0, 0, 0, 0, 0, 0, 0, 0, NULL, NULL, NULL, NULL, NULL, 0, NULL, NULL),
(45, 91, 7, 1, 100, 1, 0, 0, 1, 0, 0, 1, 0, 0, 0, 1, 0, 1, 0, 0, 0, 0, 0, 0, 0, NULL, NULL, NULL, NULL, NULL, 0, NULL, NULL),
(45, 92, 11, 0, 0, 0, 0, 0, 0, 0, 0, 0, 0, 0, 0, 0, 0, 0, 0, 0, 0, 0, 0, 0, 0, NULL, NULL, NULL, NULL, NULL, 0, NULL, NULL),
(46, 24, 6, 10, 90.91, 0, 0, 0, 11, 1, 0, 3, 4, 4, 0, 8, 1, 0, 0, 1, 0, 0, 1, 0, 7, 1, 17, 90, 'normal', 91, 1, 'semi_attacking', 'run_out'),
(46, 25, 1, 28, 164.71, 0, 0, 0, 17, 3, 2, 7, 5, 3, 2, 4, 8, 2, 1, 2, 2, 4, 0, 0, 1, 4, 4, 84, NULL, 90, 1, 'attacking', 'caught'),
(46, 26, 7, 12, 171.43, 0, 0, 0, 7, 0, 1, 4, 1, 2, 0, 1, 4, 0, 0, 1, 2, 0, 0, 1, 1, 3, 20, 91, 'normal', 80, 1, 'attacking', 'caught'),
(46, 27, 10, 0, 0, 0, 1, 0, 2, 0, 0, 1, 0, 1, 0, 0, 0, 0, 0, 0, 0, 0, 0, 0, 0, 6, 20, 91, 'normal', 80, 1, 'attacking', 'caught'),
(46, 28, 8, 0, 0, 1, 0, 0, 2, 0, 0, 1, 0, 1, 0, 0, 1, 0, 0, 0, 0, 0, 0, 1, 0, NULL, NULL, NULL, NULL, NULL, 0, NULL, NULL),
(46, 29, 9, 0, 0, 0, 1, 0, 1, 0, 0, 1, 0, 0, 0, 0, 1, 0, 0, 1, 0, 0, 0, 0, 0, 4, 20, 91, 'angled_away', 75, 1, 'attacking', 'caught'),
(46, 32, 2, 3, 50, 0, 0, 0, 6, 0, 0, 2, 1, 3, 0, 0, 4, 0, 0, 2, 1, 1, 0, 0, 0, 1, 5, 90, 'normal', 87, 1, 'defensive', 'caught'),
(46, 33, 11, 0, 0, 0, 0, 0, 0, 0, 0, 0, 0, 0, 0, 0, 0, 0, 0, 0, 0, 0, 0, 0, 0, NULL, NULL, NULL, NULL, NULL, 0, NULL, NULL),
(46, 34, 5, 43, 143.33, 0, 0, 0, 30, 1, 4, 18, 7, 4, 0, 13, 12, 2, 3, 2, 6, 3, 4, 1, 4, 4, 19, 84, 'full_toss', 91, 1, 'attacking', 'caught'),
(46, 43, 4, 36, 180, 0, 0, 0, 20, 3, 2, 12, 7, 1, 0, 7, 12, 1, 1, 5, 1, 4, 2, 2, 3, 5, 13, 92, 'angled_in', 80, 0, 'semi_attacking', 'run_out'),
(46, 48, 3, 49, 196, 0, 0, 0, 25, 4, 5, 10, 4, 9, 1, 9, 8, 0, 0, 1, 4, 1, 5, 2, 4, 6, 11, 91, NULL, 92, 1, 'attacking', 'caught'),
(47, 197, 6, 31, 221.43, 1, 0, 0, 14, 5, 1, 7, 2, 5, 0, 4, 6, 1, 0, 1, 3, 1, 1, 1, 2, NULL, NULL, NULL, NULL, NULL, 0, NULL, NULL),
(47, 199, 7, 0, 0, 0, 0, 0, 0, 0, 0, 0, 0, 0, 0, 0, 0, 0, 0, 0, 0, 0, 0, 0, 0, NULL, NULL, NULL, NULL, NULL, 0, NULL, NULL),
(47, 200, 3, 2, 28.57, 0, 0, 0, 7, 0, 0, 1, 1, 5, 0, 0, 6, 0, 0, 2, 3, 0, 0, 1, 0, 5, 3, 119, 'seamed_in', 106, 1, 'attacking', 'caught'),
(47, 201, 9, 0, 0, 0, 0, 0, 0, 0, 0, 0, 0, 0, 0, 0, 0, 0, 0, 0, 0, 0, 0, 0, 0, NULL, NULL, NULL, NULL, NULL, 0, NULL, NULL),
(47, 202, 10, 0, 0, 0, 0, 0, 0, 0, 0, 0, 0, 0, 0, 0, 0, 0, 0, 0, 0, 0, 0, 0, 0, NULL, NULL, NULL, NULL, NULL, 0, NULL, NULL),
(47, 204, 4, 87, 167.31, 1, 0, 0, 52, 8, 4, 27, 14, 9, 2, 20, 26, 0, 1, 5, 6, 3, 8, 12, 11, NULL, NULL, NULL, NULL, NULL, 0, NULL, NULL),
(47, 206, 1, 12, 200, 0, 0, 0, 6, 3, 0, 3, 2, 1, 0, 2, 4, 0, 1, 0, 1, 2, 1, 1, 0, 2, 2, 112, 'normal', 102, 0, 'defensive', 'run_out'),
(47, 208, 8, 0, 0, 0, 0, 0, 0, 0, 0, 0, 0, 0, 0, 0, 0, 0, 0, 0, 0, 0, 0, 0, 0, NULL, NULL, NULL, NULL, NULL, 0, NULL, NULL),
(47, 210, 2, 13, 92.86, 0, 0, 0, 14, 2, 0, 5, 4, 4, 0, 7, 6, 1, 1, 0, 4, 2, 1, 0, 4, 4, 7, 116, 'off_spin', 108, 1, 'attacking', 'caught'),
(47, 214, 11, 0, 0, 0, 0, 0, 0, 0, 0, 0, 0, 0, 0, 0, 0, 0, 0, 0, 0, 0, 0, 0, 0, NULL, NULL, NULL, NULL, NULL, 0, NULL, NULL),
(47, 217, 5, 43, 153.57, 0, 0, 0, 28, 4, 2, 14, 6, 8, 0, 7, 17, 2, 1, 2, 8, 4, 1, 3, 3, 5, 16, 107, 'leg_spin', 99, 1, 'attacking', 'caught'),
(48, 99, 3, 8, 100, 0, 0, 0, 8, 0, 1, 5, 3, 0, 0, 4, 4, 1, 1, 2, 1, 1, 1, 0, 1, 1, 6, 202, 'normal', 197, 1, 'attacking', 'caught'),
(48, 101, 1, 54, 225, 0, 0, 0, 24, 8, 3, 14, 3, 7, 0, 12, 8, 2, 3, 1, 5, 0, 2, 2, 5, 6, 6, 202, 'yorker', NULL, 1, 'defensive', 'bowled'),
(48, 102, 5, 6, 60, 0, 0, 0, 10, 0, 0, 4, 6, 0, 0, 6, 3, 1, 2, 2, 0, 0, 0, 1, 3, 3, 11, 214, 'normal', 206, 1, 'attacking', 'caught'),
(48, 103, 8, 17, 113.33, 0, 0, 0, 15, 1, 0, 6, 7, 2, 0, 12, 2, 5, 0, 0, 1, 1, 2, 0, 5, 2, 18, 204, 'off_cutter', 204, 1, 'attacking', 'caught_bowled'),
(48, 106, 4, 11, 100, 0, 0, 0, 11, 0, 1, 6, 4, 1, 0, 4, 7, 0, 0, 1, 3, 2, 2, 1, 2, 3, 8, 202, 'normal', 204, 1, 'semi_attacking', 'run_out'),
(48, 107, 10, 5, 62.5, 0, 0, 0, 8, 0, 0, 4, 1, 2, 1, 3, 2, 0, 1, 0, 0, 2, 0, 0, 2, 3, 20, 214, 'off_cutter', 200, 1, 'attacking', 'caught'),
(48, 108, 6, 29, 170.59, 0, 0, 0, 17, 2, 1, 11, 2, 4, 0, 11, 5, 2, 1, 1, 2, 1, 2, 1, 6, 5, 13, 201, 'normal', 199, 1, 'attacking', 'caught'),
(48, 112, 9, 4, 57.14, 1, 0, 0, 7, 0, 0, 1, 1, 5, 0, 2, 3, 0, 1, 0, 1, 2, 1, 0, 0, NULL, NULL, NULL, NULL, NULL, 0, NULL, NULL),
(48, 115, 2, 0, 0, 0, 1, 0, 1, 0, 0, 1, 0, 0, 0, 0, 1, 0, 0, 1, 0, 0, 0, 0, 0, 6, 2, 214, 'normal', 210, 1, 'attacking', 'caught'),
(48, 116, 7, 18, 112.5, 0, 0, 0, 16, 1, 1, 5, 5, 5, 0, 8, 7, 0, 1, 1, 1, 1, 1, 4, 6, 6, 16, 202, 'full_toss', 210, 1, 'attacking', 'caught'),
(48, 119, 11, 0, 0, 1, 0, 0, 3, 0, 0, 0, 0, 3, 0, 0, 0, 0, 0, 0, 0, 0, 0, 0, 0, NULL, NULL, NULL, NULL, NULL, 0, NULL, NULL),
(49, 123, 6, 22, 183.33, 1, 0, 0, 12, 0, 2, 8, 2, 1, 1, 5, 6, 1, 0, 1, 0, 1, 1, 4, 3, NULL, NULL, NULL, NULL, NULL, 0, NULL, NULL),
(49, 124, 7, 0, 0, 0, 0, 0, 0, 0, 0, 0, 0, 0, 0, 0, 0, 0, 0, 0, 0, 0, 0, 0, 0, NULL, NULL, NULL, NULL, NULL, 0, NULL, NULL),
(49, 125, 9, 0, 0, 0, 0, 0, 0, 0, 0, 0, 0, 0, 0, 0, 0, 0, 0, 0, 0, 0, 0, 0, 0, NULL, NULL, NULL, NULL, NULL, 0, NULL, NULL),
(49, 127, 4, 46, 148.39, 0, 0, 0, 31, 4, 2, 13, 12, 5, 0, 13, 13, 3, 0, 1, 4, 2, 0, 6, 10, 3, 15, 205, 'normal', 200, 1, 'attacking', 'caught'),
(49, 128, 2, 3, 30, 0, 0, 0, 10, 0, 0, 2, 4, 4, 0, 2, 6, 0, 0, 1, 4, 0, 1, 1, 1, 2, 3, 201, 'angled_in', NULL, 1, 'semi_attacking', 'leg_before_wicket'),
(49, 133, 8, 0, 0, 0, 0, 0, 0, 0, 0, 0, 0, 0, 0, 0, 0, 0, 0, 0, 0, 0, 0, 0, 0, NULL, NULL, NULL, NULL, NULL, 0, NULL, NULL),
(49, 134, 5, 19, 111.76, 0, 0, 0, 17, 2, 0, 9, 4, 3, 1, 8, 6, 1, 0, 1, 2, 2, 3, 1, 4, 6, 20, 202, 'full_toss', 197, 0, 'attacking', 'run_out'),
(49, 135, 3, 1, 33.33, 0, 0, 0, 3, 0, 0, 1, 0, 2, 0, 1, 0, 0, 0, 0, 0, 0, 0, 0, 1, 2, 6, 205, 'angled_away', NULL, 1, 'attacking', 'bowled'),
(49, 138, 1, 73, 152.08, 0, 0, 0, 48, 5, 5, 17, 21, 10, 0, 21, 24, 7, 2, 5, 4, 8, 4, 7, 8, 2, 17, 214, 'full_toss', 217, 1, 'attacking', 'caught'),
(49, 141, 11, 0, 0, 0, 0, 0, 0, 0, 0, 0, 0, 0, 0, 0, 0, 0, 0, 0, 0, 0, 0, 0, 0, NULL, NULL, NULL, NULL, NULL, 0, NULL, NULL),
(49, 146, 10, 0, 0, 0, 0, 0, 0, 0, 0, 0, 0, 0, 0, 0, 0, 0, 0, 0, 0, 0, 0, 0, 0, NULL, NULL, NULL, NULL, NULL, 0, NULL, NULL),
(50, 196, 1, 11, 61.11, 0, 0, 0, 18, 0, 0, 5, 8, 5, 0, 8, 7, 1, 0, 1, 3, 1, 2, 2, 5, 6, 8, 123, 'arm_ball', 138, 1, 'attacking', 'caught'),
(50, 197, 5, 94, 184.31, 1, 0, 0, 51, 8, 6, 30, 15, 5, 0, 25, 19, 5, 1, 4, 11, 2, 7, 2, 12, NULL, NULL, NULL, NULL, NULL, 0, NULL, NULL),
(50, 199, 6, 6, 42.86, 0, 0, 0, 14, 0, 0, 4, 6, 4, 0, 4, 7, 0, 0, 0, 3, 1, 1, 3, 3, 4, 13, 133, 'off_cutter', 123, 1, 'attacking', 'caught'),
(50, 200, 3, 0, 0, 0, 1, 0, 2, 0, 0, 1, 0, 1, 0, 1, 1, 0, 0, 1, 0, 0, 1, 0, 0, 3, 2, 146, 'carrom_ball', 124, 1, 'attacking', 'caught'),
(50, 201, 10, 0, 0, 0, 0, 0, 0, 0, 0, 0, 0, 0, 0, 0, 0, 0, 0, 0, 0, 0, 0, 0, 0, NULL, NULL, NULL, NULL, NULL, 0, NULL, NULL),
(50, 202, 9, 0, 0, 1, 0, 0, 0, 0, 0, 0, 0, 0, 0, 0, 0, 0, 0, 0, 0, 0, 0, 0, 0, NULL, NULL, NULL, NULL, NULL, 0, NULL, NULL),
(50, 205, 8, 0, 0, 0, 1, 0, 1, 0, 0, 1, 0, 0, 0, 0, 1, 0, 0, 0, 0, 0, 0, 1, 0, 6, 19, 133, 'angled_in', 125, 1, 'attacking', 'caught'),
(50, 208, 7, 40, 190.48, 0, 0, 0, 21, 2, 3, 14, 4, 3, 0, 11, 9, 2, 1, 0, 5, 1, 2, 3, 6, 5, 19, 133, 'off_cutter', 135, 1, 'attacking', 'caught'),
(50, 210, 2, 0, 0, 0, 1, 0, 1, 0, 0, 1, 0, 0, 0, 0, 1, 0, 0, 0, 1, 0, 0, 0, 0, 6, 1, 141, 'angled_away', 128, 1, 'attacking', 'caught'),
(50, 214, 11, 0, 0, 0, 0, 0, 0, 0, 0, 0, 0, 0, 0, 0, 0, 0, 0, 0, 0, 0, 0, 0, 0, NULL, NULL, NULL, NULL, NULL, 0, NULL, NULL),
(50, 217, 4, 12, 100, 0, 0, 0, 12, 2, 0, 4, 6, 2, 0, 3, 8, 0, 0, 0, 5, 3, 1, 0, 2, 5, 4, 146, 'carrom_ball', 135, 1, 'attacking', 'caught'),
(51, 99, 7, 2, 100, 1, 0, 0, 2, 0, 0, 1, 1, 0, 0, 1, 1, 0, 0, 0, 1, 0, 0, 0, 1, NULL, NULL, NULL, NULL, NULL, 0, NULL, NULL),
(51, 100, 8, 0, 0, 0, 0, 0, 0, 0, 0, 0, 0, 0, 0, 0, 0, 0, 0, 0, 0, 0, 0, 0, 0, NULL, NULL, NULL, NULL, NULL, 0, NULL, NULL),
(51, 101, 1, 103, 168.85, 0, 0, 0, 61, 9, 5, 27, 19, 14, 0, 22, 28, 5, 1, 1, 10, 9, 5, 8, 11, 4, 17, 63, NULL, 66, 1, 'attacking', 'caught'),
(51, 105, 6, 3, 60, 0, 0, 0, 5, 0, 0, 3, 2, 0, 0, 3, 1, 1, 0, 0, 0, 0, 2, 1, 0, 5, 19, 68, 'normal', 63, 1, 'attacking', 'caught'),
(51, 106, 3, 38, 200, 0, 0, 0, 19, 3, 2, 10, 7, 2, 0, 7, 11, 1, 0, 0, 5, 2, 1, 4, 5, 2, 16, 53, 'off_cutter', 68, 1, 'attacking', 'caught'),
(51, 107, 10, 0, 0, 0, 0, 0, 0, 0, 0, 0, 0, 0, 0, 0, 0, 0, 0, 0, 0, 0, 0, 0, 0, NULL, NULL, NULL, NULL, NULL, 0, NULL, NULL),
(51, 108, 4, 26, 200, 1, 0, 0, 13, 2, 2, 6, 3, 4, 0, 5, 5, 0, 0, 1, 1, 1, 2, 2, 3, NULL, NULL, NULL, NULL, NULL, 0, NULL, NULL),
(51, 112, 9, 0, 0, 0, 0, 0, 0, 0, 0, 0, 0, 0, 0, 0, 0, 0, 0, 0, 0, 0, 0, 0, 0, NULL, NULL, NULL, NULL, NULL, 0, NULL, NULL),
(51, 114, 11, 0, 0, 0, 0, 0, 0, 0, 0, 0, 0, 0, 0, 0, 0, 0, 0, 0, 0, 0, 0, 0, 0, NULL, NULL, NULL, NULL, NULL, 0, NULL, NULL),
(51, 115, 2, 24, 133.33, 0, 0, 0, 18, 3, 1, 5, 9, 4, 0, 7, 7, 3, 0, 3, 1, 1, 0, 2, 4, 4, 10, 49, 'off_spin', NULL, 1, 'defensive', 'bowled'),
(51, 116, 5, 5, 166.67, 0, 0, 0, 3, 1, 0, 1, 2, 0, 0, 2, 1, 1, 0, 0, 0, 0, 1, 1, 0, 1, 18, 49, 'off_spin', 68, 1, 'attacking', 'caught'),
(52, 49, 2, 0, 0, 0, 1, 0, 0, 0, 0, 0, 0, 0, 0, 0, 0, 0, 0, 0, 0, 0, 0, 0, 0, 1, 1, 100, 'normal', 108, 0, 'semi_attacking', 'run_out'),
(52, 51, 7, 8, 100, 0, 0, 0, 8, 0, 0, 4, 4, 0, 0, 4, 4, 1, 1, 0, 2, 2, 1, 0, 1, 2, 20, 114, NULL, 112, 1, 'attacking', 'caught'),
(52, 53, 5, 0, 0, 0, 1, 0, 1, 0, 0, 0, 0, 1, 0, 0, 0, 0, 0, 0, 0, 0, 0, 0, 0, 4, 14, 99, 'carrom_ball', NULL, 1, 'defensive', 'bowled'),
(52, 56, 6, 6, 85.71, 0, 0, 0, 7, 0, 0, 4, 2, 1, 0, 3, 3, 1, 0, 0, 1, 1, 2, 1, 0, 1, 17, 107, 'googly', NULL, 1, 'defensive', 'stumped'),
(52, 58, 4, 18, 163.64, 0, 0, 0, 11, 1, 1, 7, 3, 1, 0, 6, 3, 1, 0, 1, 0, 1, 2, 1, 3, 6, 13, 107, 'leg_spin', 101, 1, 'attacking', 'caught'),
(52, 60, 3, 85, 166.67, 0, 0, 0, 51, 7, 4, 20, 25, 5, 1, 24, 19, 4, 2, 4, 5, 8, 7, 2, 11, 4, 17, 107, 'leg_spin', NULL, 1, 'attacking', 'leg_before_wicket'),
(52, 62, 10, 21, 233.33, 0, 0, 0, 9, 1, 2, 5, 2, 2, 0, 5, 2, 0, 0, 0, 1, 1, 2, 0, 3, 4, 20, 114, 'normal', NULL, 1, 'defensive', 'bowled'),
(52, 63, 9, 0, 0, 0, 1, 0, 1, 0, 0, 0, 0, 1, 0, 0, 1, 0, 0, 1, 0, 0, 0, 0, 0, 6, 17, 107, 'leg_spin', 106, 1, 'defensive', 'caught'),
(52, 64, 1, 58, 207.14, 0, 0, 0, 28, 9, 2, 18, 8, 2, 0, 10, 15, 1, 2, 0, 6, 5, 2, 4, 5, 6, 9, 112, 'bouncer', 105, 1, 'attacking', 'caught'),
(52, 66, 11, 1, 100, 1, 0, 0, 1, 0, 0, 0, 1, 0, 0, 1, 0, 1, 0, 0, 0, 0, 0, 0, 0, NULL, NULL, NULL, NULL, NULL, 0, NULL, NULL),
(52, 68, 8, 0, 0, 0, 1, 0, 1, 0, 0, 1, 0, 0, 0, 1, 0, 0, 0, 0, 0, 0, 1, 0, 0, 5, 17, 107, 'leg_spin', 116, 1, 'attacking', 'caught'),
(53, 75, 1, 8, 72.73, 0, 0, 0, 11, 1, 0, 5, 5, 1, 0, 3, 7, 1, 0, 1, 2, 2, 2, 2, 0, 4, 3, 2, 'normal', 11, 1, 'attacking', 'caught'),
(53, 77, 3, 12, 120, 0, 0, 0, 10, 2, 0, 5, 2, 3, 0, 2, 4, 0, 1, 1, 0, 3, 0, 0, 1, 2, 7, 8, 'left_arm_orthodox', NULL, 1, 'attacking', 'leg_before_wicket'),
(53, 79, 2, 14, 127.27, 0, 0, 0, 11, 2, 0, 5, 2, 4, 0, 2, 6, 0, 0, 0, 4, 0, 1, 2, 1, 5, 5, 14, 'normal', 10, 1, 'semi_attacking', 'caught'),
(53, 81, 4, 60, 181.82, 0, 0, 0, 33, 5, 4, 17, 8, 7, 1, 17, 11, 1, 3, 2, 4, 2, 10, 3, 3, 6, 19, 2, 'off_cutter', 1, 1, 'attacking', 'caught'),
(53, 84, 8, 0, 0, 1, 0, 0, 0, 0, 0, 0, 0, 0, 0, 0, 0, 0, 0, 0, 0, 0, 0, 0, 0, NULL, NULL, NULL, NULL, NULL, 0, NULL, NULL),
(53, 86, 6, 26, 92.86, 0, 0, 0, 28, 1, 2, 16, 9, 2, 0, 6, 18, 3, 0, 3, 8, 4, 3, 3, 0, 1, 17, 2, 'leg_cutter', 1, 1, 'attacking', 'caught'),
(53, 87, 5, 11, 137.5, 0, 0, 0, 8, 2, 0, 3, 4, 0, 0, 2, 6, 0, 0, 0, 1, 2, 1, 3, 1, 6, 8, 22, NULL, 22, 1, 'attacking', 'caught_bowled'),
(53, 88, 9, 0, 0, 0, 1, 0, 2, 0, 0, 0, 1, 1, 0, 0, 0, 0, 0, 0, 0, 0, 0, 0, 0, 4, 20, 22, 'normal', NULL, 1, 'defensive', 'bowled'),
(53, 90, 10, 0, 0, 0, 1, 0, 1, 0, 0, 0, 0, 1, 0, 0, 0, 0, 0, 0, 0, 0, 0, 0, 0, 5, 20, 22, 'normal', NULL, 1, 'defensive', 'bowled'),
(53, 91, 7, 13, 86.67, 0, 0, 0, 15, 0, 1, 7, 2, 5, 1, 4, 6, 1, 0, 0, 2, 0, 0, 4, 3, 2, 20, 22, NULL, 22, 1, 'attacking', 'caught_bowled'),
(53, 92, 11, 0, 0, 0, 1, 0, 1, 0, 0, 1, 0, 0, 0, 0, 1, 0, 0, 0, 1, 0, 0, 0, 0, 6, 20, 22, 'normal', 8, 1, 'attacking', 'run_out'),
(54, 1, 2, 3, 33.33, 0, 0, 0, 9, 0, 0, 2, 5, 1, 1, 2, 5, 0, 0, 2, 1, 0, 0, 2, 2, 1, 4, 84, 'normal', 75, 1, 'attacking', 'caught'),
(54, 2, 9, 0, 0, 0, 0, 0, 0, 0, 0, 0, 0, 0, 0, 0, 0, 0, 0, 0, 0, 0, 0, 0, 0, NULL, NULL, NULL, NULL, NULL, 0, NULL, NULL),
(54, 4, 3, 34, 154.55, 0, 0, 0, 22, 4, 1, 12, 7, 3, 0, 4, 17, 1, 1, 2, 7, 4, 1, 4, 1, 2, 9, 88, 'leg_spin', 86, 1, 'attacking', 'caught'),
(54, 5, 6, 0, 0, 0, 0, 0, 0, 0, 0, 0, 0, 0, 0, 0, 0, 0, 0, 0, 0, 0, 0, 0, 0, NULL, NULL, NULL, NULL, NULL, 0, NULL, NULL),
(54, 8, 7, 0, 0, 0, 0, 0, 0, 0, 0, 0, 0, 0, 0, 0, 0, 0, 0, 0, 0, 0, 0, 0, 0, NULL, NULL, NULL, NULL, NULL, 0, NULL, NULL),
(54, 9, 4, 41, 151.85, 1, 0, 0, 27, 4, 1, 18, 7, 1, 0, 6, 20, 0, 0, 1, 13, 2, 4, 4, 2, NULL, NULL, NULL, NULL, NULL, 0, NULL, NULL),
(54, 10, 5, 35, 116.67, 1, 0, 0, 30, 1, 1, 16, 10, 3, 1, 13, 15, 2, 1, 0, 9, 3, 3, 3, 7, NULL, NULL, NULL, NULL, NULL, 0, NULL, NULL),
(54, 11, 8, 0, 0, 0, 0, 0, 0, 0, 0, 0, 0, 0, 0, 0, 0, 0, 0, 0, 0, 0, 0, 0, 0, NULL, NULL, NULL, NULL, NULL, 0, NULL, NULL),
(54, 14, 10, 0, 0, 0, 0, 0, 0, 0, 0, 0, 0, 0, 0, 0, 0, 0, 0, 0, 0, 0, 0, 0, 0, NULL, NULL, NULL, NULL, NULL, 0, NULL, NULL),
(54, 15, 1, 31, 124, 0, 0, 0, 25, 3, 1, 11, 7, 4, 3, 9, 12, 2, 1, 0, 4, 5, 3, 3, 3, 3, 11, 88, 'googly', 86, 1, 'attacking', 'caught'),
(54, 22, 11, 0, 0, 0, 0, 0, 0, 0, 0, 0, 0, 0, 0, 0, 0, 0, 0, 0, 0, 0, 0, 0, 0, NULL, NULL, NULL, NULL, NULL, 0, NULL, NULL);

-- --------------------------------------------------------

--
-- Table structure for table `inning_batting`
--

CREATE TABLE `inning_batting` (
  `scorcardInningId` int NOT NULL,
  `runs` int NOT NULL,
  `fours` int NOT NULL,
  `sixes` int NOT NULL,
  `runRate` float NOT NULL,
  `ballFaced` int NOT NULL
) ENGINE=InnoDB ;

--
-- Dumping data for table `inning_batting`
--

INSERT INTO `inning_batting` (`scorcardInningId`, `runs`, `fours`, `sixes`, `runRate`, `ballFaced`) VALUES
(1, 185, 18, 9, 9.45, 120),
(2, 183, 22, 4, 9.5, 121),
(3, 140, 16, 2, 8.1, 120),
(4, 162, 12, 7, 8.77, 115),
(5, 196, 16, 14, 10.5, 124),
(6, 139, 11, 6, 7.45, 121),
(7, 126, 11, 8, 7.47, 112),
(8, 135, 11, 9, 9.72, 89),
(9, 158, 11, 9, 8.05, 120),
(10, 159, 13, 11, 10.13, 97),
(11, 154, 17, 5, 7.9, 120),
(12, 152, 18, 5, 8.19, 118),
(13, 147, 14, 7, 7.55, 121),
(14, 145, 10, 7, 8.22, 111),
(15, 182, 17, 11, 9.65, 120),
(16, 159, 13, 8, 8.5, 122),
(17, 156, 9, 10, 8.25, 120),
(18, 157, 13, 6, 8.1, 120),
(19, 164, 14, 5, 8.55, 121),
(20, 146, 18, 3, 7.85, 120),
(21, 125, 10, 5, 6.55, 122),
(22, 129, 12, 3, 7.19, 111),
(23, 149, 14, 3, 7.7, 120),
(24, 151, 13, 6, 8.77, 107),
(25, 196, 24, 8, 10.5, 120),
(26, 193, 18, 9, 10.82, 117),
(27, 143, 15, 4, 7.45, 120),
(28, 149, 11, 5, 7.88, 120),
(29, 122, 11, 7, 6.8, 114),
(30, 118, 11, 5, 6.83, 117),
(31, 182, 9, 13, 10.25, 120),
(32, 186, 11, 14, 10.95, 114),
(33, 166, 12, 11, 9, 120),
(34, 122, 11, 5, 7, 110),
(35, 161, 6, 11, 8.45, 121),
(36, 163, 20, 5, 9.03, 116),
(37, 165, 14, 6, 8.45, 120),
(38, 147, 12, 5, 7.85, 121),
(39, 174, 18, 6, 8.85, 120),
(40, 168, 18, 7, 9.76, 110),
(41, 199, 18, 11, 10.75, 123),
(42, 165, 14, 8, 8.69, 118),
(43, 203, 12, 17, 10.8, 121),
(44, 184, 17, 7, 9.65, 121),
(45, 182, 14, 9, 9.9, 120),
(46, 181, 12, 14, 9.3, 121),
(47, 188, 22, 7, 9.6, 121),
(48, 152, 12, 7, 7.75, 120),
(49, 164, 11, 9, 8.45, 121),
(50, 163, 12, 9, 8.57, 120),
(51, 201, 18, 10, 10.85, 121),
(52, 197, 18, 9, 10.68, 118),
(53, 144, 13, 7, 7.55, 120),
(54, 144, 12, 4, 8.07, 113);

-- --------------------------------------------------------

--
-- Table structure for table `inning_bowlers`
--

CREATE TABLE `inning_bowlers` (
  `scorcardInningId` int NOT NULL,
  `playerId` int NOT NULL,
  `runsConceded` int NOT NULL DEFAULT '0',
  `wickets` int NOT NULL DEFAULT '0',
  `overBowled` int NOT NULL DEFAULT '0',
  `maidensOvers` int NOT NULL DEFAULT '0',
  `dotBalls` int NOT NULL DEFAULT '0',
  `fourConceded` int NOT NULL DEFAULT '0',
  `sixConceded` int NOT NULL DEFAULT '0',
  `noBalls` int NOT NULL DEFAULT '0',
  `wides` int NOT NULL DEFAULT '0',
  `slowerDeliveries` int NOT NULL DEFAULT '0',
  `yorkers` int NOT NULL DEFAULT '0',
  `economyRate` float NOT NULL DEFAULT '0',
  `fastestBall` int NOT NULL DEFAULT '0',
  `slowestBall` int NOT NULL DEFAULT '0',
  `averageSpeed` int NOT NULL,
  `overTheWicketBalls` int NOT NULL DEFAULT '0',
  `aroundTheWicketBalls` int NOT NULL DEFAULT '0',
  `bouncers` int NOT NULL DEFAULT '0',
  `beatBats` int NOT NULL DEFAULT '0',
  `edge` int NOT NULL DEFAULT '0'
) ENGINE=InnoDB ;

--
-- Dumping data for table `inning_bowlers`
--

INSERT INTO `inning_bowlers` (`scorcardInningId`, `playerId`, `runsConceded`, `wickets`, `overBowled`, `maidensOvers`, `dotBalls`, `fourConceded`, `sixConceded`, `noBalls`, `wides`, `slowerDeliveries`, `yorkers`, `economyRate`, `fastestBall`, `slowestBall`, `averageSpeed`, `overTheWicketBalls`, `aroundTheWicketBalls`, `bouncers`, `beatBats`, `edge`) VALUES
(1, 199, 24, 0, 1, 0, 0, 1, 3, 0, 0, 0, 0, 24, 92, 82, 88, 6, 0, 0, 0, 0),
(1, 201, 36, 1, 4, 0, 11, 4, 2, 0, 0, 1, 0, 9, 140, 122, 137, 20, 4, 2, 3, 4),
(1, 202, 33, 1, 4, 0, 10, 5, 0, 0, 1, 3, 0, 8.25, 149, 115, 140, 15, 10, 2, 3, 0),
(1, 204, 36, 1, 4, 0, 9, 4, 1, 0, 1, 2, 0, 9, 140, 119, 134, 25, 0, 2, 2, 4),
(1, 208, 22, 3, 4, 0, 10, 0, 1, 0, 0, 0, 0, 5.5, 100, 89, 95, 24, 0, 0, 0, 6),
(1, 215, 37, 2, 3, 0, 4, 4, 2, 0, 1, 5, 0, 12.33, 136, 109, 127, 19, 0, 0, 2, 3),
(2, 81, 12, 0, 1, 0, 1, 2, 0, 0, 0, 0, 0, 12, 95, 93, 94, 5, 1, 0, 0, 1),
(2, 84, 35, 2, 4, 0, 6, 5, 0, 1, 0, 0, 0, 8.75, 142, 131, 138, 25, 0, 0, 0, 1),
(2, 88, 41, 1, 4, 0, 6, 3, 1, 0, 1, 0, 0, 10.25, 96, 82, 90, 25, 0, 0, 0, 2),
(2, 90, 34, 0, 4, 0, 5, 5, 0, 0, 0, 1, 0, 8.5, 136, 104, 130, 18, 6, 0, 1, 0),
(2, 91, 35, 0, 3, 0, 5, 2, 3, 0, 1, 0, 0, 11.67, 141, 132, 136, 17, 2, 1, 3, 2),
(2, 92, 31, 0, 4, 0, 9, 5, 0, 0, 1, 1, 2, 7.75, 139, 117, 133, 10, 15, 1, 2, 0),
(3, 2, 37, 2, 4, 0, 8, 3, 0, 0, 4, 3, 0, 9.25, 136, 122, 131, 28, 0, 2, 1, 3),
(3, 9, 9, 0, 1, 0, 2, 0, 1, 0, 0, 0, 0, 9, 95, 91, 93, 4, 2, 0, 0, 1),
(3, 11, 27, 1, 4, 0, 8, 3, 0, 0, 2, 0, 0, 6.75, 139, 127, 134, 26, 0, 2, 1, 4),
(3, 12, 14, 0, 3, 0, 7, 1, 0, 0, 0, 0, 0, 4.67, 98, 84, 93, 8, 10, 0, 0, 0),
(3, 14, 34, 2, 4, 0, 8, 4, 1, 0, 1, 0, 2, 8.5, 138, 129, 133, 24, 0, 1, 3, 3),
(3, 22, 39, 1, 4, 0, 8, 5, 0, 0, 1, 1, 0, 9.75, 153, 126, 146, 19, 6, 2, 0, 2),
(4, 199, 10, 0, 1, 0, 1, 0, 1, 0, 0, 0, 0, 10, 89, 86, 87, 6, 0, 0, 0, 1),
(4, 201, 32, 0, 4, 0, 8, 3, 1, 0, 0, 0, 0, 8, 142, 136, 139, 11, 13, 2, 1, 2),
(4, 202, 46, 0, 4, 0, 7, 6, 2, 0, 2, 3, 0, 11.5, 147, 120, 136, 20, 6, 3, 4, 3),
(4, 204, 27, 1, 4, 0, 10, 0, 2, 0, 0, 3, 0, 6.75, 142, 120, 134, 24, 0, 2, 0, 3),
(4, 208, 28, 1, 4, 0, 4, 2, 0, 0, 0, 0, 0, 7, 103, 89, 95, 23, 0, 0, 0, 2),
(4, 215, 22, 0, 2, 0, 4, 1, 1, 0, 1, 0, 0, 10.15, 137, 130, 133, 14, 0, 1, 1, 0),
(5, 2, 29, 1, 4, 0, 13, 2, 2, 2, 1, 2, 1, 7.25, 138, 124, 133, 27, 0, 3, 5, 1),
(5, 12, 47, 0, 3, 0, 3, 1, 5, 1, 0, 0, 0, 15.67, 101, 79, 97, 4, 15, 0, 1, 1),
(5, 14, 43, 2, 4, 0, 7, 5, 2, 0, 2, 0, 1, 10.75, 139, 131, 134, 26, 0, 1, 2, 1),
(5, 15, 15, 0, 1, 0, 1, 1, 1, 0, 0, 0, 0, 15, 97, 84, 89, 0, 6, 0, 0, 0),
(5, 20, 33, 1, 4, 0, 12, 3, 2, 0, 1, 2, 0, 8.25, 144, 117, 133, 16, 9, 2, 4, 1),
(5, 22, 39, 2, 4, 0, 10, 4, 2, 1, 2, 0, 0, 9.75, 150, 133, 144, 14, 13, 4, 4, 4),
(6, 99, 21, 0, 4, 0, 8, 1, 0, 0, 0, 0, 0, 5.25, 99, 89, 93, 22, 2, 0, 2, 2),
(6, 100, 23, 2, 4, 1, 15, 2, 1, 0, 3, 0, 1, 5.75, 135, 130, 133, 27, 0, 1, 8, 0),
(6, 107, 22, 3, 4, 0, 8, 1, 0, 0, 0, 0, 0, 5.5, 97, 81, 90, 24, 0, 0, 2, 1),
(6, 110, 48, 0, 3, 0, 3, 5, 3, 1, 1, 0, 0, 16, 136, 129, 132, 16, 4, 0, 2, 1),
(6, 112, 16, 2, 4, 1, 16, 1, 1, 0, 0, 0, 2, 4, 144, 133, 138, 24, 0, 2, 6, 3),
(6, 116, 14, 0, 1, 0, 0, 1, 1, 0, 0, 0, 0, 14, 88, 87, 88, 6, 0, 0, 0, 0),
(7, 49, 23, 1, 4, 0, 13, 1, 1, 0, 2, 0, 0, 5.75, 99, 88, 93, 11, 15, 0, 2, 2),
(7, 50, 36, 2, 4, 0, 13, 5, 2, 1, 0, 2, 0, 9, 134, 120, 128, 15, 10, 1, 2, 3),
(7, 53, 0, 1, 0, 0, 2, 0, 0, 0, 0, 1, 0, 0, 107, 107, 107, 2, 0, 0, 0, 0),
(7, 62, 23, 4, 4, 1, 12, 2, 1, 1, 0, 2, 0, 5.75, 141, 106, 134, 25, 0, 1, 5, 1),
(7, 66, 14, 0, 4, 0, 14, 0, 0, 0, 2, 0, 0, 3.5, 104, 87, 92, 19, 7, 0, 6, 0),
(7, 68, 39, 1, 2, 0, 4, 3, 4, 0, 2, 2, 0, 19.5, 139, 94, 130, 12, 2, 2, 4, 1),
(8, 81, 13, 0, 0, 0, 0, 0, 2, 0, 0, 0, 0, 26, 96, 96, 96, 3, 0, 0, 0, 0),
(8, 84, 23, 1, 3, 0, 8, 3, 0, 0, 1, 1, 0, 7.67, 140, 123, 135, 19, 0, 0, 0, 1),
(8, 88, 13, 2, 4, 1, 13, 0, 0, 0, 1, 0, 0, 3.25, 96, 84, 91, 25, 0, 0, 3, 2),
(8, 91, 39, 1, 2, 0, 4, 3, 4, 1, 0, 1, 0, 19.5, 140, 104, 131, 10, 3, 0, 1, 0),
(8, 92, 32, 0, 3, 0, 8, 5, 1, 1, 0, 2, 0, 10.67, 137, 116, 129, 15, 4, 1, 0, 0),
(8, 96, 20, 0, 2, 0, 4, 0, 2, 0, 1, 0, 0, 10, 99, 86, 93, 0, 13, 0, 0, 2),
(9, 49, 26, 0, 4, 0, 7, 1, 1, 0, 0, 0, 0, 6.5, 99, 87, 93, 14, 10, 0, 0, 2),
(9, 53, 9, 0, 1, 0, 3, 2, 0, 0, 0, 1, 1, 9, 140, 115, 131, 6, 0, 2, 0, 2),
(9, 62, 25, 1, 4, 0, 11, 2, 1, 0, 0, 2, 1, 6.25, 143, 117, 137, 24, 0, 1, 1, 7),
(9, 63, 49, 2, 4, 0, 9, 2, 5, 0, 1, 3, 1, 12.25, 143, 114, 135, 25, 0, 1, 2, 9),
(9, 66, 32, 1, 4, 0, 8, 2, 2, 0, 0, 0, 0, 8, 105, 88, 95, 24, 0, 0, 1, 2),
(9, 71, 18, 0, 3, 0, 6, 2, 0, 0, 0, 2, 0, 6, 135, 107, 128, 18, 0, 0, 2, 3),
(10, 27, 38, 2, 3, 0, 5, 4, 2, 0, 0, 4, 0, 12.67, 145, 116, 139, 18, 0, 0, 1, 7),
(10, 28, 25, 2, 3, 0, 7, 0, 3, 0, 0, 0, 0, 8.33, 116, 87, 93, 18, 0, 0, 0, 1),
(10, 29, 26, 0, 3, 0, 7, 3, 1, 0, 0, 2, 2, 8.67, 144, 125, 139, 18, 0, 0, 1, 6),
(10, 33, 15, 0, 3, 0, 11, 1, 1, 0, 0, 0, 0, 5, 140, 134, 137, 18, 0, 0, 3, 1),
(10, 39, 50, 1, 3, 0, 4, 4, 4, 1, 0, 3, 0, 16.67, 138, 111, 131, 16, 3, 0, 0, 3),
(10, 43, 6, 0, 1, 0, 3, 1, 0, 0, 0, 0, 0, 6, 92, 82, 86, 0, 6, 0, 0, 0),
(11, 198, 45, 2, 4, 0, 5, 6, 1, 0, 3, 3, 0, 11.25, 143, 114, 136, 27, 0, 2, 1, 4),
(11, 201, 25, 3, 4, 0, 13, 4, 0, 0, 0, 0, 1, 6.25, 141, 135, 139, 13, 11, 1, 4, 4),
(11, 202, 24, 0, 4, 0, 11, 1, 1, 0, 1, 2, 0, 6, 150, 123, 142, 20, 5, 3, 2, 4),
(11, 204, 37, 0, 4, 0, 10, 6, 1, 0, 0, 0, 0, 9.25, 141, 124, 135, 24, 0, 0, 3, 2),
(11, 208, 27, 1, 4, 0, 8, 0, 2, 0, 0, 0, 0, 6.75, 99, 84, 93, 24, 0, 0, 0, 3),
(12, 228, 17, 1, 4, 0, 11, 1, 0, 0, 0, 0, 0, 4.25, 102, 81, 94, 0, 24, 0, 0, 1),
(12, 229, 31, 1, 3, 0, 3, 2, 2, 0, 0, 0, 0, 10.33, 96, 86, 91, 0, 18, 0, 1, 0),
(12, 231, 22, 2, 3, 0, 10, 4, 0, 0, 1, 4, 1, 7.33, 145, 111, 134, 19, 0, 2, 4, 3),
(12, 233, 33, 1, 3, 0, 9, 5, 1, 0, 0, 4, 1, 9, 140, 117, 132, 22, 0, 1, 1, 2),
(12, 234, 18, 0, 2, 0, 4, 3, 0, 0, 0, 3, 0, 9, 146, 121, 136, 12, 0, 0, 1, 1),
(12, 235, 34, 0, 4, 0, 11, 3, 2, 0, 2, 0, 0, 8.5, 102, 89, 95, 26, 0, 0, 2, 1),
(13, 152, 8, 0, 2, 0, 8, 1, 0, 0, 0, 0, 0, 4, 131, 121, 127, 11, 1, 0, 3, 0),
(13, 155, 23, 2, 4, 0, 13, 2, 1, 0, 0, 9, 1, 5.75, 137, 111, 124, 23, 1, 1, 4, 3),
(13, 160, 28, 2, 4, 0, 10, 3, 1, 0, 0, 0, 0, 7, 92, 83, 86, 24, 0, 0, 1, 0),
(13, 161, 51, 0, 4, 0, 10, 3, 4, 1, 1, 0, 0, 12.75, 147, 105, 139, 26, 0, 1, 4, 2),
(13, 167, 19, 0, 2, 0, 4, 2, 1, 0, 0, 0, 0, 9.5, 98, 87, 92, 0, 12, 0, 0, 1),
(13, 169, 20, 1, 4, 1, 14, 3, 0, 0, 0, 0, 0, 5, 142, 135, 138, 24, 0, 0, 7, 3),
(14, 24, 24, 0, 3, 0, 3, 1, 1, 0, 1, 8, 0, 8, 127, 100, 114, 19, 0, 0, 1, 0),
(14, 26, 30, 1, 4, 0, 9, 0, 3, 0, 0, 11, 0, 7.5, 133, 106, 122, 12, 12, 1, 2, 0),
(14, 28, 26, 0, 3, 0, 8, 3, 1, 0, 1, 0, 0, 8.67, 97, 88, 92, 19, 0, 0, 1, 1),
(14, 29, 31, 0, 4, 0, 6, 1, 1, 0, 0, 5, 0, 7.75, 142, 123, 135, 24, 0, 2, 3, 2),
(14, 33, 29, 0, 4, 1, 10, 3, 1, 0, 1, 1, 1, 7.25, 143, 124, 138, 25, 0, 1, 2, 0),
(14, 48, 8, 1, 0, 0, 1, 2, 0, 0, 0, 0, 0, 16, 87, 87, 87, 3, 0, 0, 0, 0),
(15, 24, 46, 1, 4, 0, 4, 5, 2, 0, 1, 3, 0, 11.5, 125, 99, 116, 19, 6, 1, 1, 0),
(15, 27, 35, 3, 4, 0, 10, 3, 2, 0, 0, 8, 0, 8.75, 141, 107, 126, 16, 8, 0, 3, 2),
(15, 28, 32, 0, 3, 0, 6, 2, 2, 0, 3, 0, 0, 10.67, 96, 87, 91, 21, 0, 0, 2, 0),
(15, 29, 17, 3, 4, 0, 15, 3, 0, 0, 0, 1, 3, 4.25, 145, 122, 134, 24, 0, 0, 4, 2),
(15, 33, 26, 0, 1, 0, 1, 2, 3, 0, 0, 0, 0, 26, 140, 128, 132, 6, 0, 0, 0, 0),
(15, 39, 32, 0, 4, 0, 10, 2, 2, 0, 2, 2, 2, 8, 139, 110, 129, 26, 0, 2, 1, 3),
(16, 99, 30, 1, 4, 0, 6, 0, 2, 0, 0, 0, 0, 7.5, 101, 56, 93, 4, 20, 0, 3, 0),
(16, 100, 29, 1, 4, 0, 11, 3, 1, 0, 1, 2, 0, 7.25, 138, 112, 131, 25, 0, 0, 3, 2),
(16, 107, 26, 2, 4, 0, 10, 2, 1, 0, 1, 0, 0, 6.5, 97, 75, 88, 25, 0, 0, 1, 2),
(16, 109, 36, 2, 3, 0, 8, 4, 2, 1, 1, 4, 0, 12, 146, 111, 133, 20, 0, 1, 1, 1),
(16, 112, 37, 1, 4, 0, 13, 4, 1, 1, 5, 3, 0, 9.25, 143, 96, 131, 30, 0, 3, 5, 1),
(16, 116, 11, 0, 1, 0, 1, 0, 1, 0, 0, 0, 0, 11, 100, 89, 93, 0, 6, 0, 0, 0),
(17, 223, 50, 2, 4, 0, 9, 3, 5, 0, 0, 0, 0, 12.5, 130, 108, 123, 22, 1, 0, 1, 0),
(17, 225, 30, 2, 4, 0, 9, 0, 3, 0, 0, 0, 0, 7.5, 104, 89, 95, 1, 23, 0, 2, 2),
(17, 231, 22, 0, 4, 0, 13, 2, 0, 0, 2, 0, 1, 5.5, 145, 135, 142, 26, 0, 2, 3, 2),
(17, 233, 31, 1, 4, 0, 9, 1, 2, 0, 1, 0, 1, 7.75, 140, 128, 136, 25, 0, 0, 1, 4),
(17, 235, 29, 0, 4, 0, 7, 3, 0, 0, 3, 0, 0, 7.25, 103, 92, 97, 27, 0, 0, 5, 4),
(18, 99, 20, 0, 4, 0, 5, 0, 0, 0, 0, 0, 0, 5, 102, 87, 93, 11, 13, 0, 0, 2),
(18, 100, 30, 2, 4, 0, 12, 4, 0, 0, 1, 2, 1, 7.5, 138, 111, 133, 20, 5, 0, 2, 3),
(18, 107, 41, 4, 4, 0, 7, 3, 2, 0, 2, 0, 0, 10.25, 95, 74, 87, 26, 0, 0, 3, 2),
(18, 112, 35, 1, 4, 0, 12, 4, 2, 0, 1, 0, 1, 8.75, 145, 129, 138, 22, 3, 0, 5, 2),
(18, 119, 35, 1, 4, 0, 8, 2, 2, 0, 0, 0, 1, 8.75, 146, 106, 139, 24, 0, 0, 4, 4),
(19, 172, 23, 3, 4, 0, 4, 1, 0, 0, 1, 5, 0, 5.75, 139, 111, 132, 22, 2, 0, 1, 2),
(19, 174, 42, 0, 4, 0, 6, 4, 1, 1, 2, 0, 0, 10.5, 135, 120, 131, 27, 0, 0, 1, 2),
(19, 178, 37, 0, 4, 0, 7, 1, 3, 0, 0, 0, 0, 9.25, 102, 89, 96, 0, 24, 0, 1, 0),
(19, 179, 32, 1, 4, 0, 10, 3, 1, 0, 0, 0, 0, 8, 96, 81, 88, 24, 0, 0, 2, 1),
(19, 184, 34, 2, 4, 0, 7, 5, 0, 0, 0, 1, 0, 8.5, 143, 123, 135, 23, 1, 0, 3, 3),
(20, 198, 7, 0, 1, 0, 1, 1, 0, 0, 0, 1, 0, 7, 141, 119, 132, 6, 0, 0, 0, 0),
(20, 199, 22, 0, 2, 0, 3, 1, 2, 0, 0, 0, 0, 11, 87, 81, 85, 12, 0, 0, 1, 0),
(20, 200, 14, 0, 1, 0, 2, 3, 0, 0, 1, 1, 0, 14, 123, 121, 122, 7, 0, 0, 2, 1),
(20, 201, 30, 2, 4, 0, 10, 5, 0, 0, 0, 0, 0, 7.5, 1368, 130, 249, 19, 5, 2, 0, 4),
(20, 202, 28, 4, 4, 0, 11, 5, 0, 0, 1, 1, 1, 7, 148, 130, 141, 12, 13, 4, 3, 4),
(20, 204, 22, 1, 4, 0, 9, 2, 0, 0, 0, 1, 0, 5.5, 141, 127, 137, 23, 1, 2, 1, 1),
(20, 208, 30, 1, 4, 0, 9, 1, 1, 0, 1, 0, 0, 7.5, 101, 90, 95, 25, 0, 0, 1, 4),
(21, 49, 15, 0, 4, 0, 10, 0, 0, 0, 0, 0, 0, 3.75, 98, 83, 90, 16, 8, 0, 4, 1),
(21, 53, 38, 1, 4, 0, 7, 5, 1, 0, 0, 0, 0, 9.5, 138, 128, 134, 23, 1, 2, 2, 1),
(21, 62, 20, 2, 4, 0, 15, 1, 1, 1, 2, 0, 0, 5, 140, 133, 137, 27, 0, 0, 3, 2),
(21, 66, 23, 1, 4, 0, 11, 1, 1, 0, 1, 0, 0, 5.75, 96, 88, 92, 17, 8, 0, 1, 3),
(21, 68, 35, 0, 4, 0, 12, 3, 2, 1, 1, 2, 0, 8.75, 138, 115, 134, 26, 0, 2, 3, 2),
(22, 123, 25, 0, 4, 0, 8, 1, 1, 0, 0, 0, 0, 6.25, 104, 89, 98, 0, 24, 0, 0, 4),
(22, 131, 19, 0, 2, 0, 9, 2, 1, 0, 0, 0, 0, 7.6, 138, 132, 135, 15, 0, 0, 1, 3),
(22, 132, 31, 1, 4, 0, 5, 1, 1, 0, 0, 0, 0, 7.75, 98, 90, 94, 6, 18, 0, 0, 2),
(22, 133, 20, 3, 4, 0, 11, 2, 0, 0, 0, 5, 0, 5, 134, 98, 121, 24, 0, 2, 1, 2),
(22, 134, 11, 0, 1, 0, 0, 2, 0, 0, 0, 0, 0, 11, 127, 120, 124, 4, 2, 0, 1, 1),
(22, 142, 23, 0, 3, 0, 9, 4, 0, 0, 0, 0, 0, 7.67, 139, 126, 133, 18, 0, 0, 1, 0),
(23, 2, 36, 1, 4, 0, 9, 3, 0, 0, 4, 4, 0, 9, 137, 113, 130, 28, 0, 1, 5, 2),
(23, 9, 8, 1, 1, 0, 3, 0, 1, 0, 0, 0, 0, 8, 98, 89, 93, 0, 6, 0, 0, 1),
(23, 11, 30, 1, 4, 0, 11, 4, 0, 0, 0, 3, 0, 7.5, 140, 123, 133, 24, 0, 1, 1, 1),
(23, 12, 21, 2, 4, 0, 7, 1, 0, 0, 0, 0, 0, 5.25, 100, 80, 94, 5, 19, 0, 0, 3),
(23, 14, 30, 2, 4, 0, 6, 2, 1, 0, 1, 4, 2, 7.5, 136, 118, 131, 25, 0, 1, 1, 2),
(23, 22, 29, 0, 3, 0, 8, 4, 1, 0, 0, 0, 1, 9.67, 153, 140, 147, 10, 8, 2, 3, 4),
(24, 123, 21, 0, 3, 0, 4, 1, 0, 0, 0, 0, 0, 7, 104, 89, 98, 0, 18, 0, 0, 0),
(24, 125, 34, 0, 3, 0, 5, 3, 2, 1, 0, 2, 0, 11.33, 137, 111, 132, 14, 5, 0, 1, 1),
(24, 133, 29, 1, 2, 0, 4, 4, 0, 0, 3, 4, 1, 10.88, 131, 106, 121, 12, 5, 0, 1, 2),
(24, 135, 10, 0, 1, 0, 1, 0, 1, 0, 0, 0, 0, 10, 93, 85, 88, 4, 2, 0, 0, 0),
(24, 141, 30, 1, 4, 0, 11, 2, 2, 0, 0, 0, 0, 7.5, 140, 125, 135, 24, 0, 0, 1, 2),
(24, 146, 31, 0, 4, 0, 8, 3, 1, 0, 0, 0, 1, 7.75, 98, 90, 94, 13, 9, 0, 0, 1),
(25, 227, 40, 2, 4, 0, 8, 6, 1, 0, 1, 1, 0, 10, 141, 118, 132, 25, 0, 1, 0, 4),
(25, 228, 36, 0, 3, 0, 2, 3, 2, 0, 1, 0, 0, 12, 107, 83, 98, 7, 12, 0, 0, 3),
(25, 229, 12, 0, 1, 0, 2, 1, 1, 0, 0, 0, 0, 12, 97, 93, 95, 1, 5, 0, 0, 0),
(25, 231, 49, 0, 4, 0, 6, 6, 2, 0, 1, 2, 0, 12.25, 145, 113, 135, 18, 7, 1, 0, 3),
(25, 233, 38, 2, 4, 0, 11, 5, 2, 0, 0, 1, 1, 9.5, 138, 115, 133, 23, 0, 4, 3, 2),
(25, 235, 24, 2, 4, 0, 10, 3, 0, 0, 0, 0, 0, 6, 103, 94, 98, 24, 0, 0, 6, 2),
(26, 123, 21, 0, 2, 0, 3, 2, 1, 0, 0, 0, 0, 10.5, 102, 93, 97, 0, 12, 0, 0, 0),
(26, 126, 31, 2, 4, 0, 8, 1, 1, 0, 3, 6, 0, 7.75, 130, 105, 119, 10, 17, 0, 2, 5),
(26, 133, 35, 1, 4, 0, 5, 2, 1, 0, 3, 5, 1, 8.75, 140, 105, 126, 9, 18, 1, 1, 2),
(26, 134, 25, 0, 1, 0, 0, 2, 2, 0, 2, 2, 0, 25, 128, 113, 122, 4, 4, 0, 1, 1),
(26, 135, 14, 0, 1, 0, 1, 1, 1, 0, 0, 0, 0, 14, 92, 87, 89, 4, 2, 0, 0, 1),
(26, 141, 39, 0, 3, 0, 8, 4, 2, 0, 3, 0, 0, 11.14, 138, 126, 133, 22, 2, 4, 1, 1),
(26, 142, 40, 1, 4, 0, 8, 6, 1, 0, 1, 0, 0, 10, 140, 129, 135, 15, 10, 0, 2, 2),
(27, 223, 30, 0, 4, 0, 7, 1, 1, 0, 3, 7, 0, 7.5, 127, 97, 117, 27, 0, 1, 3, 3),
(27, 225, 23, 1, 4, 1, 15, 3, 1, 0, 0, 0, 0, 5.75, 102, 94, 97, 9, 15, 0, 5, 2),
(27, 227, 28, 0, 3, 0, 8, 2, 2, 0, 1, 7, 0, 9.33, 137, 113, 125, 18, 1, 1, 3, 1),
(27, 228, 12, 0, 2, 0, 2, 0, 0, 0, 0, 0, 0, 6, 106, 93, 96, 0, 11, 0, 0, 1),
(27, 233, 32, 0, 3, 0, 5, 6, 0, 0, 0, 4, 0, 10.67, 140, 120, 133, 18, 0, 0, 2, 0),
(27, 235, 22, 2, 4, 0, 11, 3, 0, 0, 0, 0, 1, 5.5, 104, 90, 100, 24, 0, 0, 1, 2),
(28, 172, 26, 0, 4, 0, 8, 0, 1, 0, 2, 11, 0, 6.5, 140, 98, 123, 26, 0, 0, 1, 0),
(28, 174, 29, 1, 3, 0, 9, 3, 1, 0, 0, 6, 0, 7.91, 138, 110, 128, 22, 0, 0, 2, 3),
(28, 175, 35, 0, 2, 0, 2, 3, 2, 2, 0, 0, 0, 15, 144, 123, 138, 16, 0, 0, 1, 0),
(28, 178, 11, 0, 2, 0, 5, 1, 0, 0, 0, 0, 0, 5.5, 98, 92, 95, 0, 12, 0, 0, 1),
(28, 179, 31, 2, 3, 0, 6, 3, 1, 0, 0, 0, 0, 8.45, 112, 83, 88, 22, 0, 0, 0, 3),
(28, 193, 21, 1, 4, 0, 9, 1, 0, 0, 0, 0, 0, 5.25, 105, 90, 98, 6, 17, 0, 0, 0),
(29, 152, 7, 0, 2, 0, 5, 0, 0, 0, 0, 0, 0, 3.5, 129, 125, 127, 12, 0, 0, 2, 1),
(29, 155, 11, 2, 4, 2, 19, 2, 0, 0, 0, 5, 1, 2.75, 136, 115, 127, 24, 0, 4, 5, 8),
(29, 160, 20, 4, 4, 0, 15, 0, 2, 0, 0, 0, 0, 5, 95, 81, 88, 24, 0, 0, 0, 1),
(29, 161, 25, 1, 4, 0, 11, 4, 0, 0, 0, 0, 1, 6.25, 142, 134, 138, 24, 0, 2, 2, 5),
(29, 167, 16, 0, 1, 0, 2, 0, 2, 0, 1, 0, 0, 16, 95, 90, 93, 0, 7, 0, 0, 0),
(29, 169, 45, 3, 4, 0, 10, 5, 3, 1, 0, 0, 1, 11.74, 144, 131, 138, 24, 0, 1, 6, 3),
(30, 49, 12, 1, 4, 0, 13, 0, 0, 0, 0, 0, 0, 3, 100, 87, 93, 4, 20, 0, 3, 0),
(30, 50, 20, 3, 4, 0, 16, 2, 0, 0, 2, 2, 0, 5, 132, 118, 128, 26, 0, 0, 5, 4),
(30, 53, 36, 0, 2, 0, 6, 2, 3, 1, 1, 0, 0, 15.43, 139, 119, 129, 15, 1, 2, 3, 0),
(30, 56, 10, 0, 1, 0, 2, 2, 0, 0, 0, 2, 0, 10, 125, 105, 113, 6, 0, 0, 2, 1),
(30, 62, 16, 2, 4, 0, 13, 2, 0, 0, 0, 2, 0, 4, 143, 112, 134, 21, 3, 2, 0, 3),
(30, 66, 33, 1, 4, 0, 10, 3, 2, 0, 1, 0, 0, 8.25, 94, 85, 91, 19, 6, 0, 3, 0),
(31, 81, 14, 0, 1, 0, 1, 0, 1, 0, 1, 0, 0, 14, 98, 90, 94, 7, 0, 0, 1, 0),
(31, 82, 37, 0, 4, 0, 9, 4, 2, 0, 0, 2, 2, 9.25, 136, 112, 126, 21, 3, 0, 2, 1),
(31, 88, 22, 1, 4, 0, 7, 0, 0, 0, 1, 0, 0, 5.5, 98, 87, 91, 24, 1, 0, 5, 1),
(31, 91, 52, 0, 4, 0, 8, 5, 4, 0, 1, 1, 0, 13, 142, 89, 135, 17, 8, 0, 3, 0),
(31, 92, 31, 1, 4, 0, 9, 0, 2, 0, 3, 2, 0, 7.75, 144, 113, 132, 22, 5, 0, 2, 2),
(31, 96, 38, 0, 3, 0, 5, 0, 4, 0, 1, 0, 0, 12.67, 103, 88, 94, 0, 19, 0, 1, 0),
(32, 152, 28, 0, 3, 0, 5, 3, 1, 0, 0, 0, 0, 9.33, 137, 118, 130, 18, 0, 0, 1, 0),
(32, 155, 36, 1, 4, 0, 10, 1, 2, 0, 5, 0, 0, 9, 132, 105, 122, 21, 8, 0, 7, 0),
(32, 160, 40, 1, 4, 0, 10, 1, 4, 0, 1, 0, 0, 10, 96, 80, 86, 25, 0, 0, 2, 1),
(32, 161, 59, 2, 4, 0, 8, 3, 4, 0, 6, 1, 0, 14.75, 143, 112, 135, 30, 0, 1, 6, 3),
(32, 167, 6, 0, 1, 0, 3, 1, 0, 0, 0, 0, 0, 6, 95, 89, 92, 0, 6, 0, 0, 1),
(32, 169, 38, 1, 3, 0, 4, 2, 3, 0, 0, 0, 0, 12.67, 140, 115, 131, 18, 0, 0, 1, 2),
(33, 123, 34, 1, 4, 0, 10, 2, 2, 0, 3, 0, 0, 8.5, 105, 94, 99, 0, 27, 0, 3, 3),
(33, 125, 23, 2, 4, 0, 12, 0, 1, 0, 1, 0, 2, 5.75, 140, 127, 135, 16, 9, 0, 2, 4),
(33, 126, 30, 2, 4, 0, 10, 2, 1, 0, 4, 5, 0, 7.5, 130, 107, 118, 16, 12, 0, 7, 5),
(33, 133, 32, 1, 3, 0, 8, 3, 2, 0, 2, 4, 0, 10.67, 136, 89, 118, 8, 12, 0, 3, 4),
(33, 135, 8, 0, 1, 0, 3, 0, 1, 0, 0, 0, 0, 8, 89, 86, 88, 6, 0, 0, 0, 0),
(33, 141, 52, 1, 4, 0, 11, 5, 4, 0, 3, 0, 0, 13, 138, 123, 134, 27, 0, 0, 1, 3),
(34, 81, 25, 2, 3, 0, 7, 2, 1, 0, 1, 0, 0, 8.33, 101, 91, 96, 19, 0, 0, 0, 5),
(34, 84, 28, 1, 3, 0, 11, 2, 2, 2, 0, 2, 0, 9.33, 141, 114, 129, 20, 0, 1, 2, 1),
(34, 88, 25, 3, 4, 0, 9, 1, 1, 0, 0, 0, 0, 6.25, 98, 81, 90, 24, 0, 0, 1, 4),
(34, 90, 21, 2, 4, 0, 14, 3, 0, 0, 1, 0, 0, 5.25, 135, 122, 129, 19, 6, 1, 3, 5),
(34, 91, 14, 1, 2, 0, 6, 1, 1, 0, 0, 0, 0, 7, 140, 133, 137, 12, 0, 1, 2, 1),
(34, 92, 13, 1, 2, 0, 5, 2, 0, 0, 0, 2, 0, 6.5, 138, 112, 128, 12, 0, 0, 0, 2),
(35, 152, 29, 1, 4, 0, 6, 2, 1, 0, 0, 0, 0, 7.25, 132, 124, 128, 24, 0, 0, 3, 6),
(35, 155, 18, 1, 4, 0, 10, 1, 0, 0, 2, 10, 1, 4.5, 137, 113, 123, 18, 8, 2, 2, 2),
(35, 160, 32, 1, 4, 0, 10, 2, 2, 0, 0, 0, 0, 8, 93, 79, 86, 24, 0, 0, 2, 0),
(35, 161, 43, 0, 4, 0, 8, 1, 4, 0, 2, 0, 1, 10.75, 145, 130, 139, 26, 0, 0, 3, 1),
(35, 169, 44, 0, 4, 0, 6, 0, 4, 1, 0, 0, 1, 11, 140, 121, 135, 24, 0, 0, 4, 3),
(36, 99, 39, 0, 4, 0, 9, 5, 1, 1, 3, 0, 0, 9.75, 103, 81, 91, 11, 17, 0, 4, 1),
(36, 100, 34, 2, 4, 0, 9, 4, 1, 0, 0, 2, 0, 8.5, 138, 112, 133, 24, 0, 0, 1, 6),
(36, 107, 15, 2, 4, 0, 11, 1, 0, 0, 0, 0, 0, 3.75, 93, 67, 84, 23, 0, 0, 1, 0),
(36, 109, 36, 1, 3, 0, 1, 4, 1, 0, 1, 8, 1, 12, 143, 111, 127, 19, 0, 0, 1, 4),
(36, 112, 40, 0, 4, 0, 8, 6, 1, 0, 2, 2, 0, 10, 144, 106, 136, 26, 0, 0, 3, 2),
(36, 117, 6, 0, 0, 0, 0, 0, 1, 0, 0, 0, 0, 36, 84, 84, 84, 1, 0, 0, 0, 0),
(37, 2, 25, 0, 4, 0, 7, 1, 0, 0, 0, 0, 2, 6.25, 137, 123, 133, 24, 0, 0, 1, 2),
(37, 12, 28, 2, 4, 0, 10, 3, 1, 0, 0, 0, 0, 7, 103, 81, 95, 19, 5, 0, 1, 3),
(37, 14, 26, 2, 4, 0, 5, 1, 0, 0, 0, 1, 1, 6.5, 137, 119, 131, 18, 6, 0, 2, 1),
(37, 18, 8, 0, 1, 0, 1, 1, 0, 0, 0, 0, 0, 8, 97, 89, 93, 6, 0, 0, 0, 0),
(37, 20, 42, 2, 4, 0, 10, 3, 3, 0, 1, 6, 0, 10.5, 139, 104, 128, 25, 0, 0, 0, 1),
(37, 22, 39, 0, 3, 0, 4, 5, 2, 0, 0, 0, 1, 13, 152, 142, 148, 18, 0, 2, 1, 1),
(38, 223, 34, 3, 4, 0, 8, 3, 1, 0, 2, 3, 0, 8.5, 129, 100, 123, 21, 5, 0, 1, 6),
(38, 227, 39, 0, 4, 0, 5, 5, 1, 0, 1, 5, 2, 9.75, 139, 113, 130, 25, 0, 0, 3, 2),
(38, 228, 27, 2, 4, 0, 8, 0, 2, 0, 0, 0, 0, 6.75, 108, 80, 94, 2, 22, 0, 0, 0),
(38, 233, 24, 4, 4, 0, 15, 2, 1, 0, 1, 0, 2, 6, 137, 121, 134, 25, 0, 0, 3, 1),
(38, 235, 29, 0, 4, 0, 5, 2, 0, 1, 1, 0, 0, 7.25, 107, 95, 99, 26, 0, 0, 5, 0),
(39, 174, 47, 0, 4, 0, 7, 3, 4, 0, 1, 0, 1, 11.75, 138, 129, 134, 25, 0, 0, 1, 2),
(39, 178, 40, 0, 4, 0, 3, 4, 1, 0, 0, 0, 0, 10, 101, 84, 94, 11, 13, 0, 0, 0),
(39, 179, 18, 3, 4, 0, 8, 0, 0, 0, 0, 0, 0, 4.5, 93, 78, 85, 24, 0, 0, 1, 1),
(39, 184, 27, 2, 4, 0, 13, 5, 0, 0, 0, 2, 0, 6.75, 141, 122, 135, 24, 0, 0, 2, 1),
(39, 187, 29, 0, 2, 0, 4, 5, 1, 0, 1, 1, 0, 14.5, 146, 117, 140, 13, 0, 0, 2, 0),
(39, 193, 15, 0, 2, 0, 2, 1, 0, 0, 0, 0, 0, 7.5, 105, 87, 99, 0, 11, 0, 0, 0),
(40, 27, 26, 1, 3, 0, 6, 2, 1, 0, 2, 2, 0, 8.67, 143, 109, 131, 20, 0, 0, 1, 1),
(40, 28, 14, 2, 4, 0, 14, 1, 0, 0, 0, 0, 0, 3.5, 95, 85, 89, 24, 0, 0, 0, 2),
(40, 29, 43, 0, 3, 0, 4, 7, 1, 0, 0, 1, 2, 12.9, 140, 123, 135, 20, 0, 0, 0, 2),
(40, 33, 35, 3, 4, 0, 10, 2, 2, 0, 3, 2, 1, 8.75, 143, 117, 134, 20, 7, 0, 0, 3),
(40, 39, 57, 0, 4, 0, 4, 6, 3, 0, 2, 9, 1, 14.25, 138, 103, 122, 12, 14, 0, 2, 1),
(41, 49, 21, 2, 4, 0, 11, 3, 0, 0, 0, 0, 0, 5.25, 99, 89, 94, 8, 16, 0, 0, 1),
(41, 53, 16, 1, 2, 0, 3, 0, 1, 0, 0, 2, 0, 8, 135, 105, 123, 12, 0, 1, 0, 2),
(41, 56, 14, 0, 1, 0, 0, 1, 1, 0, 0, 0, 1, 14, 128, 111, 122, 4, 2, 0, 0, 0),
(41, 62, 48, 1, 4, 0, 7, 5, 3, 1, 0, 0, 0, 12, 144, 124, 137, 25, 0, 1, 2, 3),
(41, 63, 51, 0, 4, 0, 3, 4, 3, 0, 2, 5, 0, 12.75, 142, 115, 130, 11, 15, 1, 1, 1),
(41, 66, 44, 1, 4, 0, 8, 3, 3, 2, 0, 0, 0, 11, 104, 85, 94, 16, 10, 0, 0, 3),
(41, 71, 10, 0, 1, 0, 2, 2, 0, 0, 0, 0, 0, 10, 130, 127, 128, 6, 0, 0, 0, 0),
(42, 172, 21, 0, 4, 0, 13, 2, 0, 0, 0, 0, 0, 5.25, 142, 114, 132, 24, 0, 0, 2, 3),
(42, 174, 30, 2, 2, 0, 4, 3, 2, 0, 0, 1, 0, 11.25, 137, 115, 131, 12, 4, 0, 1, 2),
(42, 178, 32, 0, 3, 0, 3, 2, 2, 0, 0, 0, 0, 10.67, 100, 81, 93, 0, 18, 0, 0, 1),
(42, 179, 35, 4, 4, 0, 8, 2, 2, 0, 2, 0, 0, 8.75, 96, 79, 87, 26, 0, 0, 3, 1),
(42, 184, 25, 3, 4, 0, 13, 4, 0, 0, 0, 0, 0, 6.25, 143, 122, 134, 24, 0, 1, 0, 3),
(42, 186, 17, 0, 1, 0, 0, 1, 1, 0, 1, 3, 0, 17, 121, 104, 110, 7, 0, 0, 0, 1),
(42, 193, 8, 1, 1, 0, 3, 0, 1, 0, 0, 0, 0, 8, 107, 89, 99, 2, 4, 0, 0, 0),
(43, 153, 29, 0, 3, 0, 9, 0, 4, 0, 0, 0, 0, 9.67, 95, 86, 92, 0, 18, 0, 0, 1),
(43, 158, 33, 1, 4, 0, 12, 1, 3, 0, 1, 0, 1, 8.25, 138, 122, 133, 25, 0, 0, 3, 2),
(43, 160, 35, 2, 3, 0, 4, 2, 3, 0, 1, 0, 0, 11.67, 97, 81, 85, 19, 0, 0, 4, 1),
(43, 161, 37, 0, 4, 0, 11, 4, 2, 1, 0, 0, 0, 9.25, 141, 125, 137, 25, 0, 0, 1, 5),
(43, 167, 18, 0, 2, 0, 1, 0, 1, 0, 0, 0, 0, 9, 92, 86, 90, 7, 5, 0, 0, 1),
(43, 169, 58, 0, 4, 0, 5, 5, 4, 0, 4, 0, 0, 14.5, 140, 123, 135, 25, 3, 1, 2, 7),
(44, 123, 39, 3, 4, 0, 10, 4, 2, 0, 0, 0, 0, 9.75, 100, 92, 96, 0, 24, 0, 1, 3),
(44, 125, 20, 0, 2, 0, 2, 3, 0, 0, 0, 0, 1, 10, 138, 106, 127, 10, 2, 0, 1, 2),
(44, 133, 42, 1, 4, 0, 6, 4, 0, 1, 6, 0, 0, 10.5, 134, 96, 119, 5, 26, 0, 5, 3),
(44, 135, 19, 0, 3, 0, 8, 3, 0, 0, 0, 0, 0, 6.33, 90, 85, 87, 6, 12, 0, 1, 1),
(44, 141, 40, 1, 3, 0, 4, 2, 2, 0, 2, 0, 0, 13.33, 138, 126, 135, 15, 5, 0, 1, 3),
(44, 146, 33, 4, 4, 0, 10, 1, 3, 0, 0, 0, 0, 8.25, 100, 82, 95, 24, 0, 0, 2, 5),
(45, 26, 44, 1, 4, 0, 8, 3, 3, 0, 1, 0, 1, 11, 139, 103, 120, 19, 6, 1, 1, 5),
(45, 27, 37, 0, 4, 0, 6, 4, 1, 0, 2, 0, 0, 9.25, 144, 111, 135, 21, 5, 0, 5, 2),
(45, 28, 34, 1, 4, 0, 4, 2, 2, 0, 0, 0, 0, 8.5, 96, 85, 90, 24, 0, 0, 2, 2),
(45, 29, 28, 1, 4, 0, 5, 2, 0, 0, 2, 0, 5, 7, 145, 127, 139, 20, 6, 2, 1, 2),
(45, 33, 47, 2, 4, 0, 6, 3, 3, 0, 2, 0, 2, 11.75, 144, 119, 135, 26, 0, 1, 1, 1),
(46, 81, 11, 0, 1, 0, 1, 2, 0, 0, 0, 0, 0, 11, 96, 91, 93, 2, 4, 0, 0, 1),
(46, 84, 29, 2, 4, 0, 15, 3, 2, 0, 0, 0, 2, 7.25, 144, 111, 137, 24, 0, 0, 2, 5),
(46, 88, 44, 0, 4, 0, 6, 2, 4, 0, 0, 0, 0, 11, 106, 82, 89, 24, 0, 0, 4, 3),
(46, 90, 43, 1, 4, 0, 9, 2, 4, 0, 2, 0, 1, 10.75, 143, 112, 132, 25, 1, 1, 7, 7),
(46, 91, 30, 4, 3, 0, 9, 1, 3, 0, 2, 0, 0, 10, 143, 128, 137, 12, 8, 0, 5, 2),
(46, 92, 29, 0, 4, 0, 11, 2, 1, 1, 0, 0, 2, 7.25, 141, 128, 135, 12, 13, 1, 5, 4),
(47, 99, 33, 0, 4, 0, 9, 1, 2, 0, 1, 0, 0, 8.25, 96, 88, 93, 23, 2, 0, 4, 0),
(47, 103, 29, 0, 3, 0, 5, 5, 0, 0, 0, 0, 1, 9.67, 136, 118, 133, 18, 0, 0, 0, 1),
(47, 107, 32, 1, 4, 0, 6, 1, 2, 0, 1, 0, 0, 8, 95, 73, 84, 25, 0, 0, 1, 3),
(47, 112, 35, 0, 4, 0, 11, 5, 1, 1, 1, 0, 1, 8.75, 146, 99, 138, 22, 4, 0, 4, 2),
(47, 116, 12, 1, 1, 0, 2, 1, 1, 0, 0, 0, 0, 12, 97, 83, 89, 6, 0, 0, 1, 0),
(47, 119, 51, 1, 4, 0, 6, 9, 1, 0, 0, 0, 0, 12.75, 147, 138, 144, 23, 1, 1, 2, 5),
(48, 199, 9, 0, 1, 0, 2, 0, 1, 0, 0, 0, 0, 9, 92, 88, 90, 6, 0, 0, 0, 0),
(48, 200, 1, 0, 0, 0, 2, 0, 0, 0, 0, 0, 0, 2, 124, 121, 123, 3, 0, 0, 1, 0),
(48, 201, 39, 1, 4, 0, 6, 4, 1, 0, 0, 0, 1, 9.75, 145, 125, 138, 16, 7, 1, 1, 1),
(48, 202, 23, 3, 4, 0, 12, 0, 2, 0, 0, 0, 1, 5.75, 150, 123, 142, 23, 1, 1, 4, 1),
(48, 204, 18, 1, 2, 0, 4, 1, 0, 0, 2, 0, 0, 7.2, 137, 120, 129, 17, 0, 2, 0, 2),
(48, 208, 24, 0, 4, 0, 10, 1, 1, 0, 0, 0, 0, 6, 99, 92, 95, 23, 1, 0, 2, 1),
(48, 214, 40, 3, 4, 0, 13, 6, 2, 0, 0, 0, 0, 10, 140, 104, 130, 22, 2, 4, 5, 5),
(49, 201, 20, 1, 4, 0, 13, 2, 0, 0, 2, 0, 0, 5, 144, 135, 140, 21, 5, 0, 4, 4),
(49, 202, 46, 0, 4, 0, 5, 4, 3, 0, 0, 0, 1, 11.5, 149, 127, 141, 18, 6, 0, 2, 1),
(49, 205, 34, 2, 4, 0, 10, 1, 3, 0, 1, 0, 0, 8.5, 148, 126, 143, 25, 0, 0, 5, 3),
(49, 208, 29, 0, 4, 0, 5, 1, 1, 0, 0, 0, 0, 7.25, 101, 89, 94, 24, 0, 0, 1, 2),
(49, 214, 40, 1, 4, 0, 8, 3, 2, 1, 1, 1, 0, 10, 138, 104, 132, 26, 0, 1, 1, 1),
(50, 123, 25, 1, 3, 0, 6, 1, 2, 0, 0, 0, 0, 8.33, 103, 90, 98, 1, 17, 0, 0, 2),
(50, 125, 58, 0, 4, 0, 3, 5, 4, 1, 0, 1, 0, 15.13, 142, 105, 135, 21, 3, 0, 0, 2),
(50, 133, 23, 3, 4, 1, 12, 1, 1, 0, 0, 0, 1, 5.75, 132, 101, 118, 24, 0, 0, 6, 7),
(50, 135, 17, 0, 2, 0, 3, 1, 1, 0, 0, 0, 0, 8.5, 92, 83, 87, 2, 10, 0, 1, 0),
(50, 141, 18, 1, 3, 0, 10, 3, 0, 0, 1, 0, 0, 6, 143, 133, 138, 19, 0, 0, 2, 1),
(50, 146, 24, 2, 4, 0, 7, 1, 1, 0, 0, 0, 1, 6, 105, 94, 100, 24, 0, 0, 1, 2),
(51, 49, 21, 2, 4, 0, 10, 0, 1, 0, 2, 0, 0, 5.25, 100, 87, 93, 7, 19, 0, 5, 0),
(51, 53, 29, 1, 2, 0, 3, 3, 2, 0, 1, 3, 0, 14.5, 135, 110, 126, 13, 0, 1, 1, 1),
(51, 62, 44, 0, 4, 0, 10, 3, 3, 1, 0, 2, 0, 11, 143, 135, 139, 25, 0, 2, 4, 4),
(51, 63, 50, 1, 4, 0, 3, 7, 1, 0, 2, 1, 1, 12.5, 143, 117, 138, 20, 6, 2, 4, 4),
(51, 66, 30, 0, 2, 0, 1, 1, 2, 0, 1, 0, 0, 15, 96, 91, 94, 11, 2, 0, 0, 1),
(51, 68, 34, 1, 4, 0, 8, 4, 1, 0, 0, 2, 0, 8.5, 141, 114, 135, 24, 0, 1, 4, 0),
(52, 99, 38, 1, 4, 0, 8, 1, 3, 0, 0, 0, 0, 9.5, 101, 88, 95, 13, 11, 0, 2, 4),
(52, 100, 48, 0, 4, 0, 7, 5, 3, 0, 0, 0, 0, 12, 141, 131, 136, 22, 2, 1, 1, 2),
(52, 107, 40, 5, 4, 0, 7, 4, 1, 0, 4, 0, 0, 10, 99, 85, 90, 28, 0, 0, 1, 4),
(52, 112, 43, 1, 4, 0, 5, 6, 0, 0, 5, 2, 0, 10.75, 146, 93, 135, 22, 7, 1, 3, 3),
(52, 114, 41, 2, 3, 0, 6, 2, 2, 0, 4, 6, 0, 11.18, 1325, 107, 196, 26, 0, 3, 4, 2),
(53, 2, 22, 3, 4, 0, 13, 1, 1, 0, 0, 0, 0, 5.5, 136, 118, 130, 24, 0, 1, 3, 5),
(53, 8, 28, 1, 4, 0, 10, 1, 2, 0, 1, 0, 0, 7, 93, 84, 89, 0, 25, 0, 0, 1),
(53, 11, 35, 0, 4, 0, 11, 5, 1, 0, 1, 0, 0, 8.75, 140, 115, 131, 20, 5, 1, 7, 1),
(53, 14, 38, 1, 4, 0, 8, 3, 1, 0, 4, 0, 2, 9.5, 137, 121, 132, 28, 0, 2, 4, 2),
(53, 22, 28, 4, 4, 1, 15, 3, 2, 0, 0, 0, 1, 7, 153, 143, 147, 23, 1, 2, 6, 3),
(54, 81, 19, 0, 2, 0, 3, 0, 2, 0, 0, 0, 0, 9.5, 97, 81, 90, 6, 6, 0, 0, 1),
(54, 84, 29, 1, 4, 0, 9, 3, 0, 0, 0, 0, 0, 7.25, 141, 115, 133, 24, 0, 0, 1, 1),
(54, 88, 28, 2, 4, 0, 7, 1, 0, 0, 1, 0, 0, 7, 96, 82, 88, 25, 0, 0, 1, 2),
(54, 90, 35, 0, 4, 0, 8, 5, 1, 0, 0, 0, 0, 9.13, 140, 129, 133, 23, 0, 0, 1, 3),
(54, 91, 8, 0, 1, 0, 3, 0, 1, 0, 0, 0, 1, 8, 135, 131, 134, 6, 0, 0, 0, 0),
(54, 92, 32, 0, 4, 0, 7, 3, 0, 0, 2, 0, 1, 8, 138, 113, 131, 20, 5, 2, 1, 0);

-- --------------------------------------------------------

--
-- Table structure for table `inning_bowling`
--

CREATE TABLE `inning_bowling` (
  `scorcardInningId` int NOT NULL,
  `overs` float NOT NULL,
  `wickets` int NOT NULL,
  `maidens` int NOT NULL,
  `extras` int NOT NULL,
  `noBalls` int NOT NULL,
  `byes` int NOT NULL,
  `legByes` int NOT NULL,
  `dotBalls` int NOT NULL
) ENGINE=InnoDB ;

--
-- Dumping data for table `inning_bowling`
--

INSERT INTO `inning_bowling` (`scorcardInningId`, `overs`, `wickets`, `maidens`, `extras`, `noBalls`, `byes`, `legByes`, `dotBalls`) VALUES
(1, 20, 9, 0, 4, 0, 0, 1, 0),
(2, 20, 4, 0, 7, 1, 0, 2, 0),
(3, 20, 7, 0, 22, 0, 0, 2, 0),
(4, 19, 2, 0, 6, 0, 1, 2, 0),
(5, 20, 6, 0, 14, 4, 0, 4, 0),
(6, 20, 7, 2, 10, 1, 0, 5, 0),
(7, 18, 10, 1, 11, 2, 0, 2, 0),
(8, 14, 4, 1, 6, 2, 0, 1, 0),
(9, 20, 4, 0, 3, 0, 0, 2, 0),
(10, 16, 5, 0, 3, 1, 0, 2, 0),
(11, 20, 6, 0, 4, 0, 0, 0, 0),
(12, 19, 5, 0, 9, 0, 0, 6, 0),
(13, 20, 6, 1, 4, 1, 0, 2, 0),
(14, 18, 3, 1, 7, 0, 0, 4, 0),
(15, 20, 8, 0, 11, 0, 0, 5, 0),
(16, 20, 8, 0, 11, 2, 0, 1, 0),
(17, 20, 6, 0, 9, 0, 0, 3, 0),
(18, 20, 8, 0, 5, 0, 0, 1, 0),
(19, 20, 6, 0, 7, 1, 1, 2, 0),
(20, 20, 9, 0, 11, 0, 0, 4, 0),
(21, 20, 5, 0, 6, 2, 0, 0, 0),
(22, 18, 4, 0, 4, 0, 4, 0, 0),
(23, 20, 7, 0, 5, 0, 0, 0, 0),
(24, 17, 2, 0, 4, 1, 0, 0, 0),
(25, 20, 7, 0, 14, 0, 4, 7, 0),
(26, 19, 4, 0, 18, 0, 0, 6, 0),
(27, 20, 3, 1, 6, 0, 0, 2, 0),
(28, 19, 4, 0, 6, 2, 0, 2, 0),
(29, 18, 10, 2, 6, 1, 2, 2, 0),
(30, 19, 7, 0, 14, 1, 4, 1, 0),
(31, 20, 2, 0, 23, 0, 5, 6, 0),
(32, 19, 5, 0, 22, 0, 0, 1, 0),
(33, 20, 8, 0, 14, 0, 0, 1, 0),
(34, 18, 10, 0, 4, 2, 0, 0, 0),
(35, 20, 3, 0, 8, 1, 0, 3, 0),
(36, 19, 6, 0, 10, 1, 0, 3, 0),
(37, 20, 7, 0, 4, 0, 0, 1, 0),
(38, 20, 9, 0, 10, 1, 0, 4, 0),
(39, 20, 5, 0, 3, 0, 0, 1, 0),
(40, 18, 6, 0, 11, 0, 0, 4, 0),
(41, 20, 5, 0, 16, 3, 4, 7, 0),
(42, 19, 10, 0, 6, 0, 0, 3, 0),
(43, 20, 4, 0, 13, 1, 4, 2, 0),
(44, 20, 9, 0, 9, 1, 0, 0, 0),
(45, 20, 5, 0, 16, 0, 0, 8, 0),
(46, 20, 9, 0, 5, 1, 0, 0, 0),
(47, 20, 4, 0, 4, 1, 0, 0, 0),
(48, 19, 9, 0, 3, 0, 0, 1, 0),
(49, 20, 5, 0, 5, 1, 0, 0, 0),
(50, 19, 7, 1, 7, 1, 4, 1, 0),
(51, 20, 5, 0, 16, 1, 3, 6, 0),
(52, 19, 10, 0, 13, 0, 0, 0, 0),
(53, 20, 10, 1, 7, 0, 0, 0, 0),
(54, 18, 3, 0, 8, 0, 0, 1, 0);

-- --------------------------------------------------------

--
-- Table structure for table `match_lineup`
--

CREATE TABLE `match_lineup` (
  `matchId` int NOT NULL,
  `competitorId` int NOT NULL,
  `playerId` int NOT NULL,
  `isCaptain` tinyint(1) NOT NULL DEFAULT '0',
  `isWicketKeeper` tinyint(1) NOT NULL DEFAULT '0',
  `order` tinyint NOT NULL,
  `points` int DEFAULT '0',
  `runsPoints` int NOT NULL DEFAULT '0',
  `foursPoints` int NOT NULL DEFAULT '0',
  `sixesPoints` int NOT NULL DEFAULT '0',
  `numberRunsPoints` int NOT NULL DEFAULT '0',
  `numberWicketPoints` int NOT NULL DEFAULT '0',
  `wicketPoints` int NOT NULL DEFAULT '0',
  `maidenOverPoints` int NOT NULL DEFAULT '0',
  `lbwOrBowledPoints` int NOT NULL DEFAULT '0',
  `catchesPoints` int NOT NULL DEFAULT '0',
  `runOutPoints` int NOT NULL DEFAULT '0',
  `economyPoints` int DEFAULT NULL,
  `strikeRatePoints` int NOT NULL,
  `logTime` timestamp NOT NULL DEFAULT CURRENT_TIMESTAMP
) ENGINE=InnoDB ;

-- --------------------------------------------------------

--
-- Table structure for table `match_players`
--

CREATE TABLE `match_players` (
  `matchId` int NOT NULL,
  `competitorId` int NOT NULL,
  `playerId` int NOT NULL,
  `isSelected` tinyint(1) NOT NULL DEFAULT '0',
  `isCaptain` tinyint(1) NOT NULL DEFAULT '0',
  `isWicketKeeper` tinyint(1) NOT NULL DEFAULT '0',
  `order` int DEFAULT NULL,
  `points` int DEFAULT NULL,
  `runsPoints` int NOT NULL DEFAULT '0',
  `foursPoints` int NOT NULL DEFAULT '0',
  `sixesPoints` int NOT NULL DEFAULT '0',
  `numberRunsPoints` int NOT NULL DEFAULT '0',
  `numberWicketPoints` int NOT NULL DEFAULT '0',
  `wicketPoints` int NOT NULL DEFAULT '0',
  `maidenOverPoints` int NOT NULL DEFAULT '0',
  `lbwOrBowledPoints` int NOT NULL DEFAULT '0',
  `catchesPoints` int NOT NULL DEFAULT '0',
  `runOutPoints` int NOT NULL DEFAULT '0',
  `economyPoints` int DEFAULT NULL,
  `strikeRatePoints` int DEFAULT NULL,
  `logTime` timestamp NOT NULL DEFAULT CURRENT_TIMESTAMP
) ENGINE=InnoDB ;

--
-- Dumping data for table `match_players`
--

INSERT INTO `match_players` (`matchId`, `competitorId`, `playerId`, `isSelected`, `isCaptain`, `isWicketKeeper`, `order`, `points`, `runsPoints`, `foursPoints`, `sixesPoints`, `numberRunsPoints`, `numberWicketPoints`, `wicketPoints`, `maidenOverPoints`, `lbwOrBowledPoints`, `catchesPoints`, `runOutPoints`, `economyPoints`, `strikeRatePoints`) VALUES
(1, 3, 49, 1, 0, 0, NULL, NULL, 0, 0, 0, 0, 0, 0, 0, 0, 0, 0, NULL, NULL),
(1, 3, 50, 0, 0, 0, NULL, NULL, 0, 0, 0, 0, 0, 0, 0, 0, 0, 0, NULL, NULL),
(1, 3, 51, 1, 0, 1, NULL, NULL, 0, 0, 0, 0, 0, 0, 0, 0, 0, 0, NULL, NULL),
(1, 3, 52, 0, 0, 0, NULL, NULL, 0, 0, 0, 0, 0, 0, 0, 0, 0, 0, NULL, NULL),
(1, 3, 53, 1, 0, 0, NULL, NULL, 0, 0, 0, 0, 0, 0, 0, 0, 0, 0, NULL, NULL),
(1, 3, 54, 1, 0, 0, NULL, NULL, 0, 0, 0, 0, 0, 0, 0, 0, 0, 0, NULL, NULL),
(1, 3, 55, 1, 0, 0, NULL, NULL, 0, 0, 0, 0, 0, 0, 0, 0, 0, 0, NULL, NULL),
(1, 3, 56, 1, 0, 0, NULL, NULL, 0, 0, 0, 0, 0, 0, 0, 0, 0, 0, NULL, NULL),
(1, 3, 57, 0, 0, 0, NULL, NULL, 0, 0, 0, 0, 0, 0, 0, 0, 0, 0, NULL, NULL),
(1, 3, 58, 1, 0, 0, NULL, NULL, 0, 0, 0, 0, 0, 0, 0, 0, 0, 0, NULL, NULL),
(1, 3, 59, 0, 0, 0, NULL, NULL, 0, 0, 0, 0, 0, 0, 0, 0, 0, 0, NULL, NULL),
(1, 3, 60, 1, 1, 0, NULL, NULL, 0, 0, 0, 0, 0, 0, 0, 0, 0, 0, NULL, NULL),
(1, 3, 61, 0, 0, 0, NULL, NULL, 0, 0, 0, 0, 0, 0, 0, 0, 0, 0, NULL, NULL),
(1, 3, 62, 1, 0, 0, NULL, NULL, 0, 0, 0, 0, 0, 0, 0, 0, 0, 0, NULL, NULL),
(1, 3, 63, 0, 0, 0, NULL, NULL, 0, 0, 0, 0, 0, 0, 0, 0, 0, 0, NULL, NULL),
(1, 3, 64, 0, 0, 0, NULL, NULL, 0, 0, 0, 0, 0, 0, 0, 0, 0, 0, NULL, NULL),
(1, 3, 65, 0, 0, 0, NULL, NULL, 0, 0, 0, 0, 0, 0, 0, 0, 0, 0, NULL, NULL),
(1, 3, 66, 1, 0, 0, NULL, NULL, 0, 0, 0, 0, 0, 0, 0, 0, 0, 0, NULL, NULL),
(1, 3, 67, 0, 0, 0, NULL, NULL, 0, 0, 0, 0, 0, 0, 0, 0, 0, 0, NULL, NULL),
(1, 3, 68, 1, 0, 0, NULL, NULL, 0, 0, 0, 0, 0, 0, 0, 0, 0, 0, NULL, NULL),
(1, 3, 69, 0, 0, 0, NULL, NULL, 0, 0, 0, 0, 0, 0, 0, 0, 0, 0, NULL, NULL),
(1, 3, 70, 0, 0, 0, NULL, NULL, 0, 0, 0, 0, 0, 0, 0, 0, 0, 0, NULL, NULL),
(1, 3, 71, 0, 0, 0, NULL, NULL, 0, 0, 0, 0, 0, 0, 0, 0, 0, 0, NULL, NULL),
(1, 3, 72, 0, 0, 0, NULL, NULL, 0, 0, 0, 0, 0, 0, 0, 0, 0, 0, NULL, NULL),
(1, 3, 73, 0, 0, 0, NULL, NULL, 0, 0, 0, 0, 0, 0, 0, 0, 0, 0, NULL, NULL),
(1, 6, 123, 1, 1, 0, NULL, 55, 0, 0, 0, 0, 0, 0, 0, 0, 0, 0, NULL, NULL),
(1, 6, 124, 1, 0, 1, NULL, 56, 0, 0, 0, 0, 0, 0, 0, 0, 0, 0, NULL, NULL),
(1, 6, 125, 0, 0, 0, NULL, 242, 0, 0, 0, 0, 0, 0, 0, 0, 0, 0, NULL, NULL),
(1, 6, 126, 0, 0, 0, NULL, 32, 0, 0, 0, 0, 0, 0, 0, 0, 0, 0, NULL, NULL),
(1, 6, 127, 1, 0, 0, NULL, 65, 0, 0, 0, 0, 0, 0, 0, 0, 0, 0, NULL, NULL),
(1, 6, 128, 1, 0, 0, NULL, 21, 0, 0, 0, 0, 0, 0, 0, 0, 0, 0, NULL, NULL),
(1, 6, 129, 1, 0, 0, NULL, 76, 0, 0, 0, 0, 0, 0, 0, 0, 0, 0, NULL, NULL),
(1, 6, 130, 1, 0, 0, NULL, 24, 0, 0, 0, 0, 0, 0, 0, 0, 0, 0, NULL, NULL),
(1, 6, 131, 1, 0, 0, NULL, 65, 0, 0, 0, 0, 0, 0, 0, 0, 0, 0, NULL, NULL),
(1, 6, 132, 1, 0, 0, NULL, 32, 0, 0, 0, 0, 0, 0, 0, 0, 0, 0, NULL, NULL),
(1, 6, 133, 0, 0, 0, NULL, 34, 0, 0, 0, 0, 0, 0, 0, 0, 0, 0, NULL, NULL),
(1, 6, 134, 0, 0, 0, NULL, NULL, 0, 0, 0, 0, 0, 0, 0, 0, 0, 0, NULL, NULL),
(1, 6, 135, 0, 0, 0, NULL, NULL, 0, 0, 0, 0, 0, 0, 0, 0, 0, 0, NULL, NULL),
(1, 6, 136, 1, 0, 0, NULL, NULL, 0, 0, 0, 0, 0, 0, 0, 0, 0, 0, NULL, NULL),
(1, 6, 137, 0, 0, 0, NULL, NULL, 0, 0, 0, 0, 0, 0, 0, 0, 0, 0, NULL, NULL),
(1, 6, 138, 0, 0, 0, NULL, NULL, 0, 0, 0, 0, 0, 0, 0, 0, 0, 0, NULL, NULL),
(1, 6, 139, 0, 0, 0, NULL, NULL, 0, 0, 0, 0, 0, 0, 0, 0, 0, 0, NULL, NULL),
(1, 6, 140, 1, 0, 0, NULL, NULL, 0, 0, 0, 0, 0, 0, 0, 0, 0, 0, NULL, NULL),
(1, 6, 141, 0, 0, 0, NULL, NULL, 0, 0, 0, 0, 0, 0, 0, 0, 0, 0, NULL, NULL),
(1, 6, 142, 0, 0, 0, NULL, NULL, 0, 0, 0, 0, 0, 0, 0, 0, 0, 0, NULL, NULL),
(1, 6, 143, 0, 0, 0, NULL, NULL, 0, 0, 0, 0, 0, 0, 0, 0, 0, 0, NULL, NULL),
(1, 6, 144, 0, 0, 0, NULL, NULL, 0, 0, 0, 0, 0, 0, 0, 0, 0, 0, NULL, NULL),
(1, 6, 145, 0, 0, 0, NULL, NULL, 0, 0, 0, 0, 0, 0, 0, 0, 0, 0, NULL, NULL),
(1, 6, 146, 0, 0, 0, NULL, NULL, 0, 0, 0, 0, 0, 0, 0, 0, 0, 0, NULL, NULL),
(1, 6, 238, 1, 0, 0, NULL, NULL, 0, 0, 0, 0, 0, 0, 0, 0, 0, 0, NULL, NULL),
(2, 2, 24, 1, 0, 0, NULL, NULL, 0, 0, 0, 0, 0, 0, 0, 0, 0, 0, NULL, NULL),
(2, 2, 25, 1, 1, 0, NULL, NULL, 0, 0, 0, 0, 0, 0, 0, 0, 0, 0, NULL, NULL),
(2, 2, 26, 0, 0, 0, NULL, NULL, 0, 0, 0, 0, 0, 0, 0, 0, 0, 0, NULL, NULL),
(2, 2, 27, 1, 0, 0, NULL, NULL, 0, 0, 0, 0, 0, 0, 0, 0, 0, 0, NULL, NULL),
(2, 2, 28, 1, 0, 0, NULL, NULL, 0, 0, 0, 0, 0, 0, 0, 0, 0, 0, NULL, NULL),
(2, 2, 29, 1, 0, 0, NULL, NULL, 0, 0, 0, 0, 0, 0, 0, 0, 0, 0, NULL, NULL),
(2, 2, 30, 0, 0, 0, NULL, NULL, 0, 0, 0, 0, 0, 0, 0, 0, 0, 0, NULL, NULL),
(2, 2, 31, 0, 0, 0, NULL, NULL, 0, 0, 0, 0, 0, 0, 0, 0, 0, 0, NULL, NULL),
(2, 2, 32, 1, 0, 1, NULL, NULL, 0, 0, 0, 0, 0, 0, 0, 0, 0, 0, NULL, NULL),
(2, 2, 33, 1, 0, 0, NULL, NULL, 0, 0, 0, 0, 0, 0, 0, 0, 0, 0, NULL, NULL),
(2, 2, 34, 0, 0, 0, NULL, NULL, 0, 0, 0, 0, 0, 0, 0, 0, 0, 0, NULL, NULL),
(2, 2, 35, 0, 0, 0, NULL, NULL, 0, 0, 0, 0, 0, 0, 0, 0, 0, 0, NULL, NULL),
(2, 2, 36, 0, 0, 0, NULL, NULL, 0, 0, 0, 0, 0, 0, 0, 0, 0, 0, NULL, NULL),
(2, 2, 37, 0, 0, 0, NULL, NULL, 0, 0, 0, 0, 0, 0, 0, 0, 0, 0, NULL, NULL),
(2, 2, 38, 1, 0, 0, NULL, NULL, 0, 0, 0, 0, 0, 0, 0, 0, 0, 0, NULL, NULL),
(2, 2, 39, 1, 0, 0, NULL, NULL, 0, 0, 0, 0, 0, 0, 0, 0, 0, 0, NULL, NULL),
(2, 2, 40, 0, 0, 0, NULL, NULL, 0, 0, 0, 0, 0, 0, 0, 0, 0, 0, NULL, NULL),
(2, 2, 41, 1, 0, 0, NULL, NULL, 0, 0, 0, 0, 0, 0, 0, 0, 0, 0, NULL, NULL),
(2, 2, 42, 0, 0, 0, NULL, NULL, 0, 0, 0, 0, 0, 0, 0, 0, 0, 0, NULL, NULL),
(2, 2, 43, 0, 0, 0, NULL, NULL, 0, 0, 0, 0, 0, 0, 0, 0, 0, 0, NULL, NULL),
(2, 2, 44, 1, 0, 0, NULL, NULL, 0, 0, 0, 0, 0, 0, 0, 0, 0, 0, NULL, NULL),
(2, 2, 45, 0, 0, 0, NULL, NULL, 0, 0, 0, 0, 0, 0, 0, 0, 0, 0, NULL, NULL),
(2, 2, 46, 0, 0, 0, NULL, NULL, 0, 0, 0, 0, 0, 0, 0, 0, 0, 0, NULL, NULL),
(2, 2, 47, 0, 0, 0, NULL, NULL, 0, 0, 0, 0, 0, 0, 0, 0, 0, 0, NULL, NULL),
(2, 2, 48, 0, 0, 0, NULL, NULL, 0, 0, 0, 0, 0, 0, 0, 0, 0, 0, NULL, NULL),
(2, 8, 170, 0, 0, 0, NULL, NULL, 0, 0, 0, 0, 0, 0, 0, 0, 0, 0, NULL, NULL),
(2, 8, 171, 0, 0, 0, NULL, NULL, 0, 0, 0, 0, 0, 0, 0, 0, 0, 0, NULL, NULL),
(2, 8, 172, 1, 0, 0, NULL, NULL, 0, 0, 0, 0, 0, 0, 0, 0, 0, 0, NULL, NULL),
(2, 8, 173, 1, 0, 0, NULL, NULL, 0, 0, 0, 0, 0, 0, 0, 0, 0, 0, NULL, NULL),
(2, 8, 174, 0, 0, 0, NULL, NULL, 0, 0, 0, 0, 0, 0, 0, 0, 0, 0, NULL, NULL),
(2, 8, 175, 0, 0, 0, NULL, NULL, 0, 0, 0, 0, 0, 0, 0, 0, 0, 0, NULL, NULL),
(2, 8, 176, 0, 0, 0, NULL, NULL, 0, 0, 0, 0, 0, 0, 0, 0, 0, 0, NULL, NULL),
(2, 8, 177, 1, 0, 0, NULL, NULL, 0, 0, 0, 0, 0, 0, 0, 0, 0, 0, NULL, NULL),
(2, 8, 178, 1, 0, 0, NULL, NULL, 0, 0, 0, 0, 0, 0, 0, 0, 0, 0, NULL, NULL),
(2, 8, 179, 1, 0, 0, NULL, NULL, 0, 0, 0, 0, 0, 0, 0, 0, 0, 0, NULL, NULL),
(2, 8, 180, 0, 0, 0, NULL, NULL, 0, 0, 0, 0, 0, 0, 0, 0, 0, 0, NULL, NULL),
(2, 8, 181, 0, 0, 0, NULL, NULL, 0, 0, 0, 0, 0, 0, 0, 0, 0, 0, NULL, NULL),
(2, 8, 182, 0, 0, 0, NULL, NULL, 0, 0, 0, 0, 0, 0, 0, 0, 0, 0, NULL, NULL),
(2, 8, 183, 1, 0, 0, NULL, NULL, 0, 0, 0, 0, 0, 0, 0, 0, 0, 0, NULL, NULL),
(2, 8, 184, 1, 1, 1, NULL, NULL, 0, 0, 0, 0, 0, 0, 0, 0, 0, 0, NULL, NULL),
(2, 8, 185, 1, 0, 0, NULL, NULL, 0, 0, 0, 0, 0, 0, 0, 0, 0, 0, NULL, NULL),
(2, 8, 186, 1, 0, 0, NULL, NULL, 0, 0, 0, 0, 0, 0, 0, 0, 0, 0, NULL, NULL),
(2, 8, 187, 1, 0, 0, NULL, NULL, 0, 0, 0, 0, 0, 0, 0, 0, 0, 0, NULL, NULL),
(2, 8, 188, 0, 0, 0, NULL, NULL, 0, 0, 0, 0, 0, 0, 0, 0, 0, 0, NULL, NULL),
(2, 8, 189, 0, 0, 0, NULL, NULL, 0, 0, 0, 0, 0, 0, 0, 0, 0, 0, NULL, NULL),
(2, 8, 190, 0, 0, 0, NULL, NULL, 0, 0, 0, 0, 0, 0, 0, 0, 0, 0, NULL, NULL),
(2, 8, 191, 0, 0, 0, NULL, NULL, 0, 0, 0, 0, 0, 0, 0, 0, 0, 0, NULL, NULL),
(2, 8, 192, 1, 0, 0, NULL, NULL, 0, 0, 0, 0, 0, 0, 0, 0, 0, 0, NULL, NULL),
(2, 8, 193, 0, 0, 0, NULL, NULL, 0, 0, 0, 0, 0, 0, 0, 0, 0, 0, NULL, NULL),
(3, 4, 74, 0, 0, 0, NULL, NULL, 0, 0, 0, 0, 0, 0, 0, 0, 0, 0, NULL, NULL),
(3, 4, 75, 0, 0, 0, NULL, NULL, 0, 0, 0, 0, 0, 0, 0, 0, 0, 0, NULL, NULL),
(3, 4, 76, 0, 0, 0, NULL, NULL, 0, 0, 0, 0, 0, 0, 0, 0, 0, 0, NULL, NULL),
(3, 4, 77, 0, 0, 0, NULL, NULL, 0, 0, 0, 0, 0, 0, 0, 0, 0, 0, NULL, NULL),
(3, 4, 78, 0, 0, 0, NULL, NULL, 0, 0, 0, 0, 0, 0, 0, 0, 0, 0, NULL, NULL),
(3, 4, 79, 0, 0, 0, NULL, NULL, 0, 0, 0, 0, 0, 0, 0, 0, 0, 0, NULL, NULL),
(3, 4, 80, 0, 0, 0, NULL, NULL, 0, 0, 0, 0, 0, 0, 0, 0, 0, 0, NULL, NULL),
(3, 4, 81, 0, 0, 0, NULL, NULL, 0, 0, 0, 0, 0, 0, 0, 0, 0, 0, NULL, NULL),
(3, 4, 82, 0, 0, 0, NULL, NULL, 0, 0, 0, 0, 0, 0, 0, 0, 0, 0, NULL, NULL),
(3, 4, 83, 0, 0, 0, NULL, NULL, 0, 0, 0, 0, 0, 0, 0, 0, 0, 0, NULL, NULL),
(3, 4, 84, 0, 0, 0, NULL, NULL, 0, 0, 0, 0, 0, 0, 0, 0, 0, 0, NULL, NULL),
(3, 4, 85, 0, 0, 0, NULL, NULL, 0, 0, 0, 0, 0, 0, 0, 0, 0, 0, NULL, NULL),
(3, 4, 86, 0, 0, 0, NULL, NULL, 0, 0, 0, 0, 0, 0, 0, 0, 0, 0, NULL, NULL),
(3, 4, 87, 0, 0, 0, NULL, NULL, 0, 0, 0, 0, 0, 0, 0, 0, 0, 0, NULL, NULL),
(3, 4, 88, 0, 0, 0, NULL, NULL, 0, 0, 0, 0, 0, 0, 0, 0, 0, 0, NULL, NULL),
(3, 4, 89, 0, 0, 0, NULL, NULL, 0, 0, 0, 0, 0, 0, 0, 0, 0, 0, NULL, NULL),
(3, 4, 90, 0, 0, 0, NULL, NULL, 0, 0, 0, 0, 0, 0, 0, 0, 0, 0, NULL, NULL),
(3, 4, 91, 0, 0, 0, NULL, NULL, 0, 0, 0, 0, 0, 0, 0, 0, 0, 0, NULL, NULL),
(3, 4, 92, 0, 0, 0, NULL, NULL, 0, 0, 0, 0, 0, 0, 0, 0, 0, 0, NULL, NULL),
(3, 4, 93, 0, 0, 0, NULL, NULL, 0, 0, 0, 0, 0, 0, 0, 0, 0, 0, NULL, NULL),
(3, 4, 94, 0, 0, 0, NULL, NULL, 0, 0, 0, 0, 0, 0, 0, 0, 0, 0, NULL, NULL),
(3, 4, 95, 0, 0, 0, NULL, NULL, 0, 0, 0, 0, 0, 0, 0, 0, 0, 0, NULL, NULL),
(3, 4, 96, 0, 0, 0, NULL, NULL, 0, 0, 0, 0, 0, 0, 0, 0, 0, 0, NULL, NULL),
(3, 4, 97, 0, 0, 0, NULL, NULL, 0, 0, 0, 0, 0, 0, 0, 0, 0, 0, NULL, NULL),
(3, 4, 98, 0, 0, 0, NULL, NULL, 0, 0, 0, 0, 0, 0, 0, 0, 0, 0, NULL, NULL),
(3, 7, 147, 0, 0, 0, NULL, NULL, 0, 0, 0, 0, 0, 0, 0, 0, 0, 0, NULL, NULL),
(3, 7, 148, 0, 0, 0, NULL, NULL, 0, 0, 0, 0, 0, 0, 0, 0, 0, 0, NULL, NULL),
(3, 7, 149, 0, 0, 0, NULL, NULL, 0, 0, 0, 0, 0, 0, 0, 0, 0, 0, NULL, NULL),
(3, 7, 150, 0, 0, 0, NULL, NULL, 0, 0, 0, 0, 0, 0, 0, 0, 0, 0, NULL, NULL),
(3, 7, 151, 0, 0, 0, NULL, NULL, 0, 0, 0, 0, 0, 0, 0, 0, 0, 0, NULL, NULL),
(3, 7, 152, 0, 0, 0, NULL, NULL, 0, 0, 0, 0, 0, 0, 0, 0, 0, 0, NULL, NULL),
(3, 7, 153, 0, 0, 0, NULL, NULL, 0, 0, 0, 0, 0, 0, 0, 0, 0, 0, NULL, NULL),
(3, 7, 154, 0, 0, 0, NULL, NULL, 0, 0, 0, 0, 0, 0, 0, 0, 0, 0, NULL, NULL),
(3, 7, 155, 0, 0, 0, NULL, NULL, 0, 0, 0, 0, 0, 0, 0, 0, 0, 0, NULL, NULL),
(3, 7, 156, 0, 0, 0, NULL, NULL, 0, 0, 0, 0, 0, 0, 0, 0, 0, 0, NULL, NULL),
(3, 7, 157, 0, 0, 0, NULL, NULL, 0, 0, 0, 0, 0, 0, 0, 0, 0, 0, NULL, NULL),
(3, 7, 158, 0, 0, 0, NULL, NULL, 0, 0, 0, 0, 0, 0, 0, 0, 0, 0, NULL, NULL),
(3, 7, 159, 0, 0, 0, NULL, NULL, 0, 0, 0, 0, 0, 0, 0, 0, 0, 0, NULL, NULL),
(3, 7, 160, 0, 0, 0, NULL, NULL, 0, 0, 0, 0, 0, 0, 0, 0, 0, 0, NULL, NULL),
(3, 7, 161, 0, 0, 0, NULL, NULL, 0, 0, 0, 0, 0, 0, 0, 0, 0, 0, NULL, NULL),
(3, 7, 162, 0, 0, 0, NULL, NULL, 0, 0, 0, 0, 0, 0, 0, 0, 0, 0, NULL, NULL),
(3, 7, 163, 0, 0, 0, NULL, NULL, 0, 0, 0, 0, 0, 0, 0, 0, 0, 0, NULL, NULL),
(3, 7, 164, 0, 0, 0, NULL, NULL, 0, 0, 0, 0, 0, 0, 0, 0, 0, 0, NULL, NULL),
(3, 7, 165, 0, 0, 0, NULL, NULL, 0, 0, 0, 0, 0, 0, 0, 0, 0, 0, NULL, NULL),
(3, 7, 166, 0, 0, 0, NULL, NULL, 0, 0, 0, 0, 0, 0, 0, 0, 0, 0, NULL, NULL),
(3, 7, 167, 0, 0, 0, NULL, NULL, 0, 0, 0, 0, 0, 0, 0, 0, 0, 0, NULL, NULL),
(3, 7, 168, 0, 0, 0, NULL, NULL, 0, 0, 0, 0, 0, 0, 0, 0, 0, 0, NULL, NULL),
(3, 7, 169, 0, 0, 0, NULL, NULL, 0, 0, 0, 0, 0, 0, 0, 0, 0, 0, NULL, NULL),
(4, 9, 194, 0, 0, 0, NULL, NULL, 0, 0, 0, 0, 0, 0, 0, 0, 0, 0, NULL, NULL),
(4, 9, 195, 0, 0, 0, NULL, NULL, 0, 0, 0, 0, 0, 0, 0, 0, 0, 0, NULL, NULL),
(4, 9, 196, 0, 0, 0, NULL, NULL, 0, 0, 0, 0, 0, 0, 0, 0, 0, 0, NULL, NULL),
(4, 9, 197, 0, 0, 0, NULL, NULL, 0, 0, 0, 0, 0, 0, 0, 0, 0, 0, NULL, NULL),
(4, 9, 198, 0, 0, 0, NULL, NULL, 0, 0, 0, 0, 0, 0, 0, 0, 0, 0, NULL, NULL),
(4, 9, 199, 0, 0, 0, NULL, NULL, 0, 0, 0, 0, 0, 0, 0, 0, 0, 0, NULL, NULL),
(4, 9, 200, 0, 0, 0, NULL, NULL, 0, 0, 0, 0, 0, 0, 0, 0, 0, 0, NULL, NULL),
(4, 9, 201, 0, 0, 0, NULL, NULL, 0, 0, 0, 0, 0, 0, 0, 0, 0, 0, NULL, NULL),
(4, 9, 202, 0, 0, 0, NULL, NULL, 0, 0, 0, 0, 0, 0, 0, 0, 0, 0, NULL, NULL),
(4, 9, 203, 0, 0, 0, NULL, NULL, 0, 0, 0, 0, 0, 0, 0, 0, 0, 0, NULL, NULL),
(4, 9, 204, 0, 0, 0, NULL, NULL, 0, 0, 0, 0, 0, 0, 0, 0, 0, 0, NULL, NULL),
(4, 9, 205, 0, 0, 0, NULL, NULL, 0, 0, 0, 0, 0, 0, 0, 0, 0, 0, NULL, NULL),
(4, 9, 206, 0, 0, 0, NULL, NULL, 0, 0, 0, 0, 0, 0, 0, 0, 0, 0, NULL, NULL),
(4, 9, 207, 0, 0, 0, NULL, NULL, 0, 0, 0, 0, 0, 0, 0, 0, 0, 0, NULL, NULL),
(4, 9, 208, 0, 0, 0, NULL, NULL, 0, 0, 0, 0, 0, 0, 0, 0, 0, 0, NULL, NULL),
(4, 9, 209, 0, 0, 0, NULL, NULL, 0, 0, 0, 0, 0, 0, 0, 0, 0, 0, NULL, NULL),
(4, 9, 210, 0, 0, 0, NULL, NULL, 0, 0, 0, 0, 0, 0, 0, 0, 0, 0, NULL, NULL),
(4, 9, 211, 0, 0, 0, NULL, NULL, 0, 0, 0, 0, 0, 0, 0, 0, 0, 0, NULL, NULL),
(4, 9, 212, 0, 0, 0, NULL, NULL, 0, 0, 0, 0, 0, 0, 0, 0, 0, 0, NULL, NULL),
(4, 9, 213, 0, 0, 0, NULL, NULL, 0, 0, 0, 0, 0, 0, 0, 0, 0, 0, NULL, NULL),
(4, 9, 214, 0, 0, 0, NULL, NULL, 0, 0, 0, 0, 0, 0, 0, 0, 0, 0, NULL, NULL),
(4, 9, 215, 0, 0, 0, NULL, NULL, 0, 0, 0, 0, 0, 0, 0, 0, 0, 0, NULL, NULL),
(4, 9, 216, 0, 0, 0, NULL, NULL, 0, 0, 0, 0, 0, 0, 0, 0, 0, 0, NULL, NULL),
(4, 10, 217, 0, 0, 0, NULL, NULL, 0, 0, 0, 0, 0, 0, 0, 0, 0, 0, NULL, NULL),
(4, 10, 218, 0, 0, 0, NULL, NULL, 0, 0, 0, 0, 0, 0, 0, 0, 0, 0, NULL, NULL),
(4, 10, 219, 0, 0, 0, NULL, NULL, 0, 0, 0, 0, 0, 0, 0, 0, 0, 0, NULL, NULL),
(4, 10, 220, 0, 0, 0, NULL, NULL, 0, 0, 0, 0, 0, 0, 0, 0, 0, 0, NULL, NULL),
(4, 10, 221, 0, 0, 0, NULL, NULL, 0, 0, 0, 0, 0, 0, 0, 0, 0, 0, NULL, NULL),
(4, 10, 222, 0, 0, 0, NULL, NULL, 0, 0, 0, 0, 0, 0, 0, 0, 0, 0, NULL, NULL),
(4, 10, 223, 0, 0, 0, NULL, NULL, 0, 0, 0, 0, 0, 0, 0, 0, 0, 0, NULL, NULL),
(4, 10, 224, 0, 0, 0, NULL, NULL, 0, 0, 0, 0, 0, 0, 0, 0, 0, 0, NULL, NULL),
(4, 10, 225, 0, 0, 0, NULL, NULL, 0, 0, 0, 0, 0, 0, 0, 0, 0, 0, NULL, NULL),
(4, 10, 226, 0, 0, 0, NULL, NULL, 0, 0, 0, 0, 0, 0, 0, 0, 0, 0, NULL, NULL),
(4, 10, 227, 0, 0, 0, NULL, NULL, 0, 0, 0, 0, 0, 0, 0, 0, 0, 0, NULL, NULL),
(4, 10, 228, 0, 0, 0, NULL, NULL, 0, 0, 0, 0, 0, 0, 0, 0, 0, 0, NULL, NULL),
(4, 10, 229, 0, 0, 0, NULL, NULL, 0, 0, 0, 0, 0, 0, 0, 0, 0, 0, NULL, NULL),
(4, 10, 230, 0, 0, 0, NULL, NULL, 0, 0, 0, 0, 0, 0, 0, 0, 0, 0, NULL, NULL),
(4, 10, 231, 0, 0, 0, NULL, NULL, 0, 0, 0, 0, 0, 0, 0, 0, 0, 0, NULL, NULL),
(4, 10, 232, 0, 0, 0, NULL, NULL, 0, 0, 0, 0, 0, 0, 0, 0, 0, 0, NULL, NULL),
(4, 10, 233, 0, 0, 0, NULL, NULL, 0, 0, 0, 0, 0, 0, 0, 0, 0, 0, NULL, NULL),
(4, 10, 234, 0, 0, 0, NULL, NULL, 0, 0, 0, 0, 0, 0, 0, 0, 0, 0, NULL, NULL),
(4, 10, 235, 0, 0, 0, NULL, NULL, 0, 0, 0, 0, 0, 0, 0, 0, 0, 0, NULL, NULL),
(4, 10, 236, 0, 0, 0, NULL, NULL, 0, 0, 0, 0, 0, 0, 0, 0, 0, 0, NULL, NULL),
(4, 10, 237, 0, 0, 0, NULL, NULL, 0, 0, 0, 0, 0, 0, 0, 0, 0, 0, NULL, NULL),
(5, 1, 1, 0, 0, 0, NULL, NULL, 0, 0, 0, 0, 0, 0, 0, 0, 0, 0, NULL, NULL),
(5, 1, 2, 0, 0, 0, NULL, NULL, 0, 0, 0, 0, 0, 0, 0, 0, 0, 0, NULL, NULL),
(5, 1, 3, 0, 0, 0, NULL, NULL, 0, 0, 0, 0, 0, 0, 0, 0, 0, 0, NULL, NULL),
(5, 1, 4, 0, 0, 0, NULL, NULL, 0, 0, 0, 0, 0, 0, 0, 0, 0, 0, NULL, NULL),
(5, 1, 5, 0, 0, 0, NULL, NULL, 0, 0, 0, 0, 0, 0, 0, 0, 0, 0, NULL, NULL),
(5, 1, 6, 0, 0, 0, NULL, NULL, 0, 0, 0, 0, 0, 0, 0, 0, 0, 0, NULL, NULL),
(5, 1, 7, 0, 0, 0, NULL, NULL, 0, 0, 0, 0, 0, 0, 0, 0, 0, 0, NULL, NULL),
(5, 1, 8, 0, 0, 0, NULL, NULL, 0, 0, 0, 0, 0, 0, 0, 0, 0, 0, NULL, NULL),
(5, 1, 9, 0, 0, 0, NULL, NULL, 0, 0, 0, 0, 0, 0, 0, 0, 0, 0, NULL, NULL),
(5, 1, 10, 0, 0, 0, NULL, NULL, 0, 0, 0, 0, 0, 0, 0, 0, 0, 0, NULL, NULL),
(5, 1, 11, 0, 0, 0, NULL, NULL, 0, 0, 0, 0, 0, 0, 0, 0, 0, 0, NULL, NULL),
(5, 1, 12, 0, 0, 0, NULL, NULL, 0, 0, 0, 0, 0, 0, 0, 0, 0, 0, NULL, NULL),
(5, 1, 13, 0, 0, 0, NULL, NULL, 0, 0, 0, 0, 0, 0, 0, 0, 0, 0, NULL, NULL),
(5, 1, 14, 0, 0, 0, NULL, NULL, 0, 0, 0, 0, 0, 0, 0, 0, 0, 0, NULL, NULL),
(5, 1, 15, 0, 0, 0, NULL, NULL, 0, 0, 0, 0, 0, 0, 0, 0, 0, 0, NULL, NULL),
(5, 1, 16, 0, 0, 0, NULL, NULL, 0, 0, 0, 0, 0, 0, 0, 0, 0, 0, NULL, NULL),
(5, 1, 17, 0, 0, 0, NULL, NULL, 0, 0, 0, 0, 0, 0, 0, 0, 0, 0, NULL, NULL),
(5, 1, 18, 0, 0, 0, NULL, NULL, 0, 0, 0, 0, 0, 0, 0, 0, 0, 0, NULL, NULL),
(5, 1, 19, 0, 0, 0, NULL, NULL, 0, 0, 0, 0, 0, 0, 0, 0, 0, 0, NULL, NULL),
(5, 1, 20, 0, 0, 0, NULL, NULL, 0, 0, 0, 0, 0, 0, 0, 0, 0, 0, NULL, NULL),
(5, 1, 21, 0, 0, 0, NULL, NULL, 0, 0, 0, 0, 0, 0, 0, 0, 0, 0, NULL, NULL),
(5, 1, 22, 0, 0, 0, NULL, NULL, 0, 0, 0, 0, 0, 0, 0, 0, 0, 0, NULL, NULL),
(5, 1, 23, 0, 0, 0, NULL, NULL, 0, 0, 0, 0, 0, 0, 0, 0, 0, 0, NULL, NULL),
(5, 5, 99, 0, 0, 0, NULL, NULL, 0, 0, 0, 0, 0, 0, 0, 0, 0, 0, NULL, NULL),
(5, 5, 100, 0, 0, 0, NULL, NULL, 0, 0, 0, 0, 0, 0, 0, 0, 0, 0, NULL, NULL),
(5, 5, 101, 0, 0, 0, NULL, NULL, 0, 0, 0, 0, 0, 0, 0, 0, 0, 0, NULL, NULL),
(5, 5, 102, 0, 0, 0, NULL, NULL, 0, 0, 0, 0, 0, 0, 0, 0, 0, 0, NULL, NULL),
(5, 5, 103, 0, 0, 0, NULL, NULL, 0, 0, 0, 0, 0, 0, 0, 0, 0, 0, NULL, NULL),
(5, 5, 104, 0, 0, 0, NULL, NULL, 0, 0, 0, 0, 0, 0, 0, 0, 0, 0, NULL, NULL),
(5, 5, 105, 0, 0, 0, NULL, NULL, 0, 0, 0, 0, 0, 0, 0, 0, 0, 0, NULL, NULL),
(5, 5, 106, 0, 0, 0, NULL, NULL, 0, 0, 0, 0, 0, 0, 0, 0, 0, 0, NULL, NULL),
(5, 5, 107, 0, 0, 0, NULL, NULL, 0, 0, 0, 0, 0, 0, 0, 0, 0, 0, NULL, NULL),
(5, 5, 108, 0, 0, 0, NULL, NULL, 0, 0, 0, 0, 0, 0, 0, 0, 0, 0, NULL, NULL),
(5, 5, 109, 0, 0, 0, NULL, NULL, 0, 0, 0, 0, 0, 0, 0, 0, 0, 0, NULL, NULL),
(5, 5, 110, 0, 0, 0, NULL, NULL, 0, 0, 0, 0, 0, 0, 0, 0, 0, 0, NULL, NULL),
(5, 5, 111, 0, 0, 0, NULL, NULL, 0, 0, 0, 0, 0, 0, 0, 0, 0, 0, NULL, NULL),
(5, 5, 112, 0, 0, 0, NULL, NULL, 0, 0, 0, 0, 0, 0, 0, 0, 0, 0, NULL, NULL),
(5, 5, 113, 0, 0, 0, NULL, NULL, 0, 0, 0, 0, 0, 0, 0, 0, 0, 0, NULL, NULL),
(5, 5, 114, 0, 0, 0, NULL, NULL, 0, 0, 0, 0, 0, 0, 0, 0, 0, 0, NULL, NULL),
(5, 5, 115, 0, 0, 0, NULL, NULL, 0, 0, 0, 0, 0, 0, 0, 0, 0, 0, NULL, NULL),
(5, 5, 116, 0, 0, 0, NULL, NULL, 0, 0, 0, 0, 0, 0, 0, 0, 0, 0, NULL, NULL),
(5, 5, 117, 0, 0, 0, NULL, NULL, 0, 0, 0, 0, 0, 0, 0, 0, 0, 0, NULL, NULL),
(5, 5, 118, 0, 0, 0, NULL, NULL, 0, 0, 0, 0, 0, 0, 0, 0, 0, 0, NULL, NULL),
(5, 5, 119, 0, 0, 0, NULL, NULL, 0, 0, 0, 0, 0, 0, 0, 0, 0, 0, NULL, NULL),
(5, 5, 120, 0, 0, 0, NULL, NULL, 0, 0, 0, 0, 0, 0, 0, 0, 0, 0, NULL, NULL),
(5, 5, 121, 0, 0, 0, NULL, NULL, 0, 0, 0, 0, 0, 0, 0, 0, 0, 0, NULL, NULL),
(5, 5, 122, 0, 0, 0, NULL, NULL, 0, 0, 0, 0, 0, 0, 0, 0, 0, 0, NULL, NULL),
(6, 3, 49, 0, 0, 0, NULL, NULL, 0, 0, 0, 0, 0, 0, 0, 0, 0, 0, NULL, NULL),
(6, 3, 50, 0, 0, 0, NULL, NULL, 0, 0, 0, 0, 0, 0, 0, 0, 0, 0, NULL, NULL),
(6, 3, 51, 0, 0, 0, NULL, NULL, 0, 0, 0, 0, 0, 0, 0, 0, 0, 0, NULL, NULL),
(6, 3, 52, 0, 0, 0, NULL, NULL, 0, 0, 0, 0, 0, 0, 0, 0, 0, 0, NULL, NULL),
(6, 3, 53, 0, 0, 0, NULL, NULL, 0, 0, 0, 0, 0, 0, 0, 0, 0, 0, NULL, NULL),
(6, 3, 54, 0, 0, 0, NULL, NULL, 0, 0, 0, 0, 0, 0, 0, 0, 0, 0, NULL, NULL),
(6, 3, 55, 0, 0, 0, NULL, NULL, 0, 0, 0, 0, 0, 0, 0, 0, 0, 0, NULL, NULL),
(6, 3, 56, 0, 0, 0, NULL, NULL, 0, 0, 0, 0, 0, 0, 0, 0, 0, 0, NULL, NULL),
(6, 3, 57, 0, 0, 0, NULL, NULL, 0, 0, 0, 0, 0, 0, 0, 0, 0, 0, NULL, NULL),
(6, 3, 58, 0, 0, 0, NULL, NULL, 0, 0, 0, 0, 0, 0, 0, 0, 0, 0, NULL, NULL),
(6, 3, 59, 0, 0, 0, NULL, NULL, 0, 0, 0, 0, 0, 0, 0, 0, 0, 0, NULL, NULL),
(6, 3, 60, 0, 0, 0, NULL, NULL, 0, 0, 0, 0, 0, 0, 0, 0, 0, 0, NULL, NULL),
(6, 3, 61, 0, 0, 0, NULL, NULL, 0, 0, 0, 0, 0, 0, 0, 0, 0, 0, NULL, NULL),
(6, 3, 62, 0, 0, 0, NULL, NULL, 0, 0, 0, 0, 0, 0, 0, 0, 0, 0, NULL, NULL),
(6, 3, 63, 0, 0, 0, NULL, NULL, 0, 0, 0, 0, 0, 0, 0, 0, 0, 0, NULL, NULL),
(6, 3, 64, 0, 0, 0, NULL, NULL, 0, 0, 0, 0, 0, 0, 0, 0, 0, 0, NULL, NULL),
(6, 3, 65, 0, 0, 0, NULL, NULL, 0, 0, 0, 0, 0, 0, 0, 0, 0, 0, NULL, NULL),
(6, 3, 66, 0, 0, 0, NULL, NULL, 0, 0, 0, 0, 0, 0, 0, 0, 0, 0, NULL, NULL),
(6, 3, 67, 0, 0, 0, NULL, NULL, 0, 0, 0, 0, 0, 0, 0, 0, 0, 0, NULL, NULL),
(6, 3, 68, 0, 0, 0, NULL, NULL, 0, 0, 0, 0, 0, 0, 0, 0, 0, 0, NULL, NULL),
(6, 3, 69, 0, 0, 0, NULL, NULL, 0, 0, 0, 0, 0, 0, 0, 0, 0, 0, NULL, NULL),
(6, 3, 70, 0, 0, 0, NULL, NULL, 0, 0, 0, 0, 0, 0, 0, 0, 0, 0, NULL, NULL),
(6, 3, 71, 0, 0, 0, NULL, NULL, 0, 0, 0, 0, 0, 0, 0, 0, 0, 0, NULL, NULL),
(6, 3, 72, 0, 0, 0, NULL, NULL, 0, 0, 0, 0, 0, 0, 0, 0, 0, 0, NULL, NULL),
(6, 3, 73, 0, 0, 0, NULL, NULL, 0, 0, 0, 0, 0, 0, 0, 0, 0, 0, NULL, NULL),
(6, 7, 147, 0, 0, 0, NULL, NULL, 0, 0, 0, 0, 0, 0, 0, 0, 0, 0, NULL, NULL),
(6, 7, 148, 0, 0, 0, NULL, NULL, 0, 0, 0, 0, 0, 0, 0, 0, 0, 0, NULL, NULL),
(6, 7, 149, 0, 0, 0, NULL, NULL, 0, 0, 0, 0, 0, 0, 0, 0, 0, 0, NULL, NULL),
(6, 7, 150, 0, 0, 0, NULL, NULL, 0, 0, 0, 0, 0, 0, 0, 0, 0, 0, NULL, NULL),
(6, 7, 151, 0, 0, 0, NULL, NULL, 0, 0, 0, 0, 0, 0, 0, 0, 0, 0, NULL, NULL),
(6, 7, 152, 0, 0, 0, NULL, NULL, 0, 0, 0, 0, 0, 0, 0, 0, 0, 0, NULL, NULL),
(6, 7, 153, 0, 0, 0, NULL, NULL, 0, 0, 0, 0, 0, 0, 0, 0, 0, 0, NULL, NULL),
(6, 7, 154, 0, 0, 0, NULL, NULL, 0, 0, 0, 0, 0, 0, 0, 0, 0, 0, NULL, NULL),
(6, 7, 155, 0, 0, 0, NULL, NULL, 0, 0, 0, 0, 0, 0, 0, 0, 0, 0, NULL, NULL),
(6, 7, 156, 0, 0, 0, NULL, NULL, 0, 0, 0, 0, 0, 0, 0, 0, 0, 0, NULL, NULL),
(6, 7, 157, 0, 0, 0, NULL, NULL, 0, 0, 0, 0, 0, 0, 0, 0, 0, 0, NULL, NULL),
(6, 7, 158, 0, 0, 0, NULL, NULL, 0, 0, 0, 0, 0, 0, 0, 0, 0, 0, NULL, NULL),
(6, 7, 159, 0, 0, 0, NULL, NULL, 0, 0, 0, 0, 0, 0, 0, 0, 0, 0, NULL, NULL),
(6, 7, 160, 0, 0, 0, NULL, NULL, 0, 0, 0, 0, 0, 0, 0, 0, 0, 0, NULL, NULL),
(6, 7, 161, 0, 0, 0, NULL, NULL, 0, 0, 0, 0, 0, 0, 0, 0, 0, 0, NULL, NULL),
(6, 7, 162, 0, 0, 0, NULL, NULL, 0, 0, 0, 0, 0, 0, 0, 0, 0, 0, NULL, NULL),
(6, 7, 163, 0, 0, 0, NULL, NULL, 0, 0, 0, 0, 0, 0, 0, 0, 0, 0, NULL, NULL),
(6, 7, 164, 0, 0, 0, NULL, NULL, 0, 0, 0, 0, 0, 0, 0, 0, 0, 0, NULL, NULL),
(6, 7, 165, 0, 0, 0, NULL, NULL, 0, 0, 0, 0, 0, 0, 0, 0, 0, 0, NULL, NULL),
(6, 7, 166, 0, 0, 0, NULL, NULL, 0, 0, 0, 0, 0, 0, 0, 0, 0, 0, NULL, NULL),
(6, 7, 167, 0, 0, 0, NULL, NULL, 0, 0, 0, 0, 0, 0, 0, 0, 0, 0, NULL, NULL),
(6, 7, 168, 0, 0, 0, NULL, NULL, 0, 0, 0, 0, 0, 0, 0, 0, 0, 0, NULL, NULL),
(6, 7, 169, 0, 0, 0, NULL, NULL, 0, 0, 0, 0, 0, 0, 0, 0, 0, 0, NULL, NULL),
(7, 6, 123, 0, 0, 0, NULL, NULL, 0, 0, 0, 0, 0, 0, 0, 0, 0, 0, NULL, NULL),
(7, 6, 124, 0, 0, 0, NULL, NULL, 0, 0, 0, 0, 0, 0, 0, 0, 0, 0, NULL, NULL),
(7, 6, 125, 0, 0, 0, NULL, 211, 0, 0, 0, 0, 0, 0, 0, 0, 0, 0, NULL, NULL),
(7, 6, 126, 0, 0, 0, NULL, NULL, 0, 0, 0, 0, 0, 0, 0, 0, 0, 0, NULL, NULL),
(7, 6, 127, 0, 0, 0, NULL, NULL, 0, 0, 0, 0, 0, 0, 0, 0, 0, 0, NULL, NULL),
(7, 6, 128, 0, 0, 0, NULL, NULL, 0, 0, 0, 0, 0, 0, 0, 0, 0, 0, NULL, NULL),
(7, 6, 129, 0, 0, 0, NULL, NULL, 0, 0, 0, 0, 0, 0, 0, 0, 0, 0, NULL, NULL),
(7, 6, 130, 0, 0, 0, NULL, NULL, 0, 0, 0, 0, 0, 0, 0, 0, 0, 0, NULL, NULL),
(7, 6, 131, 0, 0, 0, NULL, NULL, 0, 0, 0, 0, 0, 0, 0, 0, 0, 0, NULL, NULL),
(7, 6, 132, 0, 0, 0, NULL, NULL, 0, 0, 0, 0, 0, 0, 0, 0, 0, 0, NULL, NULL),
(7, 6, 133, 0, 0, 0, NULL, NULL, 0, 0, 0, 0, 0, 0, 0, 0, 0, 0, NULL, NULL),
(7, 6, 134, 0, 0, 0, NULL, NULL, 0, 0, 0, 0, 0, 0, 0, 0, 0, 0, NULL, NULL),
(7, 6, 135, 0, 0, 0, NULL, NULL, 0, 0, 0, 0, 0, 0, 0, 0, 0, 0, NULL, NULL),
(7, 6, 136, 0, 0, 0, NULL, NULL, 0, 0, 0, 0, 0, 0, 0, 0, 0, 0, NULL, NULL),
(7, 6, 137, 0, 0, 0, NULL, NULL, 0, 0, 0, 0, 0, 0, 0, 0, 0, 0, NULL, NULL),
(7, 6, 138, 0, 0, 0, NULL, NULL, 0, 0, 0, 0, 0, 0, 0, 0, 0, 0, NULL, NULL),
(7, 6, 139, 0, 0, 0, NULL, NULL, 0, 0, 0, 0, 0, 0, 0, 0, 0, 0, NULL, NULL),
(7, 6, 140, 0, 0, 0, NULL, NULL, 0, 0, 0, 0, 0, 0, 0, 0, 0, 0, NULL, NULL),
(7, 6, 141, 0, 0, 0, NULL, NULL, 0, 0, 0, 0, 0, 0, 0, 0, 0, 0, NULL, NULL),
(7, 6, 142, 0, 0, 0, NULL, NULL, 0, 0, 0, 0, 0, 0, 0, 0, 0, 0, NULL, NULL),
(7, 6, 143, 0, 0, 0, NULL, NULL, 0, 0, 0, 0, 0, 0, 0, 0, 0, 0, NULL, NULL),
(7, 6, 144, 0, 0, 0, NULL, NULL, 0, 0, 0, 0, 0, 0, 0, 0, 0, 0, NULL, NULL),
(7, 6, 145, 0, 0, 0, NULL, NULL, 0, 0, 0, 0, 0, 0, 0, 0, 0, 0, NULL, NULL),
(7, 6, 146, 0, 0, 0, NULL, NULL, 0, 0, 0, 0, 0, 0, 0, 0, 0, 0, NULL, NULL),
(7, 10, 217, 0, 0, 0, NULL, NULL, 0, 0, 0, 0, 0, 0, 0, 0, 0, 0, NULL, NULL),
(7, 10, 218, 0, 0, 0, NULL, NULL, 0, 0, 0, 0, 0, 0, 0, 0, 0, 0, NULL, NULL),
(7, 10, 219, 0, 0, 0, NULL, NULL, 0, 0, 0, 0, 0, 0, 0, 0, 0, 0, NULL, NULL),
(7, 10, 220, 0, 0, 0, NULL, NULL, 0, 0, 0, 0, 0, 0, 0, 0, 0, 0, NULL, NULL),
(7, 10, 221, 0, 0, 0, NULL, NULL, 0, 0, 0, 0, 0, 0, 0, 0, 0, 0, NULL, NULL),
(7, 10, 222, 0, 0, 0, NULL, NULL, 0, 0, 0, 0, 0, 0, 0, 0, 0, 0, NULL, NULL),
(7, 10, 223, 0, 0, 0, NULL, NULL, 0, 0, 0, 0, 0, 0, 0, 0, 0, 0, NULL, NULL),
(7, 10, 224, 0, 0, 0, NULL, NULL, 0, 0, 0, 0, 0, 0, 0, 0, 0, 0, NULL, NULL),
(7, 10, 225, 0, 0, 0, NULL, NULL, 0, 0, 0, 0, 0, 0, 0, 0, 0, 0, NULL, NULL),
(7, 10, 226, 0, 0, 0, NULL, NULL, 0, 0, 0, 0, 0, 0, 0, 0, 0, 0, NULL, NULL),
(7, 10, 227, 0, 0, 0, NULL, NULL, 0, 0, 0, 0, 0, 0, 0, 0, 0, 0, NULL, NULL),
(7, 10, 228, 0, 0, 0, NULL, NULL, 0, 0, 0, 0, 0, 0, 0, 0, 0, 0, NULL, NULL),
(7, 10, 229, 0, 0, 0, NULL, NULL, 0, 0, 0, 0, 0, 0, 0, 0, 0, 0, NULL, NULL),
(7, 10, 230, 0, 0, 0, NULL, NULL, 0, 0, 0, 0, 0, 0, 0, 0, 0, 0, NULL, NULL),
(7, 10, 231, 0, 0, 0, NULL, NULL, 0, 0, 0, 0, 0, 0, 0, 0, 0, 0, NULL, NULL),
(7, 10, 232, 0, 0, 0, NULL, NULL, 0, 0, 0, 0, 0, 0, 0, 0, 0, 0, NULL, NULL),
(7, 10, 233, 0, 0, 0, NULL, NULL, 0, 0, 0, 0, 0, 0, 0, 0, 0, 0, NULL, NULL),
(7, 10, 234, 0, 0, 0, NULL, NULL, 0, 0, 0, 0, 0, 0, 0, 0, 0, 0, NULL, NULL),
(7, 10, 235, 0, 0, 0, NULL, NULL, 0, 0, 0, 0, 0, 0, 0, 0, 0, 0, NULL, NULL),
(7, 10, 236, 0, 0, 0, NULL, NULL, 0, 0, 0, 0, 0, 0, 0, 0, 0, 0, NULL, NULL),
(7, 10, 237, 0, 0, 0, NULL, NULL, 0, 0, 0, 0, 0, 0, 0, 0, 0, 0, NULL, NULL),
(8, 3, 49, 0, 0, 0, NULL, NULL, 0, 0, 0, 0, 0, 0, 0, 0, 0, 0, NULL, NULL),
(8, 3, 50, 0, 0, 0, NULL, NULL, 0, 0, 0, 0, 0, 0, 0, 0, 0, 0, NULL, NULL),
(8, 3, 51, 0, 0, 0, NULL, NULL, 0, 0, 0, 0, 0, 0, 0, 0, 0, 0, NULL, NULL),
(8, 3, 52, 0, 0, 0, NULL, NULL, 0, 0, 0, 0, 0, 0, 0, 0, 0, 0, NULL, NULL),
(8, 3, 53, 0, 0, 0, NULL, NULL, 0, 0, 0, 0, 0, 0, 0, 0, 0, 0, NULL, NULL),
(8, 3, 54, 0, 0, 0, NULL, NULL, 0, 0, 0, 0, 0, 0, 0, 0, 0, 0, NULL, NULL),
(8, 3, 55, 0, 0, 0, NULL, NULL, 0, 0, 0, 0, 0, 0, 0, 0, 0, 0, NULL, NULL),
(8, 3, 56, 0, 0, 0, NULL, NULL, 0, 0, 0, 0, 0, 0, 0, 0, 0, 0, NULL, NULL),
(8, 3, 57, 0, 0, 0, NULL, NULL, 0, 0, 0, 0, 0, 0, 0, 0, 0, 0, NULL, NULL),
(8, 3, 58, 0, 0, 0, NULL, NULL, 0, 0, 0, 0, 0, 0, 0, 0, 0, 0, NULL, NULL),
(8, 3, 59, 0, 0, 0, NULL, NULL, 0, 0, 0, 0, 0, 0, 0, 0, 0, 0, NULL, NULL),
(8, 3, 60, 0, 0, 0, NULL, NULL, 0, 0, 0, 0, 0, 0, 0, 0, 0, 0, NULL, NULL),
(8, 3, 61, 0, 0, 0, NULL, NULL, 0, 0, 0, 0, 0, 0, 0, 0, 0, 0, NULL, NULL),
(8, 3, 62, 0, 0, 0, NULL, NULL, 0, 0, 0, 0, 0, 0, 0, 0, 0, 0, NULL, NULL),
(8, 3, 63, 0, 0, 0, NULL, NULL, 0, 0, 0, 0, 0, 0, 0, 0, 0, 0, NULL, NULL),
(8, 3, 64, 0, 0, 0, NULL, NULL, 0, 0, 0, 0, 0, 0, 0, 0, 0, 0, NULL, NULL),
(8, 3, 65, 0, 0, 0, NULL, NULL, 0, 0, 0, 0, 0, 0, 0, 0, 0, 0, NULL, NULL),
(8, 3, 66, 0, 0, 0, NULL, NULL, 0, 0, 0, 0, 0, 0, 0, 0, 0, 0, NULL, NULL),
(8, 3, 67, 0, 0, 0, NULL, NULL, 0, 0, 0, 0, 0, 0, 0, 0, 0, 0, NULL, NULL),
(8, 3, 68, 0, 0, 0, NULL, NULL, 0, 0, 0, 0, 0, 0, 0, 0, 0, 0, NULL, NULL),
(8, 3, 69, 0, 0, 0, NULL, NULL, 0, 0, 0, 0, 0, 0, 0, 0, 0, 0, NULL, NULL),
(8, 3, 70, 0, 0, 0, NULL, NULL, 0, 0, 0, 0, 0, 0, 0, 0, 0, 0, NULL, NULL),
(8, 3, 71, 0, 0, 0, NULL, NULL, 0, 0, 0, 0, 0, 0, 0, 0, 0, 0, NULL, NULL),
(8, 3, 72, 0, 0, 0, NULL, NULL, 0, 0, 0, 0, 0, 0, 0, 0, 0, 0, NULL, NULL),
(8, 3, 73, 0, 0, 0, NULL, NULL, 0, 0, 0, 0, 0, 0, 0, 0, 0, 0, NULL, NULL),
(8, 4, 74, 0, 0, 0, NULL, NULL, 0, 0, 0, 0, 0, 0, 0, 0, 0, 0, NULL, NULL),
(8, 4, 75, 0, 0, 0, NULL, NULL, 0, 0, 0, 0, 0, 0, 0, 0, 0, 0, NULL, NULL),
(8, 4, 76, 0, 0, 0, NULL, NULL, 0, 0, 0, 0, 0, 0, 0, 0, 0, 0, NULL, NULL),
(8, 4, 77, 0, 0, 0, NULL, NULL, 0, 0, 0, 0, 0, 0, 0, 0, 0, 0, NULL, NULL),
(8, 4, 78, 0, 0, 0, NULL, NULL, 0, 0, 0, 0, 0, 0, 0, 0, 0, 0, NULL, NULL),
(8, 4, 79, 0, 0, 0, NULL, NULL, 0, 0, 0, 0, 0, 0, 0, 0, 0, 0, NULL, NULL),
(8, 4, 80, 0, 0, 0, NULL, NULL, 0, 0, 0, 0, 0, 0, 0, 0, 0, 0, NULL, NULL),
(8, 4, 81, 0, 0, 0, NULL, NULL, 0, 0, 0, 0, 0, 0, 0, 0, 0, 0, NULL, NULL),
(8, 4, 82, 0, 0, 0, NULL, NULL, 0, 0, 0, 0, 0, 0, 0, 0, 0, 0, NULL, NULL),
(8, 4, 83, 0, 0, 0, NULL, NULL, 0, 0, 0, 0, 0, 0, 0, 0, 0, 0, NULL, NULL),
(8, 4, 84, 0, 0, 0, NULL, NULL, 0, 0, 0, 0, 0, 0, 0, 0, 0, 0, NULL, NULL),
(8, 4, 85, 0, 0, 0, NULL, NULL, 0, 0, 0, 0, 0, 0, 0, 0, 0, 0, NULL, NULL),
(8, 4, 86, 0, 0, 0, NULL, NULL, 0, 0, 0, 0, 0, 0, 0, 0, 0, 0, NULL, NULL),
(8, 4, 87, 0, 0, 0, NULL, NULL, 0, 0, 0, 0, 0, 0, 0, 0, 0, 0, NULL, NULL),
(8, 4, 88, 0, 0, 0, NULL, NULL, 0, 0, 0, 0, 0, 0, 0, 0, 0, 0, NULL, NULL),
(8, 4, 89, 0, 0, 0, NULL, NULL, 0, 0, 0, 0, 0, 0, 0, 0, 0, 0, NULL, NULL),
(8, 4, 90, 0, 0, 0, NULL, NULL, 0, 0, 0, 0, 0, 0, 0, 0, 0, 0, NULL, NULL),
(8, 4, 91, 0, 0, 0, NULL, NULL, 0, 0, 0, 0, 0, 0, 0, 0, 0, 0, NULL, NULL),
(8, 4, 92, 0, 0, 0, NULL, NULL, 0, 0, 0, 0, 0, 0, 0, 0, 0, 0, NULL, NULL),
(8, 4, 93, 0, 0, 0, NULL, NULL, 0, 0, 0, 0, 0, 0, 0, 0, 0, 0, NULL, NULL),
(8, 4, 94, 0, 0, 0, NULL, NULL, 0, 0, 0, 0, 0, 0, 0, 0, 0, 0, NULL, NULL),
(8, 4, 95, 0, 0, 0, NULL, NULL, 0, 0, 0, 0, 0, 0, 0, 0, 0, 0, NULL, NULL),
(8, 4, 96, 0, 0, 0, NULL, NULL, 0, 0, 0, 0, 0, 0, 0, 0, 0, 0, NULL, NULL),
(8, 4, 97, 0, 0, 0, NULL, NULL, 0, 0, 0, 0, 0, 0, 0, 0, 0, 0, NULL, NULL),
(8, 4, 98, 0, 0, 0, NULL, NULL, 0, 0, 0, 0, 0, 0, 0, 0, 0, 0, NULL, NULL),
(9, 2, 24, 0, 0, 0, NULL, NULL, 0, 0, 0, 0, 0, 0, 0, 0, 0, 0, NULL, NULL),
(9, 2, 25, 0, 0, 0, NULL, NULL, 0, 0, 0, 0, 0, 0, 0, 0, 0, 0, NULL, NULL),
(9, 2, 26, 0, 0, 0, NULL, NULL, 0, 0, 0, 0, 0, 0, 0, 0, 0, 0, NULL, NULL),
(9, 2, 27, 0, 0, 0, NULL, NULL, 0, 0, 0, 0, 0, 0, 0, 0, 0, 0, NULL, NULL),
(9, 2, 28, 0, 0, 0, NULL, NULL, 0, 0, 0, 0, 0, 0, 0, 0, 0, 0, NULL, NULL),
(9, 2, 29, 0, 0, 0, NULL, NULL, 0, 0, 0, 0, 0, 0, 0, 0, 0, 0, NULL, NULL),
(9, 2, 30, 0, 0, 0, NULL, NULL, 0, 0, 0, 0, 0, 0, 0, 0, 0, 0, NULL, NULL),
(9, 2, 31, 0, 0, 0, NULL, NULL, 0, 0, 0, 0, 0, 0, 0, 0, 0, 0, NULL, NULL),
(9, 2, 32, 0, 0, 0, NULL, NULL, 0, 0, 0, 0, 0, 0, 0, 0, 0, 0, NULL, NULL),
(9, 2, 33, 0, 0, 0, NULL, NULL, 0, 0, 0, 0, 0, 0, 0, 0, 0, 0, NULL, NULL),
(9, 2, 34, 0, 0, 0, NULL, NULL, 0, 0, 0, 0, 0, 0, 0, 0, 0, 0, NULL, NULL),
(9, 2, 35, 0, 0, 0, NULL, NULL, 0, 0, 0, 0, 0, 0, 0, 0, 0, 0, NULL, NULL),
(9, 2, 36, 0, 0, 0, NULL, NULL, 0, 0, 0, 0, 0, 0, 0, 0, 0, 0, NULL, NULL),
(9, 2, 37, 0, 0, 0, NULL, NULL, 0, 0, 0, 0, 0, 0, 0, 0, 0, 0, NULL, NULL),
(9, 2, 38, 0, 0, 0, NULL, NULL, 0, 0, 0, 0, 0, 0, 0, 0, 0, 0, NULL, NULL),
(9, 2, 39, 0, 0, 0, NULL, NULL, 0, 0, 0, 0, 0, 0, 0, 0, 0, 0, NULL, NULL),
(9, 2, 40, 0, 0, 0, NULL, NULL, 0, 0, 0, 0, 0, 0, 0, 0, 0, 0, NULL, NULL),
(9, 2, 41, 0, 0, 0, NULL, NULL, 0, 0, 0, 0, 0, 0, 0, 0, 0, 0, NULL, NULL),
(9, 2, 42, 0, 0, 0, NULL, NULL, 0, 0, 0, 0, 0, 0, 0, 0, 0, 0, NULL, NULL),
(9, 2, 43, 0, 0, 0, NULL, NULL, 0, 0, 0, 0, 0, 0, 0, 0, 0, 0, NULL, NULL),
(9, 2, 44, 0, 0, 0, NULL, NULL, 0, 0, 0, 0, 0, 0, 0, 0, 0, 0, NULL, NULL),
(9, 2, 45, 0, 0, 0, NULL, NULL, 0, 0, 0, 0, 0, 0, 0, 0, 0, 0, NULL, NULL),
(9, 2, 46, 0, 0, 0, NULL, NULL, 0, 0, 0, 0, 0, 0, 0, 0, 0, 0, NULL, NULL),
(9, 2, 47, 0, 0, 0, NULL, NULL, 0, 0, 0, 0, 0, 0, 0, 0, 0, 0, NULL, NULL),
(9, 2, 48, 0, 0, 0, NULL, NULL, 0, 0, 0, 0, 0, 0, 0, 0, 0, 0, NULL, NULL),
(9, 5, 99, 0, 0, 0, NULL, NULL, 0, 0, 0, 0, 0, 0, 0, 0, 0, 0, NULL, NULL),
(9, 5, 100, 0, 0, 0, NULL, NULL, 0, 0, 0, 0, 0, 0, 0, 0, 0, 0, NULL, NULL),
(9, 5, 101, 0, 0, 0, NULL, NULL, 0, 0, 0, 0, 0, 0, 0, 0, 0, 0, NULL, NULL),
(9, 5, 102, 0, 0, 0, NULL, NULL, 0, 0, 0, 0, 0, 0, 0, 0, 0, 0, NULL, NULL),
(9, 5, 103, 0, 0, 0, NULL, NULL, 0, 0, 0, 0, 0, 0, 0, 0, 0, 0, NULL, NULL),
(9, 5, 104, 0, 0, 0, NULL, NULL, 0, 0, 0, 0, 0, 0, 0, 0, 0, 0, NULL, NULL),
(9, 5, 105, 0, 0, 0, NULL, NULL, 0, 0, 0, 0, 0, 0, 0, 0, 0, 0, NULL, NULL),
(9, 5, 106, 0, 0, 0, NULL, NULL, 0, 0, 0, 0, 0, 0, 0, 0, 0, 0, NULL, NULL),
(9, 5, 107, 0, 0, 0, NULL, NULL, 0, 0, 0, 0, 0, 0, 0, 0, 0, 0, NULL, NULL),
(9, 5, 108, 0, 0, 0, NULL, NULL, 0, 0, 0, 0, 0, 0, 0, 0, 0, 0, NULL, NULL),
(9, 5, 109, 0, 0, 0, NULL, NULL, 0, 0, 0, 0, 0, 0, 0, 0, 0, 0, NULL, NULL),
(9, 5, 110, 0, 0, 0, NULL, NULL, 0, 0, 0, 0, 0, 0, 0, 0, 0, 0, NULL, NULL),
(9, 5, 111, 0, 0, 0, NULL, NULL, 0, 0, 0, 0, 0, 0, 0, 0, 0, 0, NULL, NULL),
(9, 5, 112, 0, 0, 0, NULL, NULL, 0, 0, 0, 0, 0, 0, 0, 0, 0, 0, NULL, NULL),
(9, 5, 113, 0, 0, 0, NULL, NULL, 0, 0, 0, 0, 0, 0, 0, 0, 0, 0, NULL, NULL),
(9, 5, 114, 0, 0, 0, NULL, NULL, 0, 0, 0, 0, 0, 0, 0, 0, 0, 0, NULL, NULL),
(9, 5, 115, 0, 0, 0, NULL, NULL, 0, 0, 0, 0, 0, 0, 0, 0, 0, 0, NULL, NULL),
(9, 5, 116, 0, 0, 0, NULL, NULL, 0, 0, 0, 0, 0, 0, 0, 0, 0, 0, NULL, NULL),
(9, 5, 117, 0, 0, 0, NULL, NULL, 0, 0, 0, 0, 0, 0, 0, 0, 0, 0, NULL, NULL),
(9, 5, 118, 0, 0, 0, NULL, NULL, 0, 0, 0, 0, 0, 0, 0, 0, 0, 0, NULL, NULL),
(9, 5, 119, 0, 0, 0, NULL, NULL, 0, 0, 0, 0, 0, 0, 0, 0, 0, 0, NULL, NULL),
(9, 5, 120, 0, 0, 0, NULL, NULL, 0, 0, 0, 0, 0, 0, 0, 0, 0, 0, NULL, NULL),
(9, 5, 121, 0, 0, 0, NULL, NULL, 0, 0, 0, 0, 0, 0, 0, 0, 0, 0, NULL, NULL),
(9, 5, 122, 0, 0, 0, NULL, NULL, 0, 0, 0, 0, 0, 0, 0, 0, 0, 0, NULL, NULL),
(10, 8, 170, 0, 0, 0, NULL, NULL, 0, 0, 0, 0, 0, 0, 0, 0, 0, 0, NULL, NULL),
(10, 8, 171, 0, 0, 0, NULL, NULL, 0, 0, 0, 0, 0, 0, 0, 0, 0, 0, NULL, NULL),
(10, 8, 172, 0, 0, 0, NULL, NULL, 0, 0, 0, 0, 0, 0, 0, 0, 0, 0, NULL, NULL),
(10, 8, 173, 0, 0, 0, NULL, NULL, 0, 0, 0, 0, 0, 0, 0, 0, 0, 0, NULL, NULL),
(10, 8, 174, 0, 0, 0, NULL, NULL, 0, 0, 0, 0, 0, 0, 0, 0, 0, 0, NULL, NULL),
(10, 8, 175, 0, 0, 0, NULL, NULL, 0, 0, 0, 0, 0, 0, 0, 0, 0, 0, NULL, NULL),
(10, 8, 176, 0, 0, 0, NULL, NULL, 0, 0, 0, 0, 0, 0, 0, 0, 0, 0, NULL, NULL),
(10, 8, 177, 0, 0, 0, NULL, NULL, 0, 0, 0, 0, 0, 0, 0, 0, 0, 0, NULL, NULL),
(10, 8, 178, 0, 0, 0, NULL, NULL, 0, 0, 0, 0, 0, 0, 0, 0, 0, 0, NULL, NULL),
(10, 8, 179, 0, 0, 0, NULL, NULL, 0, 0, 0, 0, 0, 0, 0, 0, 0, 0, NULL, NULL),
(10, 8, 180, 0, 0, 0, NULL, NULL, 0, 0, 0, 0, 0, 0, 0, 0, 0, 0, NULL, NULL),
(10, 8, 181, 0, 0, 0, NULL, NULL, 0, 0, 0, 0, 0, 0, 0, 0, 0, 0, NULL, NULL),
(10, 8, 182, 0, 0, 0, NULL, NULL, 0, 0, 0, 0, 0, 0, 0, 0, 0, 0, NULL, NULL),
(10, 8, 183, 0, 0, 0, NULL, NULL, 0, 0, 0, 0, 0, 0, 0, 0, 0, 0, NULL, NULL),
(10, 8, 184, 0, 0, 0, NULL, NULL, 0, 0, 0, 0, 0, 0, 0, 0, 0, 0, NULL, NULL),
(10, 8, 185, 0, 0, 0, NULL, NULL, 0, 0, 0, 0, 0, 0, 0, 0, 0, 0, NULL, NULL),
(10, 8, 186, 0, 0, 0, NULL, NULL, 0, 0, 0, 0, 0, 0, 0, 0, 0, 0, NULL, NULL),
(10, 8, 187, 0, 0, 0, NULL, NULL, 0, 0, 0, 0, 0, 0, 0, 0, 0, 0, NULL, NULL),
(10, 8, 188, 0, 0, 0, NULL, NULL, 0, 0, 0, 0, 0, 0, 0, 0, 0, 0, NULL, NULL),
(10, 8, 189, 0, 0, 0, NULL, NULL, 0, 0, 0, 0, 0, 0, 0, 0, 0, 0, NULL, NULL),
(10, 8, 190, 0, 0, 0, NULL, NULL, 0, 0, 0, 0, 0, 0, 0, 0, 0, 0, NULL, NULL),
(10, 8, 191, 0, 0, 0, NULL, NULL, 0, 0, 0, 0, 0, 0, 0, 0, 0, 0, NULL, NULL),
(10, 8, 192, 0, 0, 0, NULL, NULL, 0, 0, 0, 0, 0, 0, 0, 0, 0, 0, NULL, NULL),
(10, 8, 193, 0, 0, 0, NULL, NULL, 0, 0, 0, 0, 0, 0, 0, 0, 0, 0, NULL, NULL),
(10, 9, 194, 0, 0, 0, NULL, NULL, 0, 0, 0, 0, 0, 0, 0, 0, 0, 0, NULL, NULL),
(10, 9, 195, 0, 0, 0, NULL, NULL, 0, 0, 0, 0, 0, 0, 0, 0, 0, 0, NULL, NULL),
(10, 9, 196, 0, 0, 0, NULL, NULL, 0, 0, 0, 0, 0, 0, 0, 0, 0, 0, NULL, NULL),
(10, 9, 197, 0, 0, 0, NULL, NULL, 0, 0, 0, 0, 0, 0, 0, 0, 0, 0, NULL, NULL),
(10, 9, 198, 0, 0, 0, NULL, NULL, 0, 0, 0, 0, 0, 0, 0, 0, 0, 0, NULL, NULL),
(10, 9, 199, 0, 0, 0, NULL, NULL, 0, 0, 0, 0, 0, 0, 0, 0, 0, 0, NULL, NULL),
(10, 9, 200, 0, 0, 0, NULL, NULL, 0, 0, 0, 0, 0, 0, 0, 0, 0, 0, NULL, NULL),
(10, 9, 201, 0, 0, 0, NULL, NULL, 0, 0, 0, 0, 0, 0, 0, 0, 0, 0, NULL, NULL),
(10, 9, 202, 0, 0, 0, NULL, NULL, 0, 0, 0, 0, 0, 0, 0, 0, 0, 0, NULL, NULL),
(10, 9, 203, 0, 0, 0, NULL, NULL, 0, 0, 0, 0, 0, 0, 0, 0, 0, 0, NULL, NULL),
(10, 9, 204, 0, 0, 0, NULL, NULL, 0, 0, 0, 0, 0, 0, 0, 0, 0, 0, NULL, NULL),
(10, 9, 205, 0, 0, 0, NULL, NULL, 0, 0, 0, 0, 0, 0, 0, 0, 0, 0, NULL, NULL),
(10, 9, 206, 0, 0, 0, NULL, NULL, 0, 0, 0, 0, 0, 0, 0, 0, 0, 0, NULL, NULL),
(10, 9, 207, 0, 0, 0, NULL, NULL, 0, 0, 0, 0, 0, 0, 0, 0, 0, 0, NULL, NULL),
(10, 9, 208, 0, 0, 0, NULL, NULL, 0, 0, 0, 0, 0, 0, 0, 0, 0, 0, NULL, NULL),
(10, 9, 209, 0, 0, 0, NULL, NULL, 0, 0, 0, 0, 0, 0, 0, 0, 0, 0, NULL, NULL),
(10, 9, 210, 0, 0, 0, NULL, NULL, 0, 0, 0, 0, 0, 0, 0, 0, 0, 0, NULL, NULL),
(10, 9, 211, 0, 0, 0, NULL, NULL, 0, 0, 0, 0, 0, 0, 0, 0, 0, 0, NULL, NULL),
(10, 9, 212, 0, 0, 0, NULL, NULL, 0, 0, 0, 0, 0, 0, 0, 0, 0, 0, NULL, NULL),
(10, 9, 213, 0, 0, 0, NULL, NULL, 0, 0, 0, 0, 0, 0, 0, 0, 0, 0, NULL, NULL),
(10, 9, 214, 0, 0, 0, NULL, NULL, 0, 0, 0, 0, 0, 0, 0, 0, 0, 0, NULL, NULL),
(10, 9, 215, 0, 0, 0, NULL, NULL, 0, 0, 0, 0, 0, 0, 0, 0, 0, 0, NULL, NULL),
(10, 9, 216, 0, 0, 0, NULL, NULL, 0, 0, 0, 0, 0, 0, 0, 0, 0, 0, NULL, NULL),
(11, 4, 74, 0, 0, 0, NULL, NULL, 0, 0, 0, 0, 0, 0, 0, 0, 0, 0, NULL, NULL),
(11, 4, 75, 0, 0, 0, NULL, NULL, 0, 0, 0, 0, 0, 0, 0, 0, 0, 0, NULL, NULL),
(11, 4, 76, 0, 0, 0, NULL, NULL, 0, 0, 0, 0, 0, 0, 0, 0, 0, 0, NULL, NULL),
(11, 4, 77, 0, 0, 0, NULL, NULL, 0, 0, 0, 0, 0, 0, 0, 0, 0, 0, NULL, NULL),
(11, 4, 78, 0, 0, 0, NULL, NULL, 0, 0, 0, 0, 0, 0, 0, 0, 0, 0, NULL, NULL),
(11, 4, 79, 0, 0, 0, NULL, NULL, 0, 0, 0, 0, 0, 0, 0, 0, 0, 0, NULL, NULL),
(11, 4, 80, 0, 0, 0, NULL, NULL, 0, 0, 0, 0, 0, 0, 0, 0, 0, 0, NULL, NULL),
(11, 4, 81, 0, 0, 0, NULL, NULL, 0, 0, 0, 0, 0, 0, 0, 0, 0, 0, NULL, NULL),
(11, 4, 82, 0, 0, 0, NULL, NULL, 0, 0, 0, 0, 0, 0, 0, 0, 0, 0, NULL, NULL),
(11, 4, 83, 0, 0, 0, NULL, NULL, 0, 0, 0, 0, 0, 0, 0, 0, 0, 0, NULL, NULL),
(11, 4, 84, 0, 0, 0, NULL, NULL, 0, 0, 0, 0, 0, 0, 0, 0, 0, 0, NULL, NULL),
(11, 4, 85, 0, 0, 0, NULL, NULL, 0, 0, 0, 0, 0, 0, 0, 0, 0, 0, NULL, NULL),
(11, 4, 86, 0, 0, 0, NULL, NULL, 0, 0, 0, 0, 0, 0, 0, 0, 0, 0, NULL, NULL),
(11, 4, 87, 0, 0, 0, NULL, NULL, 0, 0, 0, 0, 0, 0, 0, 0, 0, 0, NULL, NULL),
(11, 4, 88, 0, 0, 0, NULL, NULL, 0, 0, 0, 0, 0, 0, 0, 0, 0, 0, NULL, NULL),
(11, 4, 89, 0, 0, 0, NULL, NULL, 0, 0, 0, 0, 0, 0, 0, 0, 0, 0, NULL, NULL),
(11, 4, 90, 0, 0, 0, NULL, NULL, 0, 0, 0, 0, 0, 0, 0, 0, 0, 0, NULL, NULL),
(11, 4, 91, 0, 0, 0, NULL, NULL, 0, 0, 0, 0, 0, 0, 0, 0, 0, 0, NULL, NULL),
(11, 4, 92, 0, 0, 0, NULL, NULL, 0, 0, 0, 0, 0, 0, 0, 0, 0, 0, NULL, NULL),
(11, 4, 93, 0, 0, 0, NULL, NULL, 0, 0, 0, 0, 0, 0, 0, 0, 0, 0, NULL, NULL),
(11, 4, 94, 0, 0, 0, NULL, NULL, 0, 0, 0, 0, 0, 0, 0, 0, 0, 0, NULL, NULL),
(11, 4, 95, 0, 0, 0, NULL, NULL, 0, 0, 0, 0, 0, 0, 0, 0, 0, 0, NULL, NULL),
(11, 4, 96, 0, 0, 0, NULL, NULL, 0, 0, 0, 0, 0, 0, 0, 0, 0, 0, NULL, NULL),
(11, 4, 97, 0, 0, 0, NULL, NULL, 0, 0, 0, 0, 0, 0, 0, 0, 0, 0, NULL, NULL),
(11, 4, 98, 0, 0, 0, NULL, NULL, 0, 0, 0, 0, 0, 0, 0, 0, 0, 0, NULL, NULL),
(11, 6, 123, 0, 0, 0, NULL, NULL, 0, 0, 0, 0, 0, 0, 0, 0, 0, 0, NULL, NULL),
(11, 6, 124, 0, 0, 0, NULL, NULL, 0, 0, 0, 0, 0, 0, 0, 0, 0, 0, NULL, NULL),
(11, 6, 125, 0, 0, 0, NULL, 21, 0, 0, 0, 0, 0, 0, 0, 0, 0, 0, NULL, NULL),
(11, 6, 126, 0, 0, 0, NULL, NULL, 0, 0, 0, 0, 0, 0, 0, 0, 0, 0, NULL, NULL),
(11, 6, 127, 0, 0, 0, NULL, NULL, 0, 0, 0, 0, 0, 0, 0, 0, 0, 0, NULL, NULL),
(11, 6, 128, 0, 0, 0, NULL, NULL, 0, 0, 0, 0, 0, 0, 0, 0, 0, 0, NULL, NULL),
(11, 6, 129, 0, 0, 0, NULL, NULL, 0, 0, 0, 0, 0, 0, 0, 0, 0, 0, NULL, NULL),
(11, 6, 130, 0, 0, 0, NULL, NULL, 0, 0, 0, 0, 0, 0, 0, 0, 0, 0, NULL, NULL),
(11, 6, 131, 0, 0, 0, NULL, NULL, 0, 0, 0, 0, 0, 0, 0, 0, 0, 0, NULL, NULL),
(11, 6, 132, 0, 0, 0, NULL, NULL, 0, 0, 0, 0, 0, 0, 0, 0, 0, 0, NULL, NULL),
(11, 6, 133, 0, 0, 0, NULL, NULL, 0, 0, 0, 0, 0, 0, 0, 0, 0, 0, NULL, NULL),
(11, 6, 134, 0, 0, 0, NULL, NULL, 0, 0, 0, 0, 0, 0, 0, 0, 0, 0, NULL, NULL),
(11, 6, 135, 0, 0, 0, NULL, NULL, 0, 0, 0, 0, 0, 0, 0, 0, 0, 0, NULL, NULL),
(11, 6, 136, 0, 0, 0, NULL, NULL, 0, 0, 0, 0, 0, 0, 0, 0, 0, 0, NULL, NULL),
(11, 6, 137, 0, 0, 0, NULL, NULL, 0, 0, 0, 0, 0, 0, 0, 0, 0, 0, NULL, NULL),
(11, 6, 138, 0, 0, 0, NULL, NULL, 0, 0, 0, 0, 0, 0, 0, 0, 0, 0, NULL, NULL),
(11, 6, 139, 0, 0, 0, NULL, NULL, 0, 0, 0, 0, 0, 0, 0, 0, 0, 0, NULL, NULL),
(11, 6, 140, 0, 0, 0, NULL, NULL, 0, 0, 0, 0, 0, 0, 0, 0, 0, 0, NULL, NULL),
(11, 6, 141, 0, 0, 0, NULL, NULL, 0, 0, 0, 0, 0, 0, 0, 0, 0, 0, NULL, NULL),
(11, 6, 142, 0, 0, 0, NULL, NULL, 0, 0, 0, 0, 0, 0, 0, 0, 0, 0, NULL, NULL),
(11, 6, 143, 0, 0, 0, NULL, NULL, 0, 0, 0, 0, 0, 0, 0, 0, 0, 0, NULL, NULL),
(11, 6, 144, 0, 0, 0, NULL, NULL, 0, 0, 0, 0, 0, 0, 0, 0, 0, 0, NULL, NULL),
(11, 6, 145, 0, 0, 0, NULL, NULL, 0, 0, 0, 0, 0, 0, 0, 0, 0, 0, NULL, NULL),
(11, 6, 146, 0, 0, 0, NULL, NULL, 0, 0, 0, 0, 0, 0, 0, 0, 0, 0, NULL, NULL),
(12, 1, 1, 0, 0, 0, NULL, NULL, 0, 0, 0, 0, 0, 0, 0, 0, 0, 0, NULL, NULL),
(12, 1, 2, 0, 0, 0, NULL, NULL, 0, 0, 0, 0, 0, 0, 0, 0, 0, 0, NULL, NULL),
(12, 1, 3, 0, 0, 0, NULL, NULL, 0, 0, 0, 0, 0, 0, 0, 0, 0, 0, NULL, NULL),
(12, 1, 4, 0, 0, 0, NULL, NULL, 0, 0, 0, 0, 0, 0, 0, 0, 0, 0, NULL, NULL),
(12, 1, 5, 0, 0, 0, NULL, NULL, 0, 0, 0, 0, 0, 0, 0, 0, 0, 0, NULL, NULL),
(12, 1, 6, 0, 0, 0, NULL, NULL, 0, 0, 0, 0, 0, 0, 0, 0, 0, 0, NULL, NULL),
(12, 1, 7, 0, 0, 0, NULL, NULL, 0, 0, 0, 0, 0, 0, 0, 0, 0, 0, NULL, NULL),
(12, 1, 8, 0, 0, 0, NULL, NULL, 0, 0, 0, 0, 0, 0, 0, 0, 0, 0, NULL, NULL),
(12, 1, 9, 0, 0, 0, NULL, NULL, 0, 0, 0, 0, 0, 0, 0, 0, 0, 0, NULL, NULL),
(12, 1, 10, 0, 0, 0, NULL, NULL, 0, 0, 0, 0, 0, 0, 0, 0, 0, 0, NULL, NULL),
(12, 1, 11, 0, 0, 0, NULL, NULL, 0, 0, 0, 0, 0, 0, 0, 0, 0, 0, NULL, NULL),
(12, 1, 12, 0, 0, 0, NULL, NULL, 0, 0, 0, 0, 0, 0, 0, 0, 0, 0, NULL, NULL),
(12, 1, 13, 0, 0, 0, NULL, NULL, 0, 0, 0, 0, 0, 0, 0, 0, 0, 0, NULL, NULL),
(12, 1, 14, 0, 0, 0, NULL, NULL, 0, 0, 0, 0, 0, 0, 0, 0, 0, 0, NULL, NULL),
(12, 1, 15, 0, 0, 0, NULL, NULL, 0, 0, 0, 0, 0, 0, 0, 0, 0, 0, NULL, NULL),
(12, 1, 16, 0, 0, 0, NULL, NULL, 0, 0, 0, 0, 0, 0, 0, 0, 0, 0, NULL, NULL),
(12, 1, 17, 0, 0, 0, NULL, NULL, 0, 0, 0, 0, 0, 0, 0, 0, 0, 0, NULL, NULL),
(12, 1, 18, 0, 0, 0, NULL, NULL, 0, 0, 0, 0, 0, 0, 0, 0, 0, 0, NULL, NULL),
(12, 1, 19, 0, 0, 0, NULL, NULL, 0, 0, 0, 0, 0, 0, 0, 0, 0, 0, NULL, NULL),
(12, 1, 20, 0, 0, 0, NULL, NULL, 0, 0, 0, 0, 0, 0, 0, 0, 0, 0, NULL, NULL),
(12, 1, 21, 0, 0, 0, NULL, NULL, 0, 0, 0, 0, 0, 0, 0, 0, 0, 0, NULL, NULL),
(12, 1, 22, 0, 0, 0, NULL, NULL, 0, 0, 0, 0, 0, 0, 0, 0, 0, 0, NULL, NULL),
(12, 1, 23, 0, 0, 0, NULL, NULL, 0, 0, 0, 0, 0, 0, 0, 0, 0, 0, NULL, NULL),
(12, 10, 217, 0, 0, 0, NULL, NULL, 0, 0, 0, 0, 0, 0, 0, 0, 0, 0, NULL, NULL),
(12, 10, 218, 0, 0, 0, NULL, NULL, 0, 0, 0, 0, 0, 0, 0, 0, 0, 0, NULL, NULL),
(12, 10, 219, 0, 0, 0, NULL, NULL, 0, 0, 0, 0, 0, 0, 0, 0, 0, 0, NULL, NULL),
(12, 10, 220, 0, 0, 0, NULL, NULL, 0, 0, 0, 0, 0, 0, 0, 0, 0, 0, NULL, NULL),
(12, 10, 221, 0, 0, 0, NULL, NULL, 0, 0, 0, 0, 0, 0, 0, 0, 0, 0, NULL, NULL),
(12, 10, 222, 0, 0, 0, NULL, NULL, 0, 0, 0, 0, 0, 0, 0, 0, 0, 0, NULL, NULL),
(12, 10, 223, 0, 0, 0, NULL, NULL, 0, 0, 0, 0, 0, 0, 0, 0, 0, 0, NULL, NULL),
(12, 10, 224, 0, 0, 0, NULL, NULL, 0, 0, 0, 0, 0, 0, 0, 0, 0, 0, NULL, NULL),
(12, 10, 225, 0, 0, 0, NULL, NULL, 0, 0, 0, 0, 0, 0, 0, 0, 0, 0, NULL, NULL),
(12, 10, 226, 0, 0, 0, NULL, NULL, 0, 0, 0, 0, 0, 0, 0, 0, 0, 0, NULL, NULL),
(12, 10, 227, 0, 0, 0, NULL, NULL, 0, 0, 0, 0, 0, 0, 0, 0, 0, 0, NULL, NULL),
(12, 10, 228, 0, 0, 0, NULL, NULL, 0, 0, 0, 0, 0, 0, 0, 0, 0, 0, NULL, NULL),
(12, 10, 229, 0, 0, 0, NULL, NULL, 0, 0, 0, 0, 0, 0, 0, 0, 0, 0, NULL, NULL),
(12, 10, 230, 0, 0, 0, NULL, NULL, 0, 0, 0, 0, 0, 0, 0, 0, 0, 0, NULL, NULL),
(12, 10, 231, 0, 0, 0, NULL, NULL, 0, 0, 0, 0, 0, 0, 0, 0, 0, 0, NULL, NULL),
(12, 10, 232, 0, 0, 0, NULL, NULL, 0, 0, 0, 0, 0, 0, 0, 0, 0, 0, NULL, NULL),
(12, 10, 233, 0, 0, 0, NULL, NULL, 0, 0, 0, 0, 0, 0, 0, 0, 0, 0, NULL, NULL),
(12, 10, 234, 0, 0, 0, NULL, NULL, 0, 0, 0, 0, 0, 0, 0, 0, 0, 0, NULL, NULL),
(12, 10, 235, 0, 0, 0, NULL, NULL, 0, 0, 0, 0, 0, 0, 0, 0, 0, 0, NULL, NULL),
(12, 10, 236, 0, 0, 0, NULL, NULL, 0, 0, 0, 0, 0, 0, 0, 0, 0, 0, NULL, NULL),
(12, 10, 237, 0, 0, 0, NULL, NULL, 0, 0, 0, 0, 0, 0, 0, 0, 0, 0, NULL, NULL),
(13, 5, 99, 0, 0, 0, NULL, NULL, 0, 0, 0, 0, 0, 0, 0, 0, 0, 0, NULL, NULL),
(13, 5, 100, 0, 0, 0, NULL, NULL, 0, 0, 0, 0, 0, 0, 0, 0, 0, 0, NULL, NULL),
(13, 5, 101, 0, 0, 0, NULL, NULL, 0, 0, 0, 0, 0, 0, 0, 0, 0, 0, NULL, NULL),
(13, 5, 102, 0, 0, 0, NULL, NULL, 0, 0, 0, 0, 0, 0, 0, 0, 0, 0, NULL, NULL),
(13, 5, 103, 0, 0, 0, NULL, NULL, 0, 0, 0, 0, 0, 0, 0, 0, 0, 0, NULL, NULL),
(13, 5, 104, 0, 0, 0, NULL, NULL, 0, 0, 0, 0, 0, 0, 0, 0, 0, 0, NULL, NULL),
(13, 5, 105, 0, 0, 0, NULL, NULL, 0, 0, 0, 0, 0, 0, 0, 0, 0, 0, NULL, NULL),
(13, 5, 106, 0, 0, 0, NULL, NULL, 0, 0, 0, 0, 0, 0, 0, 0, 0, 0, NULL, NULL),
(13, 5, 107, 0, 0, 0, NULL, NULL, 0, 0, 0, 0, 0, 0, 0, 0, 0, 0, NULL, NULL),
(13, 5, 108, 0, 0, 0, NULL, NULL, 0, 0, 0, 0, 0, 0, 0, 0, 0, 0, NULL, NULL),
(13, 5, 109, 0, 0, 0, NULL, NULL, 0, 0, 0, 0, 0, 0, 0, 0, 0, 0, NULL, NULL),
(13, 5, 110, 0, 0, 0, NULL, NULL, 0, 0, 0, 0, 0, 0, 0, 0, 0, 0, NULL, NULL),
(13, 5, 111, 0, 0, 0, NULL, NULL, 0, 0, 0, 0, 0, 0, 0, 0, 0, 0, NULL, NULL),
(13, 5, 112, 0, 0, 0, NULL, NULL, 0, 0, 0, 0, 0, 0, 0, 0, 0, 0, NULL, NULL),
(13, 5, 113, 0, 0, 0, NULL, NULL, 0, 0, 0, 0, 0, 0, 0, 0, 0, 0, NULL, NULL),
(13, 5, 114, 0, 0, 0, NULL, NULL, 0, 0, 0, 0, 0, 0, 0, 0, 0, 0, NULL, NULL),
(13, 5, 115, 0, 0, 0, NULL, NULL, 0, 0, 0, 0, 0, 0, 0, 0, 0, 0, NULL, NULL),
(13, 5, 116, 0, 0, 0, NULL, NULL, 0, 0, 0, 0, 0, 0, 0, 0, 0, 0, NULL, NULL),
(13, 5, 117, 0, 0, 0, NULL, NULL, 0, 0, 0, 0, 0, 0, 0, 0, 0, 0, NULL, NULL),
(13, 5, 118, 0, 0, 0, NULL, NULL, 0, 0, 0, 0, 0, 0, 0, 0, 0, 0, NULL, NULL),
(13, 5, 119, 0, 0, 0, NULL, NULL, 0, 0, 0, 0, 0, 0, 0, 0, 0, 0, NULL, NULL),
(13, 5, 120, 0, 0, 0, NULL, NULL, 0, 0, 0, 0, 0, 0, 0, 0, 0, 0, NULL, NULL),
(13, 5, 121, 0, 0, 0, NULL, NULL, 0, 0, 0, 0, 0, 0, 0, 0, 0, 0, NULL, NULL),
(13, 5, 122, 0, 0, 0, NULL, NULL, 0, 0, 0, 0, 0, 0, 0, 0, 0, 0, NULL, NULL),
(13, 7, 147, 0, 0, 0, NULL, NULL, 0, 0, 0, 0, 0, 0, 0, 0, 0, 0, NULL, NULL),
(13, 7, 148, 0, 0, 0, NULL, NULL, 0, 0, 0, 0, 0, 0, 0, 0, 0, 0, NULL, NULL),
(13, 7, 149, 0, 0, 0, NULL, NULL, 0, 0, 0, 0, 0, 0, 0, 0, 0, 0, NULL, NULL),
(13, 7, 150, 0, 0, 0, NULL, NULL, 0, 0, 0, 0, 0, 0, 0, 0, 0, 0, NULL, NULL),
(13, 7, 151, 0, 0, 0, NULL, NULL, 0, 0, 0, 0, 0, 0, 0, 0, 0, 0, NULL, NULL),
(13, 7, 152, 0, 0, 0, NULL, NULL, 0, 0, 0, 0, 0, 0, 0, 0, 0, 0, NULL, NULL),
(13, 7, 153, 0, 0, 0, NULL, NULL, 0, 0, 0, 0, 0, 0, 0, 0, 0, 0, NULL, NULL),
(13, 7, 154, 0, 0, 0, NULL, NULL, 0, 0, 0, 0, 0, 0, 0, 0, 0, 0, NULL, NULL),
(13, 7, 155, 0, 0, 0, NULL, NULL, 0, 0, 0, 0, 0, 0, 0, 0, 0, 0, NULL, NULL),
(13, 7, 156, 0, 0, 0, NULL, NULL, 0, 0, 0, 0, 0, 0, 0, 0, 0, 0, NULL, NULL),
(13, 7, 157, 0, 0, 0, NULL, NULL, 0, 0, 0, 0, 0, 0, 0, 0, 0, 0, NULL, NULL),
(13, 7, 158, 0, 0, 0, NULL, NULL, 0, 0, 0, 0, 0, 0, 0, 0, 0, 0, NULL, NULL),
(13, 7, 159, 0, 0, 0, NULL, NULL, 0, 0, 0, 0, 0, 0, 0, 0, 0, 0, NULL, NULL),
(13, 7, 160, 0, 0, 0, NULL, NULL, 0, 0, 0, 0, 0, 0, 0, 0, 0, 0, NULL, NULL),
(13, 7, 161, 0, 0, 0, NULL, NULL, 0, 0, 0, 0, 0, 0, 0, 0, 0, 0, NULL, NULL),
(13, 7, 162, 0, 0, 0, NULL, NULL, 0, 0, 0, 0, 0, 0, 0, 0, 0, 0, NULL, NULL),
(13, 7, 163, 0, 0, 0, NULL, NULL, 0, 0, 0, 0, 0, 0, 0, 0, 0, 0, NULL, NULL),
(13, 7, 164, 0, 0, 0, NULL, NULL, 0, 0, 0, 0, 0, 0, 0, 0, 0, 0, NULL, NULL),
(13, 7, 165, 0, 0, 0, NULL, NULL, 0, 0, 0, 0, 0, 0, 0, 0, 0, 0, NULL, NULL),
(13, 7, 166, 0, 0, 0, NULL, NULL, 0, 0, 0, 0, 0, 0, 0, 0, 0, 0, NULL, NULL),
(13, 7, 167, 0, 0, 0, NULL, NULL, 0, 0, 0, 0, 0, 0, 0, 0, 0, 0, NULL, NULL),
(13, 7, 168, 0, 0, 0, NULL, NULL, 0, 0, 0, 0, 0, 0, 0, 0, 0, 0, NULL, NULL),
(13, 7, 169, 0, 0, 0, NULL, NULL, 0, 0, 0, 0, 0, 0, 0, 0, 0, 0, NULL, NULL),
(14, 2, 24, 0, 0, 0, NULL, NULL, 0, 0, 0, 0, 0, 0, 0, 0, 0, 0, NULL, NULL),
(14, 2, 25, 0, 0, 0, NULL, NULL, 0, 0, 0, 0, 0, 0, 0, 0, 0, 0, NULL, NULL),
(14, 2, 26, 0, 0, 0, NULL, NULL, 0, 0, 0, 0, 0, 0, 0, 0, 0, 0, NULL, NULL),
(14, 2, 27, 0, 0, 0, NULL, NULL, 0, 0, 0, 0, 0, 0, 0, 0, 0, 0, NULL, NULL),
(14, 2, 28, 0, 0, 0, NULL, NULL, 0, 0, 0, 0, 0, 0, 0, 0, 0, 0, NULL, NULL),
(14, 2, 29, 0, 0, 0, NULL, NULL, 0, 0, 0, 0, 0, 0, 0, 0, 0, 0, NULL, NULL),
(14, 2, 30, 0, 0, 0, NULL, NULL, 0, 0, 0, 0, 0, 0, 0, 0, 0, 0, NULL, NULL),
(14, 2, 31, 0, 0, 0, NULL, NULL, 0, 0, 0, 0, 0, 0, 0, 0, 0, 0, NULL, NULL),
(14, 2, 32, 0, 0, 0, NULL, NULL, 0, 0, 0, 0, 0, 0, 0, 0, 0, 0, NULL, NULL),
(14, 2, 33, 0, 0, 0, NULL, NULL, 0, 0, 0, 0, 0, 0, 0, 0, 0, 0, NULL, NULL),
(14, 2, 34, 0, 0, 0, NULL, NULL, 0, 0, 0, 0, 0, 0, 0, 0, 0, 0, NULL, NULL),
(14, 2, 35, 0, 0, 0, NULL, NULL, 0, 0, 0, 0, 0, 0, 0, 0, 0, 0, NULL, NULL),
(14, 2, 36, 0, 0, 0, NULL, NULL, 0, 0, 0, 0, 0, 0, 0, 0, 0, 0, NULL, NULL),
(14, 2, 37, 0, 0, 0, NULL, NULL, 0, 0, 0, 0, 0, 0, 0, 0, 0, 0, NULL, NULL),
(14, 2, 38, 0, 0, 0, NULL, NULL, 0, 0, 0, 0, 0, 0, 0, 0, 0, 0, NULL, NULL),
(14, 2, 39, 0, 0, 0, NULL, NULL, 0, 0, 0, 0, 0, 0, 0, 0, 0, 0, NULL, NULL),
(14, 2, 40, 0, 0, 0, NULL, NULL, 0, 0, 0, 0, 0, 0, 0, 0, 0, 0, NULL, NULL),
(14, 2, 41, 0, 0, 0, NULL, NULL, 0, 0, 0, 0, 0, 0, 0, 0, 0, 0, NULL, NULL),
(14, 2, 42, 0, 0, 0, NULL, NULL, 0, 0, 0, 0, 0, 0, 0, 0, 0, 0, NULL, NULL),
(14, 2, 43, 0, 0, 0, NULL, NULL, 0, 0, 0, 0, 0, 0, 0, 0, 0, 0, NULL, NULL),
(14, 2, 44, 0, 0, 0, NULL, NULL, 0, 0, 0, 0, 0, 0, 0, 0, 0, 0, NULL, NULL),
(14, 2, 45, 0, 0, 0, NULL, NULL, 0, 0, 0, 0, 0, 0, 0, 0, 0, 0, NULL, NULL),
(14, 2, 46, 0, 0, 0, NULL, NULL, 0, 0, 0, 0, 0, 0, 0, 0, 0, 0, NULL, NULL),
(14, 2, 47, 0, 0, 0, NULL, NULL, 0, 0, 0, 0, 0, 0, 0, 0, 0, 0, NULL, NULL),
(14, 2, 48, 0, 0, 0, NULL, NULL, 0, 0, 0, 0, 0, 0, 0, 0, 0, 0, NULL, NULL),
(14, 3, 49, 0, 0, 0, NULL, NULL, 0, 0, 0, 0, 0, 0, 0, 0, 0, 0, NULL, NULL),
(14, 3, 50, 0, 0, 0, NULL, NULL, 0, 0, 0, 0, 0, 0, 0, 0, 0, 0, NULL, NULL),
(14, 3, 51, 0, 0, 0, NULL, NULL, 0, 0, 0, 0, 0, 0, 0, 0, 0, 0, NULL, NULL),
(14, 3, 52, 0, 0, 0, NULL, NULL, 0, 0, 0, 0, 0, 0, 0, 0, 0, 0, NULL, NULL),
(14, 3, 53, 0, 0, 0, NULL, NULL, 0, 0, 0, 0, 0, 0, 0, 0, 0, 0, NULL, NULL),
(14, 3, 54, 0, 0, 0, NULL, NULL, 0, 0, 0, 0, 0, 0, 0, 0, 0, 0, NULL, NULL),
(14, 3, 55, 0, 0, 0, NULL, NULL, 0, 0, 0, 0, 0, 0, 0, 0, 0, 0, NULL, NULL),
(14, 3, 56, 0, 0, 0, NULL, NULL, 0, 0, 0, 0, 0, 0, 0, 0, 0, 0, NULL, NULL),
(14, 3, 57, 0, 0, 0, NULL, NULL, 0, 0, 0, 0, 0, 0, 0, 0, 0, 0, NULL, NULL),
(14, 3, 58, 0, 0, 0, NULL, NULL, 0, 0, 0, 0, 0, 0, 0, 0, 0, 0, NULL, NULL),
(14, 3, 59, 0, 0, 0, NULL, NULL, 0, 0, 0, 0, 0, 0, 0, 0, 0, 0, NULL, NULL),
(14, 3, 60, 0, 0, 0, NULL, NULL, 0, 0, 0, 0, 0, 0, 0, 0, 0, 0, NULL, NULL),
(14, 3, 61, 0, 0, 0, NULL, NULL, 0, 0, 0, 0, 0, 0, 0, 0, 0, 0, NULL, NULL),
(14, 3, 62, 0, 0, 0, NULL, NULL, 0, 0, 0, 0, 0, 0, 0, 0, 0, 0, NULL, NULL),
(14, 3, 63, 0, 0, 0, NULL, NULL, 0, 0, 0, 0, 0, 0, 0, 0, 0, 0, NULL, NULL),
(14, 3, 64, 0, 0, 0, NULL, NULL, 0, 0, 0, 0, 0, 0, 0, 0, 0, 0, NULL, NULL),
(14, 3, 65, 0, 0, 0, NULL, NULL, 0, 0, 0, 0, 0, 0, 0, 0, 0, 0, NULL, NULL),
(14, 3, 66, 0, 0, 0, NULL, NULL, 0, 0, 0, 0, 0, 0, 0, 0, 0, 0, NULL, NULL),
(14, 3, 67, 0, 0, 0, NULL, NULL, 0, 0, 0, 0, 0, 0, 0, 0, 0, 0, NULL, NULL),
(14, 3, 68, 0, 0, 0, NULL, NULL, 0, 0, 0, 0, 0, 0, 0, 0, 0, 0, NULL, NULL),
(14, 3, 69, 0, 0, 0, NULL, NULL, 0, 0, 0, 0, 0, 0, 0, 0, 0, 0, NULL, NULL),
(14, 3, 70, 0, 0, 0, NULL, NULL, 0, 0, 0, 0, 0, 0, 0, 0, 0, 0, NULL, NULL),
(14, 3, 71, 0, 0, 0, NULL, NULL, 0, 0, 0, 0, 0, 0, 0, 0, 0, 0, NULL, NULL),
(14, 3, 72, 0, 0, 0, NULL, NULL, 0, 0, 0, 0, 0, 0, 0, 0, 0, 0, NULL, NULL),
(14, 3, 73, 0, 0, 0, NULL, NULL, 0, 0, 0, 0, 0, 0, 0, 0, 0, 0, NULL, NULL),
(15, 8, 170, 0, 0, 0, NULL, NULL, 0, 0, 0, 0, 0, 0, 0, 0, 0, 0, NULL, NULL),
(15, 8, 171, 0, 0, 0, NULL, NULL, 0, 0, 0, 0, 0, 0, 0, 0, 0, 0, NULL, NULL),
(15, 8, 172, 0, 0, 0, NULL, NULL, 0, 0, 0, 0, 0, 0, 0, 0, 0, 0, NULL, NULL),
(15, 8, 173, 0, 0, 0, NULL, NULL, 0, 0, 0, 0, 0, 0, 0, 0, 0, 0, NULL, NULL);
INSERT INTO `match_players` (`matchId`, `competitorId`, `playerId`, `isSelected`, `isCaptain`, `isWicketKeeper`, `order`, `points`, `runsPoints`, `foursPoints`, `sixesPoints`, `numberRunsPoints`, `numberWicketPoints`, `wicketPoints`, `maidenOverPoints`, `lbwOrBowledPoints`, `catchesPoints`, `runOutPoints`, `economyPoints`, `strikeRatePoints`) VALUES
(15, 8, 174, 0, 0, 0, NULL, NULL, 0, 0, 0, 0, 0, 0, 0, 0, 0, 0, NULL, NULL),
(15, 8, 175, 0, 0, 0, NULL, NULL, 0, 0, 0, 0, 0, 0, 0, 0, 0, 0, NULL, NULL),
(15, 8, 176, 0, 0, 0, NULL, NULL, 0, 0, 0, 0, 0, 0, 0, 0, 0, 0, NULL, NULL),
(15, 8, 177, 0, 0, 0, NULL, NULL, 0, 0, 0, 0, 0, 0, 0, 0, 0, 0, NULL, NULL),
(15, 8, 178, 0, 0, 0, NULL, NULL, 0, 0, 0, 0, 0, 0, 0, 0, 0, 0, NULL, NULL),
(15, 8, 179, 0, 0, 0, NULL, NULL, 0, 0, 0, 0, 0, 0, 0, 0, 0, 0, NULL, NULL),
(15, 8, 180, 0, 0, 0, NULL, NULL, 0, 0, 0, 0, 0, 0, 0, 0, 0, 0, NULL, NULL),
(15, 8, 181, 0, 0, 0, NULL, NULL, 0, 0, 0, 0, 0, 0, 0, 0, 0, 0, NULL, NULL),
(15, 8, 182, 0, 0, 0, NULL, NULL, 0, 0, 0, 0, 0, 0, 0, 0, 0, 0, NULL, NULL),
(15, 8, 183, 0, 0, 0, NULL, NULL, 0, 0, 0, 0, 0, 0, 0, 0, 0, 0, NULL, NULL),
(15, 8, 184, 0, 0, 0, NULL, NULL, 0, 0, 0, 0, 0, 0, 0, 0, 0, 0, NULL, NULL),
(15, 8, 185, 0, 0, 0, NULL, NULL, 0, 0, 0, 0, 0, 0, 0, 0, 0, 0, NULL, NULL),
(15, 8, 186, 0, 0, 0, NULL, NULL, 0, 0, 0, 0, 0, 0, 0, 0, 0, 0, NULL, NULL),
(15, 8, 187, 0, 0, 0, NULL, NULL, 0, 0, 0, 0, 0, 0, 0, 0, 0, 0, NULL, NULL),
(15, 8, 188, 0, 0, 0, NULL, NULL, 0, 0, 0, 0, 0, 0, 0, 0, 0, 0, NULL, NULL),
(15, 8, 189, 0, 0, 0, NULL, NULL, 0, 0, 0, 0, 0, 0, 0, 0, 0, 0, NULL, NULL),
(15, 8, 190, 0, 0, 0, NULL, NULL, 0, 0, 0, 0, 0, 0, 0, 0, 0, 0, NULL, NULL),
(15, 8, 191, 0, 0, 0, NULL, NULL, 0, 0, 0, 0, 0, 0, 0, 0, 0, 0, NULL, NULL),
(15, 8, 192, 0, 0, 0, NULL, NULL, 0, 0, 0, 0, 0, 0, 0, 0, 0, 0, NULL, NULL),
(15, 8, 193, 0, 0, 0, NULL, NULL, 0, 0, 0, 0, 0, 0, 0, 0, 0, 0, NULL, NULL),
(15, 10, 217, 0, 0, 0, NULL, NULL, 0, 0, 0, 0, 0, 0, 0, 0, 0, 0, NULL, NULL),
(15, 10, 218, 0, 0, 0, NULL, NULL, 0, 0, 0, 0, 0, 0, 0, 0, 0, 0, NULL, NULL),
(15, 10, 219, 0, 0, 0, NULL, NULL, 0, 0, 0, 0, 0, 0, 0, 0, 0, 0, NULL, NULL),
(15, 10, 220, 0, 0, 0, NULL, NULL, 0, 0, 0, 0, 0, 0, 0, 0, 0, 0, NULL, NULL),
(15, 10, 221, 0, 0, 0, NULL, NULL, 0, 0, 0, 0, 0, 0, 0, 0, 0, 0, NULL, NULL),
(15, 10, 222, 0, 0, 0, NULL, NULL, 0, 0, 0, 0, 0, 0, 0, 0, 0, 0, NULL, NULL),
(15, 10, 223, 0, 0, 0, NULL, NULL, 0, 0, 0, 0, 0, 0, 0, 0, 0, 0, NULL, NULL),
(15, 10, 224, 0, 0, 0, NULL, NULL, 0, 0, 0, 0, 0, 0, 0, 0, 0, 0, NULL, NULL),
(15, 10, 225, 0, 0, 0, NULL, NULL, 0, 0, 0, 0, 0, 0, 0, 0, 0, 0, NULL, NULL),
(15, 10, 226, 0, 0, 0, NULL, NULL, 0, 0, 0, 0, 0, 0, 0, 0, 0, 0, NULL, NULL),
(15, 10, 227, 0, 0, 0, NULL, NULL, 0, 0, 0, 0, 0, 0, 0, 0, 0, 0, NULL, NULL),
(15, 10, 228, 0, 0, 0, NULL, NULL, 0, 0, 0, 0, 0, 0, 0, 0, 0, 0, NULL, NULL),
(15, 10, 229, 0, 0, 0, NULL, NULL, 0, 0, 0, 0, 0, 0, 0, 0, 0, 0, NULL, NULL),
(15, 10, 230, 0, 0, 0, NULL, NULL, 0, 0, 0, 0, 0, 0, 0, 0, 0, 0, NULL, NULL),
(15, 10, 231, 0, 0, 0, NULL, NULL, 0, 0, 0, 0, 0, 0, 0, 0, 0, 0, NULL, NULL),
(15, 10, 232, 0, 0, 0, NULL, NULL, 0, 0, 0, 0, 0, 0, 0, 0, 0, 0, NULL, NULL),
(15, 10, 233, 0, 0, 0, NULL, NULL, 0, 0, 0, 0, 0, 0, 0, 0, 0, 0, NULL, NULL),
(15, 10, 234, 0, 0, 0, NULL, NULL, 0, 0, 0, 0, 0, 0, 0, 0, 0, 0, NULL, NULL),
(15, 10, 235, 0, 0, 0, NULL, NULL, 0, 0, 0, 0, 0, 0, 0, 0, 0, 0, NULL, NULL),
(15, 10, 236, 0, 0, 0, NULL, NULL, 0, 0, 0, 0, 0, 0, 0, 0, 0, 0, NULL, NULL),
(15, 10, 237, 0, 0, 0, NULL, NULL, 0, 0, 0, 0, 0, 0, 0, 0, 0, 0, NULL, NULL),
(16, 4, 74, 0, 0, 0, NULL, NULL, 0, 0, 0, 0, 0, 0, 0, 0, 0, 0, NULL, NULL),
(16, 4, 75, 0, 0, 0, NULL, NULL, 0, 0, 0, 0, 0, 0, 0, 0, 0, 0, NULL, NULL),
(16, 4, 76, 0, 0, 0, NULL, NULL, 0, 0, 0, 0, 0, 0, 0, 0, 0, 0, NULL, NULL),
(16, 4, 77, 0, 0, 0, NULL, NULL, 0, 0, 0, 0, 0, 0, 0, 0, 0, 0, NULL, NULL),
(16, 4, 78, 0, 0, 0, NULL, NULL, 0, 0, 0, 0, 0, 0, 0, 0, 0, 0, NULL, NULL),
(16, 4, 79, 0, 0, 0, NULL, NULL, 0, 0, 0, 0, 0, 0, 0, 0, 0, 0, NULL, NULL),
(16, 4, 80, 0, 0, 0, NULL, NULL, 0, 0, 0, 0, 0, 0, 0, 0, 0, 0, NULL, NULL),
(16, 4, 81, 0, 0, 0, NULL, NULL, 0, 0, 0, 0, 0, 0, 0, 0, 0, 0, NULL, NULL),
(16, 4, 82, 0, 0, 0, NULL, NULL, 0, 0, 0, 0, 0, 0, 0, 0, 0, 0, NULL, NULL),
(16, 4, 83, 0, 0, 0, NULL, NULL, 0, 0, 0, 0, 0, 0, 0, 0, 0, 0, NULL, NULL),
(16, 4, 84, 0, 0, 0, NULL, NULL, 0, 0, 0, 0, 0, 0, 0, 0, 0, 0, NULL, NULL),
(16, 4, 85, 0, 0, 0, NULL, NULL, 0, 0, 0, 0, 0, 0, 0, 0, 0, 0, NULL, NULL),
(16, 4, 86, 0, 0, 0, NULL, NULL, 0, 0, 0, 0, 0, 0, 0, 0, 0, 0, NULL, NULL),
(16, 4, 87, 0, 0, 0, NULL, NULL, 0, 0, 0, 0, 0, 0, 0, 0, 0, 0, NULL, NULL),
(16, 4, 88, 0, 0, 0, NULL, NULL, 0, 0, 0, 0, 0, 0, 0, 0, 0, 0, NULL, NULL),
(16, 4, 89, 0, 0, 0, NULL, NULL, 0, 0, 0, 0, 0, 0, 0, 0, 0, 0, NULL, NULL),
(16, 4, 90, 0, 0, 0, NULL, NULL, 0, 0, 0, 0, 0, 0, 0, 0, 0, 0, NULL, NULL),
(16, 4, 91, 0, 0, 0, NULL, NULL, 0, 0, 0, 0, 0, 0, 0, 0, 0, 0, NULL, NULL),
(16, 4, 92, 0, 0, 0, NULL, NULL, 0, 0, 0, 0, 0, 0, 0, 0, 0, 0, NULL, NULL),
(16, 4, 93, 0, 0, 0, NULL, NULL, 0, 0, 0, 0, 0, 0, 0, 0, 0, 0, NULL, NULL),
(16, 4, 94, 0, 0, 0, NULL, NULL, 0, 0, 0, 0, 0, 0, 0, 0, 0, 0, NULL, NULL),
(16, 4, 95, 0, 0, 0, NULL, NULL, 0, 0, 0, 0, 0, 0, 0, 0, 0, 0, NULL, NULL),
(16, 4, 96, 0, 0, 0, NULL, NULL, 0, 0, 0, 0, 0, 0, 0, 0, 0, 0, NULL, NULL),
(16, 4, 97, 0, 0, 0, NULL, NULL, 0, 0, 0, 0, 0, 0, 0, 0, 0, 0, NULL, NULL),
(16, 4, 98, 0, 0, 0, NULL, NULL, 0, 0, 0, 0, 0, 0, 0, 0, 0, 0, NULL, NULL),
(16, 9, 194, 0, 0, 0, NULL, NULL, 0, 0, 0, 0, 0, 0, 0, 0, 0, 0, NULL, NULL),
(16, 9, 195, 0, 0, 0, NULL, NULL, 0, 0, 0, 0, 0, 0, 0, 0, 0, 0, NULL, NULL),
(16, 9, 196, 0, 0, 0, NULL, NULL, 0, 0, 0, 0, 0, 0, 0, 0, 0, 0, NULL, NULL),
(16, 9, 197, 0, 0, 0, NULL, NULL, 0, 0, 0, 0, 0, 0, 0, 0, 0, 0, NULL, NULL),
(16, 9, 198, 0, 0, 0, NULL, NULL, 0, 0, 0, 0, 0, 0, 0, 0, 0, 0, NULL, NULL),
(16, 9, 199, 0, 0, 0, NULL, NULL, 0, 0, 0, 0, 0, 0, 0, 0, 0, 0, NULL, NULL),
(16, 9, 200, 0, 0, 0, NULL, NULL, 0, 0, 0, 0, 0, 0, 0, 0, 0, 0, NULL, NULL),
(16, 9, 201, 0, 0, 0, NULL, NULL, 0, 0, 0, 0, 0, 0, 0, 0, 0, 0, NULL, NULL),
(16, 9, 202, 0, 0, 0, NULL, NULL, 0, 0, 0, 0, 0, 0, 0, 0, 0, 0, NULL, NULL),
(16, 9, 203, 0, 0, 0, NULL, NULL, 0, 0, 0, 0, 0, 0, 0, 0, 0, 0, NULL, NULL),
(16, 9, 204, 0, 0, 0, NULL, NULL, 0, 0, 0, 0, 0, 0, 0, 0, 0, 0, NULL, NULL),
(16, 9, 205, 0, 0, 0, NULL, NULL, 0, 0, 0, 0, 0, 0, 0, 0, 0, 0, NULL, NULL),
(16, 9, 206, 0, 0, 0, NULL, NULL, 0, 0, 0, 0, 0, 0, 0, 0, 0, 0, NULL, NULL),
(16, 9, 207, 0, 0, 0, NULL, NULL, 0, 0, 0, 0, 0, 0, 0, 0, 0, 0, NULL, NULL),
(16, 9, 208, 0, 0, 0, NULL, NULL, 0, 0, 0, 0, 0, 0, 0, 0, 0, 0, NULL, NULL),
(16, 9, 209, 0, 0, 0, NULL, NULL, 0, 0, 0, 0, 0, 0, 0, 0, 0, 0, NULL, NULL),
(16, 9, 210, 0, 0, 0, NULL, NULL, 0, 0, 0, 0, 0, 0, 0, 0, 0, 0, NULL, NULL),
(16, 9, 211, 0, 0, 0, NULL, NULL, 0, 0, 0, 0, 0, 0, 0, 0, 0, 0, NULL, NULL),
(16, 9, 212, 0, 0, 0, NULL, NULL, 0, 0, 0, 0, 0, 0, 0, 0, 0, 0, NULL, NULL),
(16, 9, 213, 0, 0, 0, NULL, NULL, 0, 0, 0, 0, 0, 0, 0, 0, 0, 0, NULL, NULL),
(16, 9, 214, 0, 0, 0, NULL, NULL, 0, 0, 0, 0, 0, 0, 0, 0, 0, 0, NULL, NULL),
(16, 9, 215, 0, 0, 0, NULL, NULL, 0, 0, 0, 0, 0, 0, 0, 0, 0, 0, NULL, NULL),
(16, 9, 216, 0, 0, 0, NULL, NULL, 0, 0, 0, 0, 0, 0, 0, 0, 0, 0, NULL, NULL),
(17, 1, 1, 0, 0, 0, NULL, NULL, 0, 0, 0, 0, 0, 0, 0, 0, 0, 0, NULL, NULL),
(17, 1, 2, 0, 0, 0, NULL, NULL, 0, 0, 0, 0, 0, 0, 0, 0, 0, 0, NULL, NULL),
(17, 1, 3, 0, 0, 0, NULL, NULL, 0, 0, 0, 0, 0, 0, 0, 0, 0, 0, NULL, NULL),
(17, 1, 4, 0, 0, 0, NULL, NULL, 0, 0, 0, 0, 0, 0, 0, 0, 0, 0, NULL, NULL),
(17, 1, 5, 0, 0, 0, NULL, NULL, 0, 0, 0, 0, 0, 0, 0, 0, 0, 0, NULL, NULL),
(17, 1, 6, 0, 0, 0, NULL, NULL, 0, 0, 0, 0, 0, 0, 0, 0, 0, 0, NULL, NULL),
(17, 1, 7, 0, 0, 0, NULL, NULL, 0, 0, 0, 0, 0, 0, 0, 0, 0, 0, NULL, NULL),
(17, 1, 8, 0, 0, 0, NULL, NULL, 0, 0, 0, 0, 0, 0, 0, 0, 0, 0, NULL, NULL),
(17, 1, 9, 0, 0, 0, NULL, NULL, 0, 0, 0, 0, 0, 0, 0, 0, 0, 0, NULL, NULL),
(17, 1, 10, 0, 0, 0, NULL, NULL, 0, 0, 0, 0, 0, 0, 0, 0, 0, 0, NULL, NULL),
(17, 1, 11, 0, 0, 0, NULL, NULL, 0, 0, 0, 0, 0, 0, 0, 0, 0, 0, NULL, NULL),
(17, 1, 12, 0, 0, 0, NULL, NULL, 0, 0, 0, 0, 0, 0, 0, 0, 0, 0, NULL, NULL),
(17, 1, 13, 0, 0, 0, NULL, NULL, 0, 0, 0, 0, 0, 0, 0, 0, 0, 0, NULL, NULL),
(17, 1, 14, 0, 0, 0, NULL, NULL, 0, 0, 0, 0, 0, 0, 0, 0, 0, 0, NULL, NULL),
(17, 1, 15, 0, 0, 0, NULL, NULL, 0, 0, 0, 0, 0, 0, 0, 0, 0, 0, NULL, NULL),
(17, 1, 16, 0, 0, 0, NULL, NULL, 0, 0, 0, 0, 0, 0, 0, 0, 0, 0, NULL, NULL),
(17, 1, 17, 0, 0, 0, NULL, NULL, 0, 0, 0, 0, 0, 0, 0, 0, 0, 0, NULL, NULL),
(17, 1, 18, 0, 0, 0, NULL, NULL, 0, 0, 0, 0, 0, 0, 0, 0, 0, 0, NULL, NULL),
(17, 1, 19, 0, 0, 0, NULL, NULL, 0, 0, 0, 0, 0, 0, 0, 0, 0, 0, NULL, NULL),
(17, 1, 20, 0, 0, 0, NULL, NULL, 0, 0, 0, 0, 0, 0, 0, 0, 0, 0, NULL, NULL),
(17, 1, 21, 0, 0, 0, NULL, NULL, 0, 0, 0, 0, 0, 0, 0, 0, 0, 0, NULL, NULL),
(17, 1, 22, 0, 0, 0, NULL, NULL, 0, 0, 0, 0, 0, 0, 0, 0, 0, 0, NULL, NULL),
(17, 1, 23, 0, 0, 0, NULL, NULL, 0, 0, 0, 0, 0, 0, 0, 0, 0, 0, NULL, NULL),
(17, 6, 123, 0, 0, 0, NULL, NULL, 0, 0, 0, 0, 0, 0, 0, 0, 0, 0, NULL, NULL),
(17, 6, 124, 0, 0, 0, NULL, NULL, 0, 0, 0, 0, 0, 0, 0, 0, 0, 0, NULL, NULL),
(17, 6, 125, 0, 0, 0, NULL, 65, 0, 0, 0, 0, 0, 0, 0, 0, 0, 0, NULL, NULL),
(17, 6, 126, 0, 0, 0, NULL, NULL, 0, 0, 0, 0, 0, 0, 0, 0, 0, 0, NULL, NULL),
(17, 6, 127, 0, 0, 0, NULL, NULL, 0, 0, 0, 0, 0, 0, 0, 0, 0, 0, NULL, NULL),
(17, 6, 128, 0, 0, 0, NULL, NULL, 0, 0, 0, 0, 0, 0, 0, 0, 0, 0, NULL, NULL),
(17, 6, 129, 0, 0, 0, NULL, NULL, 0, 0, 0, 0, 0, 0, 0, 0, 0, 0, NULL, NULL),
(17, 6, 130, 0, 0, 0, NULL, NULL, 0, 0, 0, 0, 0, 0, 0, 0, 0, 0, NULL, NULL),
(17, 6, 131, 0, 0, 0, NULL, NULL, 0, 0, 0, 0, 0, 0, 0, 0, 0, 0, NULL, NULL),
(17, 6, 132, 0, 0, 0, NULL, NULL, 0, 0, 0, 0, 0, 0, 0, 0, 0, 0, NULL, NULL),
(17, 6, 133, 0, 0, 0, NULL, NULL, 0, 0, 0, 0, 0, 0, 0, 0, 0, 0, NULL, NULL),
(17, 6, 134, 0, 0, 0, NULL, NULL, 0, 0, 0, 0, 0, 0, 0, 0, 0, 0, NULL, NULL),
(17, 6, 135, 0, 0, 0, NULL, NULL, 0, 0, 0, 0, 0, 0, 0, 0, 0, 0, NULL, NULL),
(17, 6, 136, 0, 0, 0, NULL, NULL, 0, 0, 0, 0, 0, 0, 0, 0, 0, 0, NULL, NULL),
(17, 6, 137, 0, 0, 0, NULL, NULL, 0, 0, 0, 0, 0, 0, 0, 0, 0, 0, NULL, NULL),
(17, 6, 138, 0, 0, 0, NULL, NULL, 0, 0, 0, 0, 0, 0, 0, 0, 0, 0, NULL, NULL),
(17, 6, 139, 0, 0, 0, NULL, NULL, 0, 0, 0, 0, 0, 0, 0, 0, 0, 0, NULL, NULL),
(17, 6, 140, 0, 0, 0, NULL, NULL, 0, 0, 0, 0, 0, 0, 0, 0, 0, 0, NULL, NULL),
(17, 6, 141, 0, 0, 0, NULL, NULL, 0, 0, 0, 0, 0, 0, 0, 0, 0, 0, NULL, NULL),
(17, 6, 142, 0, 0, 0, NULL, NULL, 0, 0, 0, 0, 0, 0, 0, 0, 0, 0, NULL, NULL),
(17, 6, 143, 0, 0, 0, NULL, NULL, 0, 0, 0, 0, 0, 0, 0, 0, 0, 0, NULL, NULL),
(17, 6, 144, 0, 0, 0, NULL, NULL, 0, 0, 0, 0, 0, 0, 0, 0, 0, 0, NULL, NULL),
(17, 6, 145, 0, 0, 0, NULL, NULL, 0, 0, 0, 0, 0, 0, 0, 0, 0, 0, NULL, NULL),
(17, 6, 146, 0, 0, 0, NULL, NULL, 0, 0, 0, 0, 0, 0, 0, 0, 0, 0, NULL, NULL),
(18, 2, 24, 0, 0, 0, NULL, NULL, 0, 0, 0, 0, 0, 0, 0, 0, 0, 0, NULL, NULL),
(18, 2, 25, 0, 0, 0, NULL, NULL, 0, 0, 0, 0, 0, 0, 0, 0, 0, 0, NULL, NULL),
(18, 2, 26, 0, 0, 0, NULL, NULL, 0, 0, 0, 0, 0, 0, 0, 0, 0, 0, NULL, NULL),
(18, 2, 27, 0, 0, 0, NULL, NULL, 0, 0, 0, 0, 0, 0, 0, 0, 0, 0, NULL, NULL),
(18, 2, 28, 0, 0, 0, NULL, NULL, 0, 0, 0, 0, 0, 0, 0, 0, 0, 0, NULL, NULL),
(18, 2, 29, 0, 0, 0, NULL, NULL, 0, 0, 0, 0, 0, 0, 0, 0, 0, 0, NULL, NULL),
(18, 2, 30, 0, 0, 0, NULL, NULL, 0, 0, 0, 0, 0, 0, 0, 0, 0, 0, NULL, NULL),
(18, 2, 31, 0, 0, 0, NULL, NULL, 0, 0, 0, 0, 0, 0, 0, 0, 0, 0, NULL, NULL),
(18, 2, 32, 0, 0, 0, NULL, NULL, 0, 0, 0, 0, 0, 0, 0, 0, 0, 0, NULL, NULL),
(18, 2, 33, 0, 0, 0, NULL, NULL, 0, 0, 0, 0, 0, 0, 0, 0, 0, 0, NULL, NULL),
(18, 2, 34, 0, 0, 0, NULL, NULL, 0, 0, 0, 0, 0, 0, 0, 0, 0, 0, NULL, NULL),
(18, 2, 35, 0, 0, 0, NULL, NULL, 0, 0, 0, 0, 0, 0, 0, 0, 0, 0, NULL, NULL),
(18, 2, 36, 0, 0, 0, NULL, NULL, 0, 0, 0, 0, 0, 0, 0, 0, 0, 0, NULL, NULL),
(18, 2, 37, 0, 0, 0, NULL, NULL, 0, 0, 0, 0, 0, 0, 0, 0, 0, 0, NULL, NULL),
(18, 2, 38, 0, 0, 0, NULL, NULL, 0, 0, 0, 0, 0, 0, 0, 0, 0, 0, NULL, NULL),
(18, 2, 39, 0, 0, 0, NULL, NULL, 0, 0, 0, 0, 0, 0, 0, 0, 0, 0, NULL, NULL),
(18, 2, 40, 0, 0, 0, NULL, NULL, 0, 0, 0, 0, 0, 0, 0, 0, 0, 0, NULL, NULL),
(18, 2, 41, 0, 0, 0, NULL, NULL, 0, 0, 0, 0, 0, 0, 0, 0, 0, 0, NULL, NULL),
(18, 2, 42, 0, 0, 0, NULL, NULL, 0, 0, 0, 0, 0, 0, 0, 0, 0, 0, NULL, NULL),
(18, 2, 43, 0, 0, 0, NULL, NULL, 0, 0, 0, 0, 0, 0, 0, 0, 0, 0, NULL, NULL),
(18, 2, 44, 0, 0, 0, NULL, NULL, 0, 0, 0, 0, 0, 0, 0, 0, 0, 0, NULL, NULL),
(18, 2, 45, 0, 0, 0, NULL, NULL, 0, 0, 0, 0, 0, 0, 0, 0, 0, 0, NULL, NULL),
(18, 2, 46, 0, 0, 0, NULL, NULL, 0, 0, 0, 0, 0, 0, 0, 0, 0, 0, NULL, NULL),
(18, 2, 47, 0, 0, 0, NULL, NULL, 0, 0, 0, 0, 0, 0, 0, 0, 0, 0, NULL, NULL),
(18, 2, 48, 0, 0, 0, NULL, NULL, 0, 0, 0, 0, 0, 0, 0, 0, 0, 0, NULL, NULL),
(18, 7, 147, 0, 0, 0, NULL, NULL, 0, 0, 0, 0, 0, 0, 0, 0, 0, 0, NULL, NULL),
(18, 7, 148, 0, 0, 0, NULL, NULL, 0, 0, 0, 0, 0, 0, 0, 0, 0, 0, NULL, NULL),
(18, 7, 149, 0, 0, 0, NULL, NULL, 0, 0, 0, 0, 0, 0, 0, 0, 0, 0, NULL, NULL),
(18, 7, 150, 0, 0, 0, NULL, NULL, 0, 0, 0, 0, 0, 0, 0, 0, 0, 0, NULL, NULL),
(18, 7, 151, 0, 0, 0, NULL, NULL, 0, 0, 0, 0, 0, 0, 0, 0, 0, 0, NULL, NULL),
(18, 7, 152, 0, 0, 0, NULL, NULL, 0, 0, 0, 0, 0, 0, 0, 0, 0, 0, NULL, NULL),
(18, 7, 153, 0, 0, 0, NULL, NULL, 0, 0, 0, 0, 0, 0, 0, 0, 0, 0, NULL, NULL),
(18, 7, 154, 0, 0, 0, NULL, NULL, 0, 0, 0, 0, 0, 0, 0, 0, 0, 0, NULL, NULL),
(18, 7, 155, 0, 0, 0, NULL, NULL, 0, 0, 0, 0, 0, 0, 0, 0, 0, 0, NULL, NULL),
(18, 7, 156, 0, 0, 0, NULL, NULL, 0, 0, 0, 0, 0, 0, 0, 0, 0, 0, NULL, NULL),
(18, 7, 157, 0, 0, 0, NULL, NULL, 0, 0, 0, 0, 0, 0, 0, 0, 0, 0, NULL, NULL),
(18, 7, 158, 0, 0, 0, NULL, NULL, 0, 0, 0, 0, 0, 0, 0, 0, 0, 0, NULL, NULL),
(18, 7, 159, 0, 0, 0, NULL, NULL, 0, 0, 0, 0, 0, 0, 0, 0, 0, 0, NULL, NULL),
(18, 7, 160, 0, 0, 0, NULL, NULL, 0, 0, 0, 0, 0, 0, 0, 0, 0, 0, NULL, NULL),
(18, 7, 161, 0, 0, 0, NULL, NULL, 0, 0, 0, 0, 0, 0, 0, 0, 0, 0, NULL, NULL),
(18, 7, 162, 0, 0, 0, NULL, NULL, 0, 0, 0, 0, 0, 0, 0, 0, 0, 0, NULL, NULL),
(18, 7, 163, 0, 0, 0, NULL, NULL, 0, 0, 0, 0, 0, 0, 0, 0, 0, 0, NULL, NULL),
(18, 7, 164, 0, 0, 0, NULL, NULL, 0, 0, 0, 0, 0, 0, 0, 0, 0, 0, NULL, NULL),
(18, 7, 165, 0, 0, 0, NULL, NULL, 0, 0, 0, 0, 0, 0, 0, 0, 0, 0, NULL, NULL),
(18, 7, 166, 0, 0, 0, NULL, NULL, 0, 0, 0, 0, 0, 0, 0, 0, 0, 0, NULL, NULL),
(18, 7, 167, 0, 0, 0, NULL, NULL, 0, 0, 0, 0, 0, 0, 0, 0, 0, 0, NULL, NULL),
(18, 7, 168, 0, 0, 0, NULL, NULL, 0, 0, 0, 0, 0, 0, 0, 0, 0, 0, NULL, NULL),
(18, 7, 169, 0, 0, 0, NULL, NULL, 0, 0, 0, 0, 0, 0, 0, 0, 0, 0, NULL, NULL),
(19, 3, 49, 0, 0, 0, NULL, NULL, 0, 0, 0, 0, 0, 0, 0, 0, 0, 0, NULL, NULL),
(19, 3, 50, 0, 0, 0, NULL, NULL, 0, 0, 0, 0, 0, 0, 0, 0, 0, 0, NULL, NULL),
(19, 3, 51, 0, 0, 0, NULL, NULL, 0, 0, 0, 0, 0, 0, 0, 0, 0, 0, NULL, NULL),
(19, 3, 52, 0, 0, 0, NULL, NULL, 0, 0, 0, 0, 0, 0, 0, 0, 0, 0, NULL, NULL),
(19, 3, 53, 0, 0, 0, NULL, NULL, 0, 0, 0, 0, 0, 0, 0, 0, 0, 0, NULL, NULL),
(19, 3, 54, 0, 0, 0, NULL, NULL, 0, 0, 0, 0, 0, 0, 0, 0, 0, 0, NULL, NULL),
(19, 3, 55, 0, 0, 0, NULL, NULL, 0, 0, 0, 0, 0, 0, 0, 0, 0, 0, NULL, NULL),
(19, 3, 56, 0, 0, 0, NULL, NULL, 0, 0, 0, 0, 0, 0, 0, 0, 0, 0, NULL, NULL),
(19, 3, 57, 0, 0, 0, NULL, NULL, 0, 0, 0, 0, 0, 0, 0, 0, 0, 0, NULL, NULL),
(19, 3, 58, 0, 0, 0, NULL, NULL, 0, 0, 0, 0, 0, 0, 0, 0, 0, 0, NULL, NULL),
(19, 3, 59, 0, 0, 0, NULL, NULL, 0, 0, 0, 0, 0, 0, 0, 0, 0, 0, NULL, NULL),
(19, 3, 60, 0, 0, 0, NULL, NULL, 0, 0, 0, 0, 0, 0, 0, 0, 0, 0, NULL, NULL),
(19, 3, 61, 0, 0, 0, NULL, NULL, 0, 0, 0, 0, 0, 0, 0, 0, 0, 0, NULL, NULL),
(19, 3, 62, 0, 0, 0, NULL, NULL, 0, 0, 0, 0, 0, 0, 0, 0, 0, 0, NULL, NULL),
(19, 3, 63, 0, 0, 0, NULL, NULL, 0, 0, 0, 0, 0, 0, 0, 0, 0, 0, NULL, NULL),
(19, 3, 64, 0, 0, 0, NULL, NULL, 0, 0, 0, 0, 0, 0, 0, 0, 0, 0, NULL, NULL),
(19, 3, 65, 0, 0, 0, NULL, NULL, 0, 0, 0, 0, 0, 0, 0, 0, 0, 0, NULL, NULL),
(19, 3, 66, 0, 0, 0, NULL, NULL, 0, 0, 0, 0, 0, 0, 0, 0, 0, 0, NULL, NULL),
(19, 3, 67, 0, 0, 0, NULL, NULL, 0, 0, 0, 0, 0, 0, 0, 0, 0, 0, NULL, NULL),
(19, 3, 68, 0, 0, 0, NULL, NULL, 0, 0, 0, 0, 0, 0, 0, 0, 0, 0, NULL, NULL),
(19, 3, 69, 0, 0, 0, NULL, NULL, 0, 0, 0, 0, 0, 0, 0, 0, 0, 0, NULL, NULL),
(19, 3, 70, 0, 0, 0, NULL, NULL, 0, 0, 0, 0, 0, 0, 0, 0, 0, 0, NULL, NULL),
(19, 3, 71, 0, 0, 0, NULL, NULL, 0, 0, 0, 0, 0, 0, 0, 0, 0, 0, NULL, NULL),
(19, 3, 72, 0, 0, 0, NULL, NULL, 0, 0, 0, 0, 0, 0, 0, 0, 0, 0, NULL, NULL),
(19, 3, 73, 0, 0, 0, NULL, NULL, 0, 0, 0, 0, 0, 0, 0, 0, 0, 0, NULL, NULL),
(19, 8, 170, 0, 0, 0, NULL, NULL, 0, 0, 0, 0, 0, 0, 0, 0, 0, 0, NULL, NULL),
(19, 8, 171, 0, 0, 0, NULL, NULL, 0, 0, 0, 0, 0, 0, 0, 0, 0, 0, NULL, NULL),
(19, 8, 172, 0, 0, 0, NULL, NULL, 0, 0, 0, 0, 0, 0, 0, 0, 0, 0, NULL, NULL),
(19, 8, 173, 0, 0, 0, NULL, NULL, 0, 0, 0, 0, 0, 0, 0, 0, 0, 0, NULL, NULL),
(19, 8, 174, 0, 0, 0, NULL, NULL, 0, 0, 0, 0, 0, 0, 0, 0, 0, 0, NULL, NULL),
(19, 8, 175, 0, 0, 0, NULL, NULL, 0, 0, 0, 0, 0, 0, 0, 0, 0, 0, NULL, NULL),
(19, 8, 176, 0, 0, 0, NULL, NULL, 0, 0, 0, 0, 0, 0, 0, 0, 0, 0, NULL, NULL),
(19, 8, 177, 0, 0, 0, NULL, NULL, 0, 0, 0, 0, 0, 0, 0, 0, 0, 0, NULL, NULL),
(19, 8, 178, 0, 0, 0, NULL, NULL, 0, 0, 0, 0, 0, 0, 0, 0, 0, 0, NULL, NULL),
(19, 8, 179, 0, 0, 0, NULL, NULL, 0, 0, 0, 0, 0, 0, 0, 0, 0, 0, NULL, NULL),
(19, 8, 180, 0, 0, 0, NULL, NULL, 0, 0, 0, 0, 0, 0, 0, 0, 0, 0, NULL, NULL),
(19, 8, 181, 0, 0, 0, NULL, NULL, 0, 0, 0, 0, 0, 0, 0, 0, 0, 0, NULL, NULL),
(19, 8, 182, 0, 0, 0, NULL, NULL, 0, 0, 0, 0, 0, 0, 0, 0, 0, 0, NULL, NULL),
(19, 8, 183, 0, 0, 0, NULL, NULL, 0, 0, 0, 0, 0, 0, 0, 0, 0, 0, NULL, NULL),
(19, 8, 184, 0, 0, 0, NULL, NULL, 0, 0, 0, 0, 0, 0, 0, 0, 0, 0, NULL, NULL),
(19, 8, 185, 0, 0, 0, NULL, NULL, 0, 0, 0, 0, 0, 0, 0, 0, 0, 0, NULL, NULL),
(19, 8, 186, 0, 0, 0, NULL, NULL, 0, 0, 0, 0, 0, 0, 0, 0, 0, 0, NULL, NULL),
(19, 8, 187, 0, 0, 0, NULL, NULL, 0, 0, 0, 0, 0, 0, 0, 0, 0, 0, NULL, NULL),
(19, 8, 188, 0, 0, 0, NULL, NULL, 0, 0, 0, 0, 0, 0, 0, 0, 0, 0, NULL, NULL),
(19, 8, 189, 0, 0, 0, NULL, NULL, 0, 0, 0, 0, 0, 0, 0, 0, 0, 0, NULL, NULL),
(19, 8, 190, 0, 0, 0, NULL, NULL, 0, 0, 0, 0, 0, 0, 0, 0, 0, 0, NULL, NULL),
(19, 8, 191, 0, 0, 0, NULL, NULL, 0, 0, 0, 0, 0, 0, 0, 0, 0, 0, NULL, NULL),
(19, 8, 192, 0, 0, 0, NULL, NULL, 0, 0, 0, 0, 0, 0, 0, 0, 0, 0, NULL, NULL),
(19, 8, 193, 0, 0, 0, NULL, NULL, 0, 0, 0, 0, 0, 0, 0, 0, 0, 0, NULL, NULL),
(20, 5, 99, 0, 0, 0, NULL, NULL, 0, 0, 0, 0, 0, 0, 0, 0, 0, 0, NULL, NULL),
(20, 5, 100, 0, 0, 0, NULL, NULL, 0, 0, 0, 0, 0, 0, 0, 0, 0, 0, NULL, NULL),
(20, 5, 101, 0, 0, 0, NULL, NULL, 0, 0, 0, 0, 0, 0, 0, 0, 0, 0, NULL, NULL),
(20, 5, 102, 0, 0, 0, NULL, NULL, 0, 0, 0, 0, 0, 0, 0, 0, 0, 0, NULL, NULL),
(20, 5, 103, 0, 0, 0, NULL, NULL, 0, 0, 0, 0, 0, 0, 0, 0, 0, 0, NULL, NULL),
(20, 5, 104, 0, 0, 0, NULL, NULL, 0, 0, 0, 0, 0, 0, 0, 0, 0, 0, NULL, NULL),
(20, 5, 105, 0, 0, 0, NULL, NULL, 0, 0, 0, 0, 0, 0, 0, 0, 0, 0, NULL, NULL),
(20, 5, 106, 0, 0, 0, NULL, NULL, 0, 0, 0, 0, 0, 0, 0, 0, 0, 0, NULL, NULL),
(20, 5, 107, 0, 0, 0, NULL, NULL, 0, 0, 0, 0, 0, 0, 0, 0, 0, 0, NULL, NULL),
(20, 5, 108, 0, 0, 0, NULL, NULL, 0, 0, 0, 0, 0, 0, 0, 0, 0, 0, NULL, NULL),
(20, 5, 109, 0, 0, 0, NULL, NULL, 0, 0, 0, 0, 0, 0, 0, 0, 0, 0, NULL, NULL),
(20, 5, 110, 0, 0, 0, NULL, NULL, 0, 0, 0, 0, 0, 0, 0, 0, 0, 0, NULL, NULL),
(20, 5, 111, 0, 0, 0, NULL, NULL, 0, 0, 0, 0, 0, 0, 0, 0, 0, 0, NULL, NULL),
(20, 5, 112, 0, 0, 0, NULL, NULL, 0, 0, 0, 0, 0, 0, 0, 0, 0, 0, NULL, NULL),
(20, 5, 113, 0, 0, 0, NULL, NULL, 0, 0, 0, 0, 0, 0, 0, 0, 0, 0, NULL, NULL),
(20, 5, 114, 0, 0, 0, NULL, NULL, 0, 0, 0, 0, 0, 0, 0, 0, 0, 0, NULL, NULL),
(20, 5, 115, 0, 0, 0, NULL, NULL, 0, 0, 0, 0, 0, 0, 0, 0, 0, 0, NULL, NULL),
(20, 5, 116, 0, 0, 0, NULL, NULL, 0, 0, 0, 0, 0, 0, 0, 0, 0, 0, NULL, NULL),
(20, 5, 117, 0, 0, 0, NULL, NULL, 0, 0, 0, 0, 0, 0, 0, 0, 0, 0, NULL, NULL),
(20, 5, 118, 0, 0, 0, NULL, NULL, 0, 0, 0, 0, 0, 0, 0, 0, 0, 0, NULL, NULL),
(20, 5, 119, 0, 0, 0, NULL, NULL, 0, 0, 0, 0, 0, 0, 0, 0, 0, 0, NULL, NULL),
(20, 5, 120, 0, 0, 0, NULL, NULL, 0, 0, 0, 0, 0, 0, 0, 0, 0, 0, NULL, NULL),
(20, 5, 121, 0, 0, 0, NULL, NULL, 0, 0, 0, 0, 0, 0, 0, 0, 0, 0, NULL, NULL),
(20, 5, 122, 0, 0, 0, NULL, NULL, 0, 0, 0, 0, 0, 0, 0, 0, 0, 0, NULL, NULL),
(20, 10, 217, 0, 0, 0, NULL, NULL, 0, 0, 0, 0, 0, 0, 0, 0, 0, 0, NULL, NULL),
(20, 10, 218, 0, 0, 0, NULL, NULL, 0, 0, 0, 0, 0, 0, 0, 0, 0, 0, NULL, NULL),
(20, 10, 219, 0, 0, 0, NULL, NULL, 0, 0, 0, 0, 0, 0, 0, 0, 0, 0, NULL, NULL),
(20, 10, 220, 0, 0, 0, NULL, NULL, 0, 0, 0, 0, 0, 0, 0, 0, 0, 0, NULL, NULL),
(20, 10, 221, 0, 0, 0, NULL, NULL, 0, 0, 0, 0, 0, 0, 0, 0, 0, 0, NULL, NULL),
(20, 10, 222, 0, 0, 0, NULL, NULL, 0, 0, 0, 0, 0, 0, 0, 0, 0, 0, NULL, NULL),
(20, 10, 223, 0, 0, 0, NULL, NULL, 0, 0, 0, 0, 0, 0, 0, 0, 0, 0, NULL, NULL),
(20, 10, 224, 0, 0, 0, NULL, NULL, 0, 0, 0, 0, 0, 0, 0, 0, 0, 0, NULL, NULL),
(20, 10, 225, 0, 0, 0, NULL, NULL, 0, 0, 0, 0, 0, 0, 0, 0, 0, 0, NULL, NULL),
(20, 10, 226, 0, 0, 0, NULL, NULL, 0, 0, 0, 0, 0, 0, 0, 0, 0, 0, NULL, NULL),
(20, 10, 227, 0, 0, 0, NULL, NULL, 0, 0, 0, 0, 0, 0, 0, 0, 0, 0, NULL, NULL),
(20, 10, 228, 0, 0, 0, NULL, NULL, 0, 0, 0, 0, 0, 0, 0, 0, 0, 0, NULL, NULL),
(20, 10, 229, 0, 0, 0, NULL, NULL, 0, 0, 0, 0, 0, 0, 0, 0, 0, 0, NULL, NULL),
(20, 10, 230, 0, 0, 0, NULL, NULL, 0, 0, 0, 0, 0, 0, 0, 0, 0, 0, NULL, NULL),
(20, 10, 231, 0, 0, 0, NULL, NULL, 0, 0, 0, 0, 0, 0, 0, 0, 0, 0, NULL, NULL),
(20, 10, 232, 0, 0, 0, NULL, NULL, 0, 0, 0, 0, 0, 0, 0, 0, 0, 0, NULL, NULL),
(20, 10, 233, 0, 0, 0, NULL, NULL, 0, 0, 0, 0, 0, 0, 0, 0, 0, 0, NULL, NULL),
(20, 10, 234, 0, 0, 0, NULL, NULL, 0, 0, 0, 0, 0, 0, 0, 0, 0, 0, NULL, NULL),
(20, 10, 235, 0, 0, 0, NULL, NULL, 0, 0, 0, 0, 0, 0, 0, 0, 0, 0, NULL, NULL),
(20, 10, 236, 0, 0, 0, NULL, NULL, 0, 0, 0, 0, 0, 0, 0, 0, 0, 0, NULL, NULL),
(20, 10, 237, 0, 0, 0, NULL, NULL, 0, 0, 0, 0, 0, 0, 0, 0, 0, 0, NULL, NULL),
(21, 1, 1, 0, 0, 0, NULL, NULL, 0, 0, 0, 0, 0, 0, 0, 0, 0, 0, NULL, NULL),
(21, 1, 2, 0, 0, 0, NULL, NULL, 0, 0, 0, 0, 0, 0, 0, 0, 0, 0, NULL, NULL),
(21, 1, 3, 0, 0, 0, NULL, NULL, 0, 0, 0, 0, 0, 0, 0, 0, 0, 0, NULL, NULL),
(21, 1, 4, 0, 0, 0, NULL, NULL, 0, 0, 0, 0, 0, 0, 0, 0, 0, 0, NULL, NULL),
(21, 1, 5, 0, 0, 0, NULL, NULL, 0, 0, 0, 0, 0, 0, 0, 0, 0, 0, NULL, NULL),
(21, 1, 6, 0, 0, 0, NULL, NULL, 0, 0, 0, 0, 0, 0, 0, 0, 0, 0, NULL, NULL),
(21, 1, 7, 0, 0, 0, NULL, NULL, 0, 0, 0, 0, 0, 0, 0, 0, 0, 0, NULL, NULL),
(21, 1, 8, 0, 0, 0, NULL, NULL, 0, 0, 0, 0, 0, 0, 0, 0, 0, 0, NULL, NULL),
(21, 1, 9, 0, 0, 0, NULL, NULL, 0, 0, 0, 0, 0, 0, 0, 0, 0, 0, NULL, NULL),
(21, 1, 10, 0, 0, 0, NULL, NULL, 0, 0, 0, 0, 0, 0, 0, 0, 0, 0, NULL, NULL),
(21, 1, 11, 0, 0, 0, NULL, NULL, 0, 0, 0, 0, 0, 0, 0, 0, 0, 0, NULL, NULL),
(21, 1, 12, 0, 0, 0, NULL, NULL, 0, 0, 0, 0, 0, 0, 0, 0, 0, 0, NULL, NULL),
(21, 1, 13, 0, 0, 0, NULL, NULL, 0, 0, 0, 0, 0, 0, 0, 0, 0, 0, NULL, NULL),
(21, 1, 14, 0, 0, 0, NULL, NULL, 0, 0, 0, 0, 0, 0, 0, 0, 0, 0, NULL, NULL),
(21, 1, 15, 0, 0, 0, NULL, NULL, 0, 0, 0, 0, 0, 0, 0, 0, 0, 0, NULL, NULL),
(21, 1, 16, 0, 0, 0, NULL, NULL, 0, 0, 0, 0, 0, 0, 0, 0, 0, 0, NULL, NULL),
(21, 1, 17, 0, 0, 0, NULL, NULL, 0, 0, 0, 0, 0, 0, 0, 0, 0, 0, NULL, NULL),
(21, 1, 18, 0, 0, 0, NULL, NULL, 0, 0, 0, 0, 0, 0, 0, 0, 0, 0, NULL, NULL),
(21, 1, 19, 0, 0, 0, NULL, NULL, 0, 0, 0, 0, 0, 0, 0, 0, 0, 0, NULL, NULL),
(21, 1, 20, 0, 0, 0, NULL, NULL, 0, 0, 0, 0, 0, 0, 0, 0, 0, 0, NULL, NULL),
(21, 1, 21, 0, 0, 0, NULL, NULL, 0, 0, 0, 0, 0, 0, 0, 0, 0, 0, NULL, NULL),
(21, 1, 22, 0, 0, 0, NULL, NULL, 0, 0, 0, 0, 0, 0, 0, 0, 0, 0, NULL, NULL),
(21, 1, 23, 0, 0, 0, NULL, NULL, 0, 0, 0, 0, 0, 0, 0, 0, 0, 0, NULL, NULL),
(21, 9, 194, 0, 0, 0, NULL, NULL, 0, 0, 0, 0, 0, 0, 0, 0, 0, 0, NULL, NULL),
(21, 9, 195, 0, 0, 0, NULL, NULL, 0, 0, 0, 0, 0, 0, 0, 0, 0, 0, NULL, NULL),
(21, 9, 196, 0, 0, 0, NULL, NULL, 0, 0, 0, 0, 0, 0, 0, 0, 0, 0, NULL, NULL),
(21, 9, 197, 0, 0, 0, NULL, NULL, 0, 0, 0, 0, 0, 0, 0, 0, 0, 0, NULL, NULL),
(21, 9, 198, 0, 0, 0, NULL, NULL, 0, 0, 0, 0, 0, 0, 0, 0, 0, 0, NULL, NULL),
(21, 9, 199, 0, 0, 0, NULL, NULL, 0, 0, 0, 0, 0, 0, 0, 0, 0, 0, NULL, NULL),
(21, 9, 200, 0, 0, 0, NULL, NULL, 0, 0, 0, 0, 0, 0, 0, 0, 0, 0, NULL, NULL),
(21, 9, 201, 0, 0, 0, NULL, NULL, 0, 0, 0, 0, 0, 0, 0, 0, 0, 0, NULL, NULL),
(21, 9, 202, 0, 0, 0, NULL, NULL, 0, 0, 0, 0, 0, 0, 0, 0, 0, 0, NULL, NULL),
(21, 9, 203, 0, 0, 0, NULL, NULL, 0, 0, 0, 0, 0, 0, 0, 0, 0, 0, NULL, NULL),
(21, 9, 204, 0, 0, 0, NULL, NULL, 0, 0, 0, 0, 0, 0, 0, 0, 0, 0, NULL, NULL),
(21, 9, 205, 0, 0, 0, NULL, NULL, 0, 0, 0, 0, 0, 0, 0, 0, 0, 0, NULL, NULL),
(21, 9, 206, 0, 0, 0, NULL, NULL, 0, 0, 0, 0, 0, 0, 0, 0, 0, 0, NULL, NULL),
(21, 9, 207, 0, 0, 0, NULL, NULL, 0, 0, 0, 0, 0, 0, 0, 0, 0, 0, NULL, NULL),
(21, 9, 208, 0, 0, 0, NULL, NULL, 0, 0, 0, 0, 0, 0, 0, 0, 0, 0, NULL, NULL),
(21, 9, 209, 0, 0, 0, NULL, NULL, 0, 0, 0, 0, 0, 0, 0, 0, 0, 0, NULL, NULL),
(21, 9, 210, 0, 0, 0, NULL, NULL, 0, 0, 0, 0, 0, 0, 0, 0, 0, 0, NULL, NULL),
(21, 9, 211, 0, 0, 0, NULL, NULL, 0, 0, 0, 0, 0, 0, 0, 0, 0, 0, NULL, NULL),
(21, 9, 212, 0, 0, 0, NULL, NULL, 0, 0, 0, 0, 0, 0, 0, 0, 0, 0, NULL, NULL),
(21, 9, 213, 0, 0, 0, NULL, NULL, 0, 0, 0, 0, 0, 0, 0, 0, 0, 0, NULL, NULL),
(21, 9, 214, 0, 0, 0, NULL, NULL, 0, 0, 0, 0, 0, 0, 0, 0, 0, 0, NULL, NULL),
(21, 9, 215, 0, 0, 0, NULL, NULL, 0, 0, 0, 0, 0, 0, 0, 0, 0, 0, NULL, NULL),
(21, 9, 216, 0, 0, 0, NULL, NULL, 0, 0, 0, 0, 0, 0, 0, 0, 0, 0, NULL, NULL),
(22, 6, 123, 0, 0, 0, NULL, NULL, 0, 0, 0, 0, 0, 0, 0, 0, 0, 0, NULL, NULL),
(22, 6, 124, 0, 0, 0, NULL, NULL, 0, 0, 0, 0, 0, 0, 0, 0, 0, 0, NULL, NULL),
(22, 6, 125, 0, 0, 0, NULL, 79, 0, 0, 0, 0, 0, 0, 0, 0, 0, 0, NULL, NULL),
(22, 6, 126, 0, 0, 0, NULL, NULL, 0, 0, 0, 0, 0, 0, 0, 0, 0, 0, NULL, NULL),
(22, 6, 127, 0, 0, 0, NULL, NULL, 0, 0, 0, 0, 0, 0, 0, 0, 0, 0, NULL, NULL),
(22, 6, 128, 0, 0, 0, NULL, NULL, 0, 0, 0, 0, 0, 0, 0, 0, 0, 0, NULL, NULL),
(22, 6, 129, 0, 0, 0, NULL, NULL, 0, 0, 0, 0, 0, 0, 0, 0, 0, 0, NULL, NULL),
(22, 6, 130, 0, 0, 0, NULL, NULL, 0, 0, 0, 0, 0, 0, 0, 0, 0, 0, NULL, NULL),
(22, 6, 131, 0, 0, 0, NULL, NULL, 0, 0, 0, 0, 0, 0, 0, 0, 0, 0, NULL, NULL),
(22, 6, 132, 0, 0, 0, NULL, NULL, 0, 0, 0, 0, 0, 0, 0, 0, 0, 0, NULL, NULL),
(22, 6, 133, 0, 0, 0, NULL, NULL, 0, 0, 0, 0, 0, 0, 0, 0, 0, 0, NULL, NULL),
(22, 6, 134, 0, 0, 0, NULL, NULL, 0, 0, 0, 0, 0, 0, 0, 0, 0, 0, NULL, NULL),
(22, 6, 135, 0, 0, 0, NULL, NULL, 0, 0, 0, 0, 0, 0, 0, 0, 0, 0, NULL, NULL),
(22, 6, 136, 0, 0, 0, NULL, NULL, 0, 0, 0, 0, 0, 0, 0, 0, 0, 0, NULL, NULL),
(22, 6, 137, 0, 0, 0, NULL, NULL, 0, 0, 0, 0, 0, 0, 0, 0, 0, 0, NULL, NULL),
(22, 6, 138, 0, 0, 0, NULL, NULL, 0, 0, 0, 0, 0, 0, 0, 0, 0, 0, NULL, NULL),
(22, 6, 139, 0, 0, 0, NULL, NULL, 0, 0, 0, 0, 0, 0, 0, 0, 0, 0, NULL, NULL),
(22, 6, 140, 0, 0, 0, NULL, NULL, 0, 0, 0, 0, 0, 0, 0, 0, 0, 0, NULL, NULL),
(22, 6, 141, 0, 0, 0, NULL, NULL, 0, 0, 0, 0, 0, 0, 0, 0, 0, 0, NULL, NULL),
(22, 6, 142, 0, 0, 0, NULL, NULL, 0, 0, 0, 0, 0, 0, 0, 0, 0, 0, NULL, NULL),
(22, 6, 143, 0, 0, 0, NULL, NULL, 0, 0, 0, 0, 0, 0, 0, 0, 0, 0, NULL, NULL),
(22, 6, 144, 0, 0, 0, NULL, NULL, 0, 0, 0, 0, 0, 0, 0, 0, 0, 0, NULL, NULL),
(22, 6, 145, 0, 0, 0, NULL, NULL, 0, 0, 0, 0, 0, 0, 0, 0, 0, 0, NULL, NULL),
(22, 6, 146, 0, 0, 0, NULL, NULL, 0, 0, 0, 0, 0, 0, 0, 0, 0, 0, NULL, NULL),
(22, 7, 147, 0, 0, 0, NULL, NULL, 0, 0, 0, 0, 0, 0, 0, 0, 0, 0, NULL, NULL),
(22, 7, 148, 0, 0, 0, NULL, NULL, 0, 0, 0, 0, 0, 0, 0, 0, 0, 0, NULL, NULL),
(22, 7, 149, 0, 0, 0, NULL, NULL, 0, 0, 0, 0, 0, 0, 0, 0, 0, 0, NULL, NULL),
(22, 7, 150, 0, 0, 0, NULL, NULL, 0, 0, 0, 0, 0, 0, 0, 0, 0, 0, NULL, NULL),
(22, 7, 151, 0, 0, 0, NULL, NULL, 0, 0, 0, 0, 0, 0, 0, 0, 0, 0, NULL, NULL),
(22, 7, 152, 0, 0, 0, NULL, NULL, 0, 0, 0, 0, 0, 0, 0, 0, 0, 0, NULL, NULL),
(22, 7, 153, 0, 0, 0, NULL, NULL, 0, 0, 0, 0, 0, 0, 0, 0, 0, 0, NULL, NULL),
(22, 7, 154, 0, 0, 0, NULL, NULL, 0, 0, 0, 0, 0, 0, 0, 0, 0, 0, NULL, NULL),
(22, 7, 155, 0, 0, 0, NULL, NULL, 0, 0, 0, 0, 0, 0, 0, 0, 0, 0, NULL, NULL),
(22, 7, 156, 0, 0, 0, NULL, NULL, 0, 0, 0, 0, 0, 0, 0, 0, 0, 0, NULL, NULL),
(22, 7, 157, 0, 0, 0, NULL, NULL, 0, 0, 0, 0, 0, 0, 0, 0, 0, 0, NULL, NULL),
(22, 7, 158, 0, 0, 0, NULL, NULL, 0, 0, 0, 0, 0, 0, 0, 0, 0, 0, NULL, NULL),
(22, 7, 159, 0, 0, 0, NULL, NULL, 0, 0, 0, 0, 0, 0, 0, 0, 0, 0, NULL, NULL),
(22, 7, 160, 0, 0, 0, NULL, NULL, 0, 0, 0, 0, 0, 0, 0, 0, 0, 0, NULL, NULL),
(22, 7, 161, 0, 0, 0, NULL, NULL, 0, 0, 0, 0, 0, 0, 0, 0, 0, 0, NULL, NULL),
(22, 7, 162, 0, 0, 0, NULL, NULL, 0, 0, 0, 0, 0, 0, 0, 0, 0, 0, NULL, NULL),
(22, 7, 163, 0, 0, 0, NULL, NULL, 0, 0, 0, 0, 0, 0, 0, 0, 0, 0, NULL, NULL),
(22, 7, 164, 0, 0, 0, NULL, NULL, 0, 0, 0, 0, 0, 0, 0, 0, 0, 0, NULL, NULL),
(22, 7, 165, 0, 0, 0, NULL, NULL, 0, 0, 0, 0, 0, 0, 0, 0, 0, 0, NULL, NULL),
(22, 7, 166, 0, 0, 0, NULL, NULL, 0, 0, 0, 0, 0, 0, 0, 0, 0, 0, NULL, NULL),
(22, 7, 167, 0, 0, 0, NULL, NULL, 0, 0, 0, 0, 0, 0, 0, 0, 0, 0, NULL, NULL),
(22, 7, 168, 0, 0, 0, NULL, NULL, 0, 0, 0, 0, 0, 0, 0, 0, 0, 0, NULL, NULL),
(22, 7, 169, 0, 0, 0, NULL, NULL, 0, 0, 0, 0, 0, 0, 0, 0, 0, 0, NULL, NULL),
(23, 2, 24, 0, 0, 0, NULL, NULL, 0, 0, 0, 0, 0, 0, 0, 0, 0, 0, NULL, NULL),
(23, 2, 25, 0, 0, 0, NULL, NULL, 0, 0, 0, 0, 0, 0, 0, 0, 0, 0, NULL, NULL),
(23, 2, 26, 0, 0, 0, NULL, NULL, 0, 0, 0, 0, 0, 0, 0, 0, 0, 0, NULL, NULL),
(23, 2, 27, 0, 0, 0, NULL, NULL, 0, 0, 0, 0, 0, 0, 0, 0, 0, 0, NULL, NULL),
(23, 2, 28, 0, 0, 0, NULL, NULL, 0, 0, 0, 0, 0, 0, 0, 0, 0, 0, NULL, NULL),
(23, 2, 29, 0, 0, 0, NULL, NULL, 0, 0, 0, 0, 0, 0, 0, 0, 0, 0, NULL, NULL),
(23, 2, 30, 0, 0, 0, NULL, NULL, 0, 0, 0, 0, 0, 0, 0, 0, 0, 0, NULL, NULL),
(23, 2, 31, 0, 0, 0, NULL, NULL, 0, 0, 0, 0, 0, 0, 0, 0, 0, 0, NULL, NULL),
(23, 2, 32, 0, 0, 0, NULL, NULL, 0, 0, 0, 0, 0, 0, 0, 0, 0, 0, NULL, NULL),
(23, 2, 33, 0, 0, 0, NULL, NULL, 0, 0, 0, 0, 0, 0, 0, 0, 0, 0, NULL, NULL),
(23, 2, 34, 0, 0, 0, NULL, NULL, 0, 0, 0, 0, 0, 0, 0, 0, 0, 0, NULL, NULL),
(23, 2, 35, 0, 0, 0, NULL, NULL, 0, 0, 0, 0, 0, 0, 0, 0, 0, 0, NULL, NULL),
(23, 2, 36, 0, 0, 0, NULL, NULL, 0, 0, 0, 0, 0, 0, 0, 0, 0, 0, NULL, NULL),
(23, 2, 37, 0, 0, 0, NULL, NULL, 0, 0, 0, 0, 0, 0, 0, 0, 0, 0, NULL, NULL),
(23, 2, 38, 0, 0, 0, NULL, NULL, 0, 0, 0, 0, 0, 0, 0, 0, 0, 0, NULL, NULL),
(23, 2, 39, 0, 0, 0, NULL, NULL, 0, 0, 0, 0, 0, 0, 0, 0, 0, 0, NULL, NULL),
(23, 2, 40, 0, 0, 0, NULL, NULL, 0, 0, 0, 0, 0, 0, 0, 0, 0, 0, NULL, NULL),
(23, 2, 41, 0, 0, 0, NULL, NULL, 0, 0, 0, 0, 0, 0, 0, 0, 0, 0, NULL, NULL),
(23, 2, 42, 0, 0, 0, NULL, NULL, 0, 0, 0, 0, 0, 0, 0, 0, 0, 0, NULL, NULL),
(23, 2, 43, 0, 0, 0, NULL, NULL, 0, 0, 0, 0, 0, 0, 0, 0, 0, 0, NULL, NULL),
(23, 2, 44, 0, 0, 0, NULL, NULL, 0, 0, 0, 0, 0, 0, 0, 0, 0, 0, NULL, NULL),
(23, 2, 45, 0, 0, 0, NULL, NULL, 0, 0, 0, 0, 0, 0, 0, 0, 0, 0, NULL, NULL),
(23, 2, 46, 0, 0, 0, NULL, NULL, 0, 0, 0, 0, 0, 0, 0, 0, 0, 0, NULL, NULL),
(23, 2, 47, 0, 0, 0, NULL, NULL, 0, 0, 0, 0, 0, 0, 0, 0, 0, 0, NULL, NULL),
(23, 2, 48, 0, 0, 0, NULL, NULL, 0, 0, 0, 0, 0, 0, 0, 0, 0, 0, NULL, NULL),
(23, 4, 74, 0, 0, 0, NULL, NULL, 0, 0, 0, 0, 0, 0, 0, 0, 0, 0, NULL, NULL),
(23, 4, 75, 0, 0, 0, NULL, NULL, 0, 0, 0, 0, 0, 0, 0, 0, 0, 0, NULL, NULL),
(23, 4, 76, 0, 0, 0, NULL, NULL, 0, 0, 0, 0, 0, 0, 0, 0, 0, 0, NULL, NULL),
(23, 4, 77, 0, 0, 0, NULL, NULL, 0, 0, 0, 0, 0, 0, 0, 0, 0, 0, NULL, NULL),
(23, 4, 78, 0, 0, 0, NULL, NULL, 0, 0, 0, 0, 0, 0, 0, 0, 0, 0, NULL, NULL),
(23, 4, 79, 0, 0, 0, NULL, NULL, 0, 0, 0, 0, 0, 0, 0, 0, 0, 0, NULL, NULL),
(23, 4, 80, 0, 0, 0, NULL, NULL, 0, 0, 0, 0, 0, 0, 0, 0, 0, 0, NULL, NULL),
(23, 4, 81, 0, 0, 0, NULL, NULL, 0, 0, 0, 0, 0, 0, 0, 0, 0, 0, NULL, NULL),
(23, 4, 82, 0, 0, 0, NULL, NULL, 0, 0, 0, 0, 0, 0, 0, 0, 0, 0, NULL, NULL),
(23, 4, 83, 0, 0, 0, NULL, NULL, 0, 0, 0, 0, 0, 0, 0, 0, 0, 0, NULL, NULL),
(23, 4, 84, 0, 0, 0, NULL, NULL, 0, 0, 0, 0, 0, 0, 0, 0, 0, 0, NULL, NULL),
(23, 4, 85, 0, 0, 0, NULL, NULL, 0, 0, 0, 0, 0, 0, 0, 0, 0, 0, NULL, NULL),
(23, 4, 86, 0, 0, 0, NULL, NULL, 0, 0, 0, 0, 0, 0, 0, 0, 0, 0, NULL, NULL),
(23, 4, 87, 0, 0, 0, NULL, NULL, 0, 0, 0, 0, 0, 0, 0, 0, 0, 0, NULL, NULL),
(23, 4, 88, 0, 0, 0, NULL, NULL, 0, 0, 0, 0, 0, 0, 0, 0, 0, 0, NULL, NULL),
(23, 4, 89, 0, 0, 0, NULL, NULL, 0, 0, 0, 0, 0, 0, 0, 0, 0, 0, NULL, NULL),
(23, 4, 90, 0, 0, 0, NULL, NULL, 0, 0, 0, 0, 0, 0, 0, 0, 0, 0, NULL, NULL),
(23, 4, 91, 0, 0, 0, NULL, NULL, 0, 0, 0, 0, 0, 0, 0, 0, 0, 0, NULL, NULL),
(23, 4, 92, 0, 0, 0, NULL, NULL, 0, 0, 0, 0, 0, 0, 0, 0, 0, 0, NULL, NULL),
(23, 4, 93, 0, 0, 0, NULL, NULL, 0, 0, 0, 0, 0, 0, 0, 0, 0, 0, NULL, NULL),
(23, 4, 94, 0, 0, 0, NULL, NULL, 0, 0, 0, 0, 0, 0, 0, 0, 0, 0, NULL, NULL),
(23, 4, 95, 0, 0, 0, NULL, NULL, 0, 0, 0, 0, 0, 0, 0, 0, 0, 0, NULL, NULL),
(23, 4, 96, 0, 0, 0, NULL, NULL, 0, 0, 0, 0, 0, 0, 0, 0, 0, 0, NULL, NULL),
(23, 4, 97, 0, 0, 0, NULL, NULL, 0, 0, 0, 0, 0, 0, 0, 0, 0, 0, NULL, NULL),
(23, 4, 98, 0, 0, 0, NULL, NULL, 0, 0, 0, 0, 0, 0, 0, 0, 0, 0, NULL, NULL),
(24, 5, 99, 0, 0, 0, NULL, NULL, 0, 0, 0, 0, 0, 0, 0, 0, 0, 0, NULL, NULL),
(24, 5, 100, 0, 0, 0, NULL, NULL, 0, 0, 0, 0, 0, 0, 0, 0, 0, 0, NULL, NULL),
(24, 5, 101, 0, 0, 0, NULL, NULL, 0, 0, 0, 0, 0, 0, 0, 0, 0, 0, NULL, NULL),
(24, 5, 102, 0, 0, 0, NULL, NULL, 0, 0, 0, 0, 0, 0, 0, 0, 0, 0, NULL, NULL),
(24, 5, 103, 0, 0, 0, NULL, NULL, 0, 0, 0, 0, 0, 0, 0, 0, 0, 0, NULL, NULL),
(24, 5, 104, 0, 0, 0, NULL, NULL, 0, 0, 0, 0, 0, 0, 0, 0, 0, 0, NULL, NULL),
(24, 5, 105, 0, 0, 0, NULL, NULL, 0, 0, 0, 0, 0, 0, 0, 0, 0, 0, NULL, NULL),
(24, 5, 106, 0, 0, 0, NULL, NULL, 0, 0, 0, 0, 0, 0, 0, 0, 0, 0, NULL, NULL),
(24, 5, 107, 0, 0, 0, NULL, NULL, 0, 0, 0, 0, 0, 0, 0, 0, 0, 0, NULL, NULL),
(24, 5, 108, 0, 0, 0, NULL, NULL, 0, 0, 0, 0, 0, 0, 0, 0, 0, 0, NULL, NULL),
(24, 5, 109, 0, 0, 0, NULL, NULL, 0, 0, 0, 0, 0, 0, 0, 0, 0, 0, NULL, NULL),
(24, 5, 110, 0, 0, 0, NULL, NULL, 0, 0, 0, 0, 0, 0, 0, 0, 0, 0, NULL, NULL),
(24, 5, 111, 0, 0, 0, NULL, NULL, 0, 0, 0, 0, 0, 0, 0, 0, 0, 0, NULL, NULL),
(24, 5, 112, 0, 0, 0, NULL, NULL, 0, 0, 0, 0, 0, 0, 0, 0, 0, 0, NULL, NULL),
(24, 5, 113, 0, 0, 0, NULL, NULL, 0, 0, 0, 0, 0, 0, 0, 0, 0, 0, NULL, NULL),
(24, 5, 114, 0, 0, 0, NULL, NULL, 0, 0, 0, 0, 0, 0, 0, 0, 0, 0, NULL, NULL),
(24, 5, 115, 0, 0, 0, NULL, NULL, 0, 0, 0, 0, 0, 0, 0, 0, 0, 0, NULL, NULL),
(24, 5, 116, 0, 0, 0, NULL, NULL, 0, 0, 0, 0, 0, 0, 0, 0, 0, 0, NULL, NULL),
(24, 5, 117, 0, 0, 0, NULL, NULL, 0, 0, 0, 0, 0, 0, 0, 0, 0, 0, NULL, NULL),
(24, 5, 118, 0, 0, 0, NULL, NULL, 0, 0, 0, 0, 0, 0, 0, 0, 0, 0, NULL, NULL),
(24, 5, 119, 0, 0, 0, NULL, NULL, 0, 0, 0, 0, 0, 0, 0, 0, 0, 0, NULL, NULL),
(24, 5, 120, 0, 0, 0, NULL, NULL, 0, 0, 0, 0, 0, 0, 0, 0, 0, 0, NULL, NULL),
(24, 5, 121, 0, 0, 0, NULL, NULL, 0, 0, 0, 0, 0, 0, 0, 0, 0, 0, NULL, NULL),
(24, 5, 122, 0, 0, 0, NULL, NULL, 0, 0, 0, 0, 0, 0, 0, 0, 0, 0, NULL, NULL),
(24, 9, 194, 0, 0, 0, NULL, NULL, 0, 0, 0, 0, 0, 0, 0, 0, 0, 0, NULL, NULL),
(24, 9, 195, 0, 0, 0, NULL, NULL, 0, 0, 0, 0, 0, 0, 0, 0, 0, 0, NULL, NULL),
(24, 9, 196, 0, 0, 0, NULL, NULL, 0, 0, 0, 0, 0, 0, 0, 0, 0, 0, NULL, NULL),
(24, 9, 197, 0, 0, 0, NULL, NULL, 0, 0, 0, 0, 0, 0, 0, 0, 0, 0, NULL, NULL),
(24, 9, 198, 0, 0, 0, NULL, NULL, 0, 0, 0, 0, 0, 0, 0, 0, 0, 0, NULL, NULL),
(24, 9, 199, 0, 0, 0, NULL, NULL, 0, 0, 0, 0, 0, 0, 0, 0, 0, 0, NULL, NULL),
(24, 9, 200, 0, 0, 0, NULL, NULL, 0, 0, 0, 0, 0, 0, 0, 0, 0, 0, NULL, NULL),
(24, 9, 201, 0, 0, 0, NULL, NULL, 0, 0, 0, 0, 0, 0, 0, 0, 0, 0, NULL, NULL),
(24, 9, 202, 0, 0, 0, NULL, NULL, 0, 0, 0, 0, 0, 0, 0, 0, 0, 0, NULL, NULL),
(24, 9, 203, 0, 0, 0, NULL, NULL, 0, 0, 0, 0, 0, 0, 0, 0, 0, 0, NULL, NULL),
(24, 9, 204, 0, 0, 0, NULL, NULL, 0, 0, 0, 0, 0, 0, 0, 0, 0, 0, NULL, NULL),
(24, 9, 205, 0, 0, 0, NULL, NULL, 0, 0, 0, 0, 0, 0, 0, 0, 0, 0, NULL, NULL),
(24, 9, 206, 0, 0, 0, NULL, NULL, 0, 0, 0, 0, 0, 0, 0, 0, 0, 0, NULL, NULL),
(24, 9, 207, 0, 0, 0, NULL, NULL, 0, 0, 0, 0, 0, 0, 0, 0, 0, 0, NULL, NULL),
(24, 9, 208, 0, 0, 0, NULL, NULL, 0, 0, 0, 0, 0, 0, 0, 0, 0, 0, NULL, NULL),
(24, 9, 209, 0, 0, 0, NULL, NULL, 0, 0, 0, 0, 0, 0, 0, 0, 0, 0, NULL, NULL),
(24, 9, 210, 0, 0, 0, NULL, NULL, 0, 0, 0, 0, 0, 0, 0, 0, 0, 0, NULL, NULL),
(24, 9, 211, 0, 0, 0, NULL, NULL, 0, 0, 0, 0, 0, 0, 0, 0, 0, 0, NULL, NULL),
(24, 9, 212, 0, 0, 0, NULL, NULL, 0, 0, 0, 0, 0, 0, 0, 0, 0, 0, NULL, NULL),
(24, 9, 213, 0, 0, 0, NULL, NULL, 0, 0, 0, 0, 0, 0, 0, 0, 0, 0, NULL, NULL),
(24, 9, 214, 0, 0, 0, NULL, NULL, 0, 0, 0, 0, 0, 0, 0, 0, 0, 0, NULL, NULL),
(24, 9, 215, 0, 0, 0, NULL, NULL, 0, 0, 0, 0, 0, 0, 0, 0, 0, 0, NULL, NULL),
(24, 9, 216, 0, 0, 0, NULL, NULL, 0, 0, 0, 0, 0, 0, 0, 0, 0, 0, NULL, NULL),
(25, 1, 1, 0, 0, 0, NULL, NULL, 0, 0, 0, 0, 0, 0, 0, 0, 0, 0, NULL, NULL),
(25, 1, 2, 0, 0, 0, NULL, NULL, 0, 0, 0, 0, 0, 0, 0, 0, 0, 0, NULL, NULL),
(25, 1, 3, 0, 0, 0, NULL, NULL, 0, 0, 0, 0, 0, 0, 0, 0, 0, 0, NULL, NULL),
(25, 1, 4, 0, 0, 0, NULL, NULL, 0, 0, 0, 0, 0, 0, 0, 0, 0, 0, NULL, NULL),
(25, 1, 5, 0, 0, 0, NULL, NULL, 0, 0, 0, 0, 0, 0, 0, 0, 0, 0, NULL, NULL),
(25, 1, 6, 0, 0, 0, NULL, NULL, 0, 0, 0, 0, 0, 0, 0, 0, 0, 0, NULL, NULL),
(25, 1, 7, 0, 0, 0, NULL, NULL, 0, 0, 0, 0, 0, 0, 0, 0, 0, 0, NULL, NULL),
(25, 1, 8, 0, 0, 0, NULL, NULL, 0, 0, 0, 0, 0, 0, 0, 0, 0, 0, NULL, NULL),
(25, 1, 9, 0, 0, 0, NULL, NULL, 0, 0, 0, 0, 0, 0, 0, 0, 0, 0, NULL, NULL),
(25, 1, 10, 0, 0, 0, NULL, NULL, 0, 0, 0, 0, 0, 0, 0, 0, 0, 0, NULL, NULL),
(25, 1, 11, 0, 0, 0, NULL, NULL, 0, 0, 0, 0, 0, 0, 0, 0, 0, 0, NULL, NULL),
(25, 1, 12, 0, 0, 0, NULL, NULL, 0, 0, 0, 0, 0, 0, 0, 0, 0, 0, NULL, NULL),
(25, 1, 13, 0, 0, 0, NULL, NULL, 0, 0, 0, 0, 0, 0, 0, 0, 0, 0, NULL, NULL),
(25, 1, 14, 0, 0, 0, NULL, NULL, 0, 0, 0, 0, 0, 0, 0, 0, 0, 0, NULL, NULL),
(25, 1, 15, 0, 0, 0, NULL, NULL, 0, 0, 0, 0, 0, 0, 0, 0, 0, 0, NULL, NULL),
(25, 1, 16, 0, 0, 0, NULL, NULL, 0, 0, 0, 0, 0, 0, 0, 0, 0, 0, NULL, NULL),
(25, 1, 17, 0, 0, 0, NULL, NULL, 0, 0, 0, 0, 0, 0, 0, 0, 0, 0, NULL, NULL),
(25, 1, 18, 0, 0, 0, NULL, NULL, 0, 0, 0, 0, 0, 0, 0, 0, 0, 0, NULL, NULL),
(25, 1, 19, 0, 0, 0, NULL, NULL, 0, 0, 0, 0, 0, 0, 0, 0, 0, 0, NULL, NULL),
(25, 1, 20, 0, 0, 0, NULL, NULL, 0, 0, 0, 0, 0, 0, 0, 0, 0, 0, NULL, NULL),
(25, 1, 21, 0, 0, 0, NULL, NULL, 0, 0, 0, 0, 0, 0, 0, 0, 0, 0, NULL, NULL),
(25, 1, 22, 0, 0, 0, NULL, NULL, 0, 0, 0, 0, 0, 0, 0, 0, 0, 0, NULL, NULL),
(25, 1, 23, 0, 0, 0, NULL, NULL, 0, 0, 0, 0, 0, 0, 0, 0, 0, 0, NULL, NULL),
(25, 3, 49, 0, 0, 0, NULL, NULL, 0, 0, 0, 0, 0, 0, 0, 0, 0, 0, NULL, NULL),
(25, 3, 50, 0, 0, 0, NULL, NULL, 0, 0, 0, 0, 0, 0, 0, 0, 0, 0, NULL, NULL),
(25, 3, 51, 0, 0, 0, NULL, NULL, 0, 0, 0, 0, 0, 0, 0, 0, 0, 0, NULL, NULL),
(25, 3, 52, 0, 0, 0, NULL, NULL, 0, 0, 0, 0, 0, 0, 0, 0, 0, 0, NULL, NULL),
(25, 3, 53, 0, 0, 0, NULL, NULL, 0, 0, 0, 0, 0, 0, 0, 0, 0, 0, NULL, NULL),
(25, 3, 54, 0, 0, 0, NULL, NULL, 0, 0, 0, 0, 0, 0, 0, 0, 0, 0, NULL, NULL),
(25, 3, 55, 0, 0, 0, NULL, NULL, 0, 0, 0, 0, 0, 0, 0, 0, 0, 0, NULL, NULL),
(25, 3, 56, 0, 0, 0, NULL, NULL, 0, 0, 0, 0, 0, 0, 0, 0, 0, 0, NULL, NULL),
(25, 3, 57, 0, 0, 0, NULL, NULL, 0, 0, 0, 0, 0, 0, 0, 0, 0, 0, NULL, NULL),
(25, 3, 58, 0, 0, 0, NULL, NULL, 0, 0, 0, 0, 0, 0, 0, 0, 0, 0, NULL, NULL),
(25, 3, 59, 0, 0, 0, NULL, NULL, 0, 0, 0, 0, 0, 0, 0, 0, 0, 0, NULL, NULL),
(25, 3, 60, 0, 0, 0, NULL, NULL, 0, 0, 0, 0, 0, 0, 0, 0, 0, 0, NULL, NULL),
(25, 3, 61, 0, 0, 0, NULL, NULL, 0, 0, 0, 0, 0, 0, 0, 0, 0, 0, NULL, NULL),
(25, 3, 62, 0, 0, 0, NULL, NULL, 0, 0, 0, 0, 0, 0, 0, 0, 0, 0, NULL, NULL),
(25, 3, 63, 0, 0, 0, NULL, NULL, 0, 0, 0, 0, 0, 0, 0, 0, 0, 0, NULL, NULL),
(25, 3, 64, 0, 0, 0, NULL, NULL, 0, 0, 0, 0, 0, 0, 0, 0, 0, 0, NULL, NULL),
(25, 3, 65, 0, 0, 0, NULL, NULL, 0, 0, 0, 0, 0, 0, 0, 0, 0, 0, NULL, NULL),
(25, 3, 66, 0, 0, 0, NULL, NULL, 0, 0, 0, 0, 0, 0, 0, 0, 0, 0, NULL, NULL),
(25, 3, 67, 0, 0, 0, NULL, NULL, 0, 0, 0, 0, 0, 0, 0, 0, 0, 0, NULL, NULL),
(25, 3, 68, 0, 0, 0, NULL, NULL, 0, 0, 0, 0, 0, 0, 0, 0, 0, 0, NULL, NULL),
(25, 3, 69, 0, 0, 0, NULL, NULL, 0, 0, 0, 0, 0, 0, 0, 0, 0, 0, NULL, NULL),
(25, 3, 70, 0, 0, 0, NULL, NULL, 0, 0, 0, 0, 0, 0, 0, 0, 0, 0, NULL, NULL),
(25, 3, 71, 0, 0, 0, NULL, NULL, 0, 0, 0, 0, 0, 0, 0, 0, 0, 0, NULL, NULL),
(25, 3, 72, 0, 0, 0, NULL, NULL, 0, 0, 0, 0, 0, 0, 0, 0, 0, 0, NULL, NULL),
(25, 3, 73, 0, 0, 0, NULL, NULL, 0, 0, 0, 0, 0, 0, 0, 0, 0, 0, NULL, NULL),
(26, 2, 24, 0, 0, 0, NULL, NULL, 0, 0, 0, 0, 0, 0, 0, 0, 0, 0, NULL, NULL),
(26, 2, 25, 0, 0, 0, NULL, NULL, 0, 0, 0, 0, 0, 0, 0, 0, 0, 0, NULL, NULL),
(26, 2, 26, 0, 0, 0, NULL, NULL, 0, 0, 0, 0, 0, 0, 0, 0, 0, 0, NULL, NULL),
(26, 2, 27, 0, 0, 0, NULL, NULL, 0, 0, 0, 0, 0, 0, 0, 0, 0, 0, NULL, NULL),
(26, 2, 28, 0, 0, 0, NULL, NULL, 0, 0, 0, 0, 0, 0, 0, 0, 0, 0, NULL, NULL),
(26, 2, 29, 0, 0, 0, NULL, NULL, 0, 0, 0, 0, 0, 0, 0, 0, 0, 0, NULL, NULL),
(26, 2, 30, 0, 0, 0, NULL, NULL, 0, 0, 0, 0, 0, 0, 0, 0, 0, 0, NULL, NULL),
(26, 2, 31, 0, 0, 0, NULL, NULL, 0, 0, 0, 0, 0, 0, 0, 0, 0, 0, NULL, NULL),
(26, 2, 32, 0, 0, 0, NULL, NULL, 0, 0, 0, 0, 0, 0, 0, 0, 0, 0, NULL, NULL),
(26, 2, 33, 0, 0, 0, NULL, NULL, 0, 0, 0, 0, 0, 0, 0, 0, 0, 0, NULL, NULL),
(26, 2, 34, 0, 0, 0, NULL, NULL, 0, 0, 0, 0, 0, 0, 0, 0, 0, 0, NULL, NULL),
(26, 2, 35, 0, 0, 0, NULL, NULL, 0, 0, 0, 0, 0, 0, 0, 0, 0, 0, NULL, NULL),
(26, 2, 36, 0, 0, 0, NULL, NULL, 0, 0, 0, 0, 0, 0, 0, 0, 0, 0, NULL, NULL),
(26, 2, 37, 0, 0, 0, NULL, NULL, 0, 0, 0, 0, 0, 0, 0, 0, 0, 0, NULL, NULL),
(26, 2, 38, 0, 0, 0, NULL, NULL, 0, 0, 0, 0, 0, 0, 0, 0, 0, 0, NULL, NULL),
(26, 2, 39, 0, 0, 0, NULL, NULL, 0, 0, 0, 0, 0, 0, 0, 0, 0, 0, NULL, NULL),
(26, 2, 40, 0, 0, 0, NULL, NULL, 0, 0, 0, 0, 0, 0, 0, 0, 0, 0, NULL, NULL),
(26, 2, 41, 0, 0, 0, NULL, NULL, 0, 0, 0, 0, 0, 0, 0, 0, 0, 0, NULL, NULL),
(26, 2, 42, 0, 0, 0, NULL, NULL, 0, 0, 0, 0, 0, 0, 0, 0, 0, 0, NULL, NULL),
(26, 2, 43, 0, 0, 0, NULL, NULL, 0, 0, 0, 0, 0, 0, 0, 0, 0, 0, NULL, NULL),
(26, 2, 44, 0, 0, 0, NULL, NULL, 0, 0, 0, 0, 0, 0, 0, 0, 0, 0, NULL, NULL),
(26, 2, 45, 0, 0, 0, NULL, NULL, 0, 0, 0, 0, 0, 0, 0, 0, 0, 0, NULL, NULL),
(26, 2, 46, 0, 0, 0, NULL, NULL, 0, 0, 0, 0, 0, 0, 0, 0, 0, 0, NULL, NULL),
(26, 2, 47, 0, 0, 0, NULL, NULL, 0, 0, 0, 0, 0, 0, 0, 0, 0, 0, NULL, NULL),
(26, 2, 48, 0, 0, 0, NULL, NULL, 0, 0, 0, 0, 0, 0, 0, 0, 0, 0, NULL, NULL),
(26, 10, 217, 0, 0, 0, NULL, NULL, 0, 0, 0, 0, 0, 0, 0, 0, 0, 0, NULL, NULL),
(26, 10, 218, 0, 0, 0, NULL, NULL, 0, 0, 0, 0, 0, 0, 0, 0, 0, 0, NULL, NULL),
(26, 10, 219, 0, 0, 0, NULL, NULL, 0, 0, 0, 0, 0, 0, 0, 0, 0, 0, NULL, NULL),
(26, 10, 220, 0, 0, 0, NULL, NULL, 0, 0, 0, 0, 0, 0, 0, 0, 0, 0, NULL, NULL),
(26, 10, 221, 0, 0, 0, NULL, NULL, 0, 0, 0, 0, 0, 0, 0, 0, 0, 0, NULL, NULL),
(26, 10, 222, 0, 0, 0, NULL, NULL, 0, 0, 0, 0, 0, 0, 0, 0, 0, 0, NULL, NULL),
(26, 10, 223, 0, 0, 0, NULL, NULL, 0, 0, 0, 0, 0, 0, 0, 0, 0, 0, NULL, NULL),
(26, 10, 224, 0, 0, 0, NULL, NULL, 0, 0, 0, 0, 0, 0, 0, 0, 0, 0, NULL, NULL),
(26, 10, 225, 0, 0, 0, NULL, NULL, 0, 0, 0, 0, 0, 0, 0, 0, 0, 0, NULL, NULL),
(26, 10, 226, 0, 0, 0, NULL, NULL, 0, 0, 0, 0, 0, 0, 0, 0, 0, 0, NULL, NULL),
(26, 10, 227, 0, 0, 0, NULL, NULL, 0, 0, 0, 0, 0, 0, 0, 0, 0, 0, NULL, NULL),
(26, 10, 228, 0, 0, 0, NULL, NULL, 0, 0, 0, 0, 0, 0, 0, 0, 0, 0, NULL, NULL),
(26, 10, 229, 0, 0, 0, NULL, NULL, 0, 0, 0, 0, 0, 0, 0, 0, 0, 0, NULL, NULL),
(26, 10, 230, 0, 0, 0, NULL, NULL, 0, 0, 0, 0, 0, 0, 0, 0, 0, 0, NULL, NULL),
(26, 10, 231, 0, 0, 0, NULL, NULL, 0, 0, 0, 0, 0, 0, 0, 0, 0, 0, NULL, NULL),
(26, 10, 232, 0, 0, 0, NULL, NULL, 0, 0, 0, 0, 0, 0, 0, 0, 0, 0, NULL, NULL),
(26, 10, 233, 0, 0, 0, NULL, NULL, 0, 0, 0, 0, 0, 0, 0, 0, 0, 0, NULL, NULL),
(26, 10, 234, 0, 0, 0, NULL, NULL, 0, 0, 0, 0, 0, 0, 0, 0, 0, 0, NULL, NULL),
(26, 10, 235, 0, 0, 0, NULL, NULL, 0, 0, 0, 0, 0, 0, 0, 0, 0, 0, NULL, NULL),
(26, 10, 236, 0, 0, 0, NULL, NULL, 0, 0, 0, 0, 0, 0, 0, 0, 0, 0, NULL, NULL),
(26, 10, 237, 0, 0, 0, NULL, NULL, 0, 0, 0, 0, 0, 0, 0, 0, 0, 0, NULL, NULL),
(27, 7, 147, 0, 0, 0, NULL, NULL, 0, 0, 0, 0, 0, 0, 0, 0, 0, 0, NULL, NULL),
(27, 7, 148, 0, 0, 0, NULL, NULL, 0, 0, 0, 0, 0, 0, 0, 0, 0, 0, NULL, NULL),
(27, 7, 149, 0, 0, 0, NULL, NULL, 0, 0, 0, 0, 0, 0, 0, 0, 0, 0, NULL, NULL),
(27, 7, 150, 0, 0, 0, NULL, NULL, 0, 0, 0, 0, 0, 0, 0, 0, 0, 0, NULL, NULL),
(27, 7, 151, 0, 0, 0, NULL, NULL, 0, 0, 0, 0, 0, 0, 0, 0, 0, 0, NULL, NULL),
(27, 7, 152, 0, 0, 0, NULL, NULL, 0, 0, 0, 0, 0, 0, 0, 0, 0, 0, NULL, NULL),
(27, 7, 153, 0, 0, 0, NULL, NULL, 0, 0, 0, 0, 0, 0, 0, 0, 0, 0, NULL, NULL),
(27, 7, 154, 0, 0, 0, NULL, NULL, 0, 0, 0, 0, 0, 0, 0, 0, 0, 0, NULL, NULL),
(27, 7, 155, 0, 0, 0, NULL, NULL, 0, 0, 0, 0, 0, 0, 0, 0, 0, 0, NULL, NULL),
(27, 7, 156, 0, 0, 0, NULL, NULL, 0, 0, 0, 0, 0, 0, 0, 0, 0, 0, NULL, NULL),
(27, 7, 157, 0, 0, 0, NULL, NULL, 0, 0, 0, 0, 0, 0, 0, 0, 0, 0, NULL, NULL),
(27, 7, 158, 0, 0, 0, NULL, NULL, 0, 0, 0, 0, 0, 0, 0, 0, 0, 0, NULL, NULL),
(27, 7, 159, 0, 0, 0, NULL, NULL, 0, 0, 0, 0, 0, 0, 0, 0, 0, 0, NULL, NULL),
(27, 7, 160, 0, 0, 0, NULL, NULL, 0, 0, 0, 0, 0, 0, 0, 0, 0, 0, NULL, NULL),
(27, 7, 161, 0, 0, 0, NULL, NULL, 0, 0, 0, 0, 0, 0, 0, 0, 0, 0, NULL, NULL),
(27, 7, 162, 0, 0, 0, NULL, NULL, 0, 0, 0, 0, 0, 0, 0, 0, 0, 0, NULL, NULL),
(27, 7, 163, 0, 0, 0, NULL, NULL, 0, 0, 0, 0, 0, 0, 0, 0, 0, 0, NULL, NULL),
(27, 7, 164, 0, 0, 0, NULL, NULL, 0, 0, 0, 0, 0, 0, 0, 0, 0, 0, NULL, NULL),
(27, 7, 165, 0, 0, 0, NULL, NULL, 0, 0, 0, 0, 0, 0, 0, 0, 0, 0, NULL, NULL),
(27, 7, 166, 0, 0, 0, NULL, NULL, 0, 0, 0, 0, 0, 0, 0, 0, 0, 0, NULL, NULL),
(27, 7, 167, 0, 0, 0, NULL, NULL, 0, 0, 0, 0, 0, 0, 0, 0, 0, 0, NULL, NULL),
(27, 7, 168, 0, 0, 0, NULL, NULL, 0, 0, 0, 0, 0, 0, 0, 0, 0, 0, NULL, NULL),
(27, 7, 169, 0, 0, 0, NULL, NULL, 0, 0, 0, 0, 0, 0, 0, 0, 0, 0, NULL, NULL),
(27, 8, 170, 0, 0, 0, NULL, NULL, 0, 0, 0, 0, 0, 0, 0, 0, 0, 0, NULL, NULL),
(27, 8, 171, 0, 0, 0, NULL, NULL, 0, 0, 0, 0, 0, 0, 0, 0, 0, 0, NULL, NULL),
(27, 8, 172, 0, 0, 0, NULL, NULL, 0, 0, 0, 0, 0, 0, 0, 0, 0, 0, NULL, NULL),
(27, 8, 173, 0, 0, 0, NULL, NULL, 0, 0, 0, 0, 0, 0, 0, 0, 0, 0, NULL, NULL),
(27, 8, 174, 0, 0, 0, NULL, NULL, 0, 0, 0, 0, 0, 0, 0, 0, 0, 0, NULL, NULL),
(27, 8, 175, 0, 0, 0, NULL, NULL, 0, 0, 0, 0, 0, 0, 0, 0, 0, 0, NULL, NULL),
(27, 8, 176, 0, 0, 0, NULL, NULL, 0, 0, 0, 0, 0, 0, 0, 0, 0, 0, NULL, NULL),
(27, 8, 177, 0, 0, 0, NULL, NULL, 0, 0, 0, 0, 0, 0, 0, 0, 0, 0, NULL, NULL),
(27, 8, 178, 0, 0, 0, NULL, NULL, 0, 0, 0, 0, 0, 0, 0, 0, 0, 0, NULL, NULL),
(27, 8, 179, 0, 0, 0, NULL, NULL, 0, 0, 0, 0, 0, 0, 0, 0, 0, 0, NULL, NULL),
(27, 8, 180, 0, 0, 0, NULL, NULL, 0, 0, 0, 0, 0, 0, 0, 0, 0, 0, NULL, NULL),
(27, 8, 181, 0, 0, 0, NULL, NULL, 0, 0, 0, 0, 0, 0, 0, 0, 0, 0, NULL, NULL),
(27, 8, 182, 0, 0, 0, NULL, NULL, 0, 0, 0, 0, 0, 0, 0, 0, 0, 0, NULL, NULL),
(27, 8, 183, 0, 0, 0, NULL, NULL, 0, 0, 0, 0, 0, 0, 0, 0, 0, 0, NULL, NULL),
(27, 8, 184, 0, 0, 0, NULL, NULL, 0, 0, 0, 0, 0, 0, 0, 0, 0, 0, NULL, NULL),
(27, 8, 185, 0, 0, 0, NULL, NULL, 0, 0, 0, 0, 0, 0, 0, 0, 0, 0, NULL, NULL),
(27, 8, 186, 0, 0, 0, NULL, NULL, 0, 0, 0, 0, 0, 0, 0, 0, 0, 0, NULL, NULL),
(27, 8, 187, 0, 0, 0, NULL, NULL, 0, 0, 0, 0, 0, 0, 0, 0, 0, 0, NULL, NULL),
(27, 8, 188, 0, 0, 0, NULL, NULL, 0, 0, 0, 0, 0, 0, 0, 0, 0, 0, NULL, NULL),
(27, 8, 189, 0, 0, 0, NULL, NULL, 0, 0, 0, 0, 0, 0, 0, 0, 0, 0, NULL, NULL),
(27, 8, 190, 0, 0, 0, NULL, NULL, 0, 0, 0, 0, 0, 0, 0, 0, 0, 0, NULL, NULL),
(27, 8, 191, 0, 0, 0, NULL, NULL, 0, 0, 0, 0, 0, 0, 0, 0, 0, 0, NULL, NULL),
(27, 8, 192, 0, 0, 0, NULL, NULL, 0, 0, 0, 0, 0, 0, 0, 0, 0, 0, NULL, NULL),
(27, 8, 193, 0, 0, 0, NULL, NULL, 0, 0, 0, 0, 0, 0, 0, 0, 0, 0, NULL, NULL),
(28, 1, 1, 0, 0, 0, NULL, NULL, 0, 0, 0, 0, 0, 0, 0, 0, 0, 0, NULL, NULL),
(28, 1, 2, 0, 0, 0, NULL, NULL, 0, 0, 0, 0, 0, 0, 0, 0, 0, 0, NULL, NULL),
(28, 1, 3, 0, 0, 0, NULL, NULL, 0, 0, 0, 0, 0, 0, 0, 0, 0, 0, NULL, NULL),
(28, 1, 4, 0, 0, 0, NULL, NULL, 0, 0, 0, 0, 0, 0, 0, 0, 0, 0, NULL, NULL),
(28, 1, 5, 0, 0, 0, NULL, NULL, 0, 0, 0, 0, 0, 0, 0, 0, 0, 0, NULL, NULL),
(28, 1, 6, 0, 0, 0, NULL, NULL, 0, 0, 0, 0, 0, 0, 0, 0, 0, 0, NULL, NULL),
(28, 1, 7, 0, 0, 0, NULL, NULL, 0, 0, 0, 0, 0, 0, 0, 0, 0, 0, NULL, NULL),
(28, 1, 8, 0, 0, 0, NULL, NULL, 0, 0, 0, 0, 0, 0, 0, 0, 0, 0, NULL, NULL),
(28, 1, 9, 0, 0, 0, NULL, NULL, 0, 0, 0, 0, 0, 0, 0, 0, 0, 0, NULL, NULL),
(28, 1, 10, 0, 0, 0, NULL, NULL, 0, 0, 0, 0, 0, 0, 0, 0, 0, 0, NULL, NULL),
(28, 1, 11, 0, 0, 0, NULL, NULL, 0, 0, 0, 0, 0, 0, 0, 0, 0, 0, NULL, NULL),
(28, 1, 12, 0, 0, 0, NULL, NULL, 0, 0, 0, 0, 0, 0, 0, 0, 0, 0, NULL, NULL),
(28, 1, 13, 0, 0, 0, NULL, NULL, 0, 0, 0, 0, 0, 0, 0, 0, 0, 0, NULL, NULL),
(28, 1, 14, 0, 0, 0, NULL, NULL, 0, 0, 0, 0, 0, 0, 0, 0, 0, 0, NULL, NULL),
(28, 1, 15, 0, 0, 0, NULL, NULL, 0, 0, 0, 0, 0, 0, 0, 0, 0, 0, NULL, NULL),
(28, 1, 16, 0, 0, 0, NULL, NULL, 0, 0, 0, 0, 0, 0, 0, 0, 0, 0, NULL, NULL),
(28, 1, 17, 0, 0, 0, NULL, NULL, 0, 0, 0, 0, 0, 0, 0, 0, 0, 0, NULL, NULL),
(28, 1, 18, 0, 0, 0, NULL, NULL, 0, 0, 0, 0, 0, 0, 0, 0, 0, 0, NULL, NULL),
(28, 1, 19, 0, 0, 0, NULL, NULL, 0, 0, 0, 0, 0, 0, 0, 0, 0, 0, NULL, NULL),
(28, 1, 20, 0, 0, 0, NULL, NULL, 0, 0, 0, 0, 0, 0, 0, 0, 0, 0, NULL, NULL),
(28, 1, 21, 0, 0, 0, NULL, NULL, 0, 0, 0, 0, 0, 0, 0, 0, 0, 0, NULL, NULL),
(28, 1, 22, 0, 0, 0, NULL, NULL, 0, 0, 0, 0, 0, 0, 0, 0, 0, 0, NULL, NULL),
(28, 1, 23, 0, 0, 0, NULL, NULL, 0, 0, 0, 0, 0, 0, 0, 0, 0, 0, NULL, NULL),
(28, 4, 74, 0, 0, 0, NULL, NULL, 0, 0, 0, 0, 0, 0, 0, 0, 0, 0, NULL, NULL),
(28, 4, 75, 0, 0, 0, NULL, NULL, 0, 0, 0, 0, 0, 0, 0, 0, 0, 0, NULL, NULL),
(28, 4, 76, 0, 0, 0, NULL, NULL, 0, 0, 0, 0, 0, 0, 0, 0, 0, 0, NULL, NULL),
(28, 4, 77, 0, 0, 0, NULL, NULL, 0, 0, 0, 0, 0, 0, 0, 0, 0, 0, NULL, NULL),
(28, 4, 78, 0, 0, 0, NULL, NULL, 0, 0, 0, 0, 0, 0, 0, 0, 0, 0, NULL, NULL),
(28, 4, 79, 0, 0, 0, NULL, NULL, 0, 0, 0, 0, 0, 0, 0, 0, 0, 0, NULL, NULL),
(28, 4, 80, 0, 0, 0, NULL, NULL, 0, 0, 0, 0, 0, 0, 0, 0, 0, 0, NULL, NULL),
(28, 4, 81, 0, 0, 0, NULL, NULL, 0, 0, 0, 0, 0, 0, 0, 0, 0, 0, NULL, NULL),
(28, 4, 82, 0, 0, 0, NULL, NULL, 0, 0, 0, 0, 0, 0, 0, 0, 0, 0, NULL, NULL),
(28, 4, 83, 0, 0, 0, NULL, NULL, 0, 0, 0, 0, 0, 0, 0, 0, 0, 0, NULL, NULL),
(28, 4, 84, 0, 0, 0, NULL, NULL, 0, 0, 0, 0, 0, 0, 0, 0, 0, 0, NULL, NULL),
(28, 4, 85, 0, 0, 0, NULL, NULL, 0, 0, 0, 0, 0, 0, 0, 0, 0, 0, NULL, NULL),
(28, 4, 86, 0, 0, 0, NULL, NULL, 0, 0, 0, 0, 0, 0, 0, 0, 0, 0, NULL, NULL),
(28, 4, 87, 0, 0, 0, NULL, NULL, 0, 0, 0, 0, 0, 0, 0, 0, 0, 0, NULL, NULL),
(28, 4, 88, 0, 0, 0, NULL, NULL, 0, 0, 0, 0, 0, 0, 0, 0, 0, 0, NULL, NULL),
(28, 4, 89, 0, 0, 0, NULL, NULL, 0, 0, 0, 0, 0, 0, 0, 0, 0, 0, NULL, NULL),
(28, 4, 90, 0, 0, 0, NULL, NULL, 0, 0, 0, 0, 0, 0, 0, 0, 0, 0, NULL, NULL),
(28, 4, 91, 0, 0, 0, NULL, NULL, 0, 0, 0, 0, 0, 0, 0, 0, 0, 0, NULL, NULL),
(28, 4, 92, 0, 0, 0, NULL, NULL, 0, 0, 0, 0, 0, 0, 0, 0, 0, 0, NULL, NULL),
(28, 4, 93, 0, 0, 0, NULL, NULL, 0, 0, 0, 0, 0, 0, 0, 0, 0, 0, NULL, NULL),
(28, 4, 94, 0, 0, 0, NULL, NULL, 0, 0, 0, 0, 0, 0, 0, 0, 0, 0, NULL, NULL),
(28, 4, 95, 0, 0, 0, NULL, NULL, 0, 0, 0, 0, 0, 0, 0, 0, 0, 0, NULL, NULL),
(28, 4, 96, 0, 0, 0, NULL, NULL, 0, 0, 0, 0, 0, 0, 0, 0, 0, 0, NULL, NULL),
(28, 4, 97, 0, 0, 0, NULL, NULL, 0, 0, 0, 0, 0, 0, 0, 0, 0, 0, NULL, NULL),
(28, 4, 98, 0, 0, 0, NULL, NULL, 0, 0, 0, 0, 0, 0, 0, 0, 0, 0, NULL, NULL),
(29, 6, 123, 0, 0, 0, NULL, NULL, 0, 0, 0, 0, 0, 0, 0, 0, 0, 0, NULL, NULL),
(29, 6, 124, 0, 0, 0, NULL, NULL, 0, 0, 0, 0, 0, 0, 0, 0, 0, 0, NULL, NULL),
(29, 6, 125, 0, 0, 0, NULL, 32, 0, 0, 0, 0, 0, 0, 0, 0, 0, 0, NULL, NULL),
(29, 6, 126, 0, 0, 0, NULL, NULL, 0, 0, 0, 0, 0, 0, 0, 0, 0, 0, NULL, NULL),
(29, 6, 127, 0, 0, 0, NULL, NULL, 0, 0, 0, 0, 0, 0, 0, 0, 0, 0, NULL, NULL),
(29, 6, 128, 0, 0, 0, NULL, NULL, 0, 0, 0, 0, 0, 0, 0, 0, 0, 0, NULL, NULL),
(29, 6, 129, 0, 0, 0, NULL, NULL, 0, 0, 0, 0, 0, 0, 0, 0, 0, 0, NULL, NULL),
(29, 6, 130, 0, 0, 0, NULL, NULL, 0, 0, 0, 0, 0, 0, 0, 0, 0, 0, NULL, NULL);
INSERT INTO `match_players` (`matchId`, `competitorId`, `playerId`, `isSelected`, `isCaptain`, `isWicketKeeper`, `order`, `points`, `runsPoints`, `foursPoints`, `sixesPoints`, `numberRunsPoints`, `numberWicketPoints`, `wicketPoints`, `maidenOverPoints`, `lbwOrBowledPoints`, `catchesPoints`, `runOutPoints`, `economyPoints`, `strikeRatePoints`) VALUES
(29, 6, 131, 0, 0, 0, NULL, NULL, 0, 0, 0, 0, 0, 0, 0, 0, 0, 0, NULL, NULL),
(29, 6, 132, 0, 0, 0, NULL, NULL, 0, 0, 0, 0, 0, 0, 0, 0, 0, 0, NULL, NULL),
(29, 6, 133, 0, 0, 0, NULL, NULL, 0, 0, 0, 0, 0, 0, 0, 0, 0, 0, NULL, NULL),
(29, 6, 134, 0, 0, 0, NULL, NULL, 0, 0, 0, 0, 0, 0, 0, 0, 0, 0, NULL, NULL),
(29, 6, 135, 0, 0, 0, NULL, NULL, 0, 0, 0, 0, 0, 0, 0, 0, 0, 0, NULL, NULL),
(29, 6, 136, 0, 0, 0, NULL, NULL, 0, 0, 0, 0, 0, 0, 0, 0, 0, 0, NULL, NULL),
(29, 6, 137, 0, 0, 0, NULL, NULL, 0, 0, 0, 0, 0, 0, 0, 0, 0, 0, NULL, NULL),
(29, 6, 138, 0, 0, 0, NULL, NULL, 0, 0, 0, 0, 0, 0, 0, 0, 0, 0, NULL, NULL),
(29, 6, 139, 0, 0, 0, NULL, NULL, 0, 0, 0, 0, 0, 0, 0, 0, 0, 0, NULL, NULL),
(29, 6, 140, 0, 0, 0, NULL, NULL, 0, 0, 0, 0, 0, 0, 0, 0, 0, 0, NULL, NULL),
(29, 6, 141, 0, 0, 0, NULL, NULL, 0, 0, 0, 0, 0, 0, 0, 0, 0, 0, NULL, NULL),
(29, 6, 142, 0, 0, 0, NULL, NULL, 0, 0, 0, 0, 0, 0, 0, 0, 0, 0, NULL, NULL),
(29, 6, 143, 0, 0, 0, NULL, NULL, 0, 0, 0, 0, 0, 0, 0, 0, 0, 0, NULL, NULL),
(29, 6, 144, 0, 0, 0, NULL, NULL, 0, 0, 0, 0, 0, 0, 0, 0, 0, 0, NULL, NULL),
(29, 6, 145, 0, 0, 0, NULL, NULL, 0, 0, 0, 0, 0, 0, 0, 0, 0, 0, NULL, NULL),
(29, 6, 146, 0, 0, 0, NULL, NULL, 0, 0, 0, 0, 0, 0, 0, 0, 0, 0, NULL, NULL),
(29, 9, 194, 0, 0, 0, NULL, NULL, 0, 0, 0, 0, 0, 0, 0, 0, 0, 0, NULL, NULL),
(29, 9, 195, 0, 0, 0, NULL, NULL, 0, 0, 0, 0, 0, 0, 0, 0, 0, 0, NULL, NULL),
(29, 9, 196, 0, 0, 0, NULL, NULL, 0, 0, 0, 0, 0, 0, 0, 0, 0, 0, NULL, NULL),
(29, 9, 197, 0, 0, 0, NULL, NULL, 0, 0, 0, 0, 0, 0, 0, 0, 0, 0, NULL, NULL),
(29, 9, 198, 0, 0, 0, NULL, NULL, 0, 0, 0, 0, 0, 0, 0, 0, 0, 0, NULL, NULL),
(29, 9, 199, 0, 0, 0, NULL, NULL, 0, 0, 0, 0, 0, 0, 0, 0, 0, 0, NULL, NULL),
(29, 9, 200, 0, 0, 0, NULL, NULL, 0, 0, 0, 0, 0, 0, 0, 0, 0, 0, NULL, NULL),
(29, 9, 201, 0, 0, 0, NULL, NULL, 0, 0, 0, 0, 0, 0, 0, 0, 0, 0, NULL, NULL),
(29, 9, 202, 0, 0, 0, NULL, NULL, 0, 0, 0, 0, 0, 0, 0, 0, 0, 0, NULL, NULL),
(29, 9, 203, 0, 0, 0, NULL, NULL, 0, 0, 0, 0, 0, 0, 0, 0, 0, 0, NULL, NULL),
(29, 9, 204, 0, 0, 0, NULL, NULL, 0, 0, 0, 0, 0, 0, 0, 0, 0, 0, NULL, NULL),
(29, 9, 205, 0, 0, 0, NULL, NULL, 0, 0, 0, 0, 0, 0, 0, 0, 0, 0, NULL, NULL),
(29, 9, 206, 0, 0, 0, NULL, NULL, 0, 0, 0, 0, 0, 0, 0, 0, 0, 0, NULL, NULL),
(29, 9, 207, 0, 0, 0, NULL, NULL, 0, 0, 0, 0, 0, 0, 0, 0, 0, 0, NULL, NULL),
(29, 9, 208, 0, 0, 0, NULL, NULL, 0, 0, 0, 0, 0, 0, 0, 0, 0, 0, NULL, NULL),
(29, 9, 209, 0, 0, 0, NULL, NULL, 0, 0, 0, 0, 0, 0, 0, 0, 0, 0, NULL, NULL),
(29, 9, 210, 0, 0, 0, NULL, NULL, 0, 0, 0, 0, 0, 0, 0, 0, 0, 0, NULL, NULL),
(29, 9, 211, 0, 0, 0, NULL, NULL, 0, 0, 0, 0, 0, 0, 0, 0, 0, 0, NULL, NULL),
(29, 9, 212, 0, 0, 0, NULL, NULL, 0, 0, 0, 0, 0, 0, 0, 0, 0, 0, NULL, NULL),
(29, 9, 213, 0, 0, 0, NULL, NULL, 0, 0, 0, 0, 0, 0, 0, 0, 0, 0, NULL, NULL),
(29, 9, 214, 0, 0, 0, NULL, NULL, 0, 0, 0, 0, 0, 0, 0, 0, 0, 0, NULL, NULL),
(29, 9, 215, 0, 0, 0, NULL, NULL, 0, 0, 0, 0, 0, 0, 0, 0, 0, 0, NULL, NULL),
(29, 9, 216, 0, 0, 0, NULL, NULL, 0, 0, 0, 0, 0, 0, 0, 0, 0, 0, NULL, NULL),
(30, 3, 49, 0, 0, 0, NULL, NULL, 0, 0, 0, 0, 0, 0, 0, 0, 0, 0, NULL, NULL),
(30, 3, 50, 0, 0, 0, NULL, NULL, 0, 0, 0, 0, 0, 0, 0, 0, 0, 0, NULL, NULL),
(30, 3, 51, 0, 0, 0, NULL, NULL, 0, 0, 0, 0, 0, 0, 0, 0, 0, 0, NULL, NULL),
(30, 3, 52, 0, 0, 0, NULL, NULL, 0, 0, 0, 0, 0, 0, 0, 0, 0, 0, NULL, NULL),
(30, 3, 53, 0, 0, 0, NULL, NULL, 0, 0, 0, 0, 0, 0, 0, 0, 0, 0, NULL, NULL),
(30, 3, 54, 0, 0, 0, NULL, NULL, 0, 0, 0, 0, 0, 0, 0, 0, 0, 0, NULL, NULL),
(30, 3, 55, 0, 0, 0, NULL, NULL, 0, 0, 0, 0, 0, 0, 0, 0, 0, 0, NULL, NULL),
(30, 3, 56, 0, 0, 0, NULL, NULL, 0, 0, 0, 0, 0, 0, 0, 0, 0, 0, NULL, NULL),
(30, 3, 57, 0, 0, 0, NULL, NULL, 0, 0, 0, 0, 0, 0, 0, 0, 0, 0, NULL, NULL),
(30, 3, 58, 0, 0, 0, NULL, NULL, 0, 0, 0, 0, 0, 0, 0, 0, 0, 0, NULL, NULL),
(30, 3, 59, 0, 0, 0, NULL, NULL, 0, 0, 0, 0, 0, 0, 0, 0, 0, 0, NULL, NULL),
(30, 3, 60, 0, 0, 0, NULL, NULL, 0, 0, 0, 0, 0, 0, 0, 0, 0, 0, NULL, NULL),
(30, 3, 61, 0, 0, 0, NULL, NULL, 0, 0, 0, 0, 0, 0, 0, 0, 0, 0, NULL, NULL),
(30, 3, 62, 0, 0, 0, NULL, NULL, 0, 0, 0, 0, 0, 0, 0, 0, 0, 0, NULL, NULL),
(30, 3, 63, 0, 0, 0, NULL, NULL, 0, 0, 0, 0, 0, 0, 0, 0, 0, 0, NULL, NULL),
(30, 3, 64, 0, 0, 0, NULL, NULL, 0, 0, 0, 0, 0, 0, 0, 0, 0, 0, NULL, NULL),
(30, 3, 65, 0, 0, 0, NULL, NULL, 0, 0, 0, 0, 0, 0, 0, 0, 0, 0, NULL, NULL),
(30, 3, 66, 0, 0, 0, NULL, NULL, 0, 0, 0, 0, 0, 0, 0, 0, 0, 0, NULL, NULL),
(30, 3, 67, 0, 0, 0, NULL, NULL, 0, 0, 0, 0, 0, 0, 0, 0, 0, 0, NULL, NULL),
(30, 3, 68, 0, 0, 0, NULL, NULL, 0, 0, 0, 0, 0, 0, 0, 0, 0, 0, NULL, NULL),
(30, 3, 69, 0, 0, 0, NULL, NULL, 0, 0, 0, 0, 0, 0, 0, 0, 0, 0, NULL, NULL),
(30, 3, 70, 0, 0, 0, NULL, NULL, 0, 0, 0, 0, 0, 0, 0, 0, 0, 0, NULL, NULL),
(30, 3, 71, 0, 0, 0, NULL, NULL, 0, 0, 0, 0, 0, 0, 0, 0, 0, 0, NULL, NULL),
(30, 3, 72, 0, 0, 0, NULL, NULL, 0, 0, 0, 0, 0, 0, 0, 0, 0, 0, NULL, NULL),
(30, 3, 73, 0, 0, 0, NULL, NULL, 0, 0, 0, 0, 0, 0, 0, 0, 0, 0, NULL, NULL),
(30, 5, 99, 0, 0, 0, NULL, NULL, 0, 0, 0, 0, 0, 0, 0, 0, 0, 0, NULL, NULL),
(30, 5, 100, 0, 0, 0, NULL, NULL, 0, 0, 0, 0, 0, 0, 0, 0, 0, 0, NULL, NULL),
(30, 5, 101, 0, 0, 0, NULL, NULL, 0, 0, 0, 0, 0, 0, 0, 0, 0, 0, NULL, NULL),
(30, 5, 102, 0, 0, 0, NULL, NULL, 0, 0, 0, 0, 0, 0, 0, 0, 0, 0, NULL, NULL),
(30, 5, 103, 0, 0, 0, NULL, NULL, 0, 0, 0, 0, 0, 0, 0, 0, 0, 0, NULL, NULL),
(30, 5, 104, 0, 0, 0, NULL, NULL, 0, 0, 0, 0, 0, 0, 0, 0, 0, 0, NULL, NULL),
(30, 5, 105, 0, 0, 0, NULL, NULL, 0, 0, 0, 0, 0, 0, 0, 0, 0, 0, NULL, NULL),
(30, 5, 106, 0, 0, 0, NULL, NULL, 0, 0, 0, 0, 0, 0, 0, 0, 0, 0, NULL, NULL),
(30, 5, 107, 0, 0, 0, NULL, NULL, 0, 0, 0, 0, 0, 0, 0, 0, 0, 0, NULL, NULL),
(30, 5, 108, 0, 0, 0, NULL, NULL, 0, 0, 0, 0, 0, 0, 0, 0, 0, 0, NULL, NULL),
(30, 5, 109, 0, 0, 0, NULL, NULL, 0, 0, 0, 0, 0, 0, 0, 0, 0, 0, NULL, NULL),
(30, 5, 110, 0, 0, 0, NULL, NULL, 0, 0, 0, 0, 0, 0, 0, 0, 0, 0, NULL, NULL),
(30, 5, 111, 0, 0, 0, NULL, NULL, 0, 0, 0, 0, 0, 0, 0, 0, 0, 0, NULL, NULL),
(30, 5, 112, 0, 0, 0, NULL, NULL, 0, 0, 0, 0, 0, 0, 0, 0, 0, 0, NULL, NULL),
(30, 5, 113, 0, 0, 0, NULL, NULL, 0, 0, 0, 0, 0, 0, 0, 0, 0, 0, NULL, NULL),
(30, 5, 114, 0, 0, 0, NULL, NULL, 0, 0, 0, 0, 0, 0, 0, 0, 0, 0, NULL, NULL),
(30, 5, 115, 0, 0, 0, NULL, NULL, 0, 0, 0, 0, 0, 0, 0, 0, 0, 0, NULL, NULL),
(30, 5, 116, 0, 0, 0, NULL, NULL, 0, 0, 0, 0, 0, 0, 0, 0, 0, 0, NULL, NULL),
(30, 5, 117, 0, 0, 0, NULL, NULL, 0, 0, 0, 0, 0, 0, 0, 0, 0, 0, NULL, NULL),
(30, 5, 118, 0, 0, 0, NULL, NULL, 0, 0, 0, 0, 0, 0, 0, 0, 0, 0, NULL, NULL),
(30, 5, 119, 0, 0, 0, NULL, NULL, 0, 0, 0, 0, 0, 0, 0, 0, 0, 0, NULL, NULL),
(30, 5, 120, 0, 0, 0, NULL, NULL, 0, 0, 0, 0, 0, 0, 0, 0, 0, 0, NULL, NULL),
(30, 5, 121, 0, 0, 0, NULL, NULL, 0, 0, 0, 0, 0, 0, 0, 0, 0, 0, NULL, NULL),
(30, 5, 122, 0, 0, 0, NULL, NULL, 0, 0, 0, 0, 0, 0, 0, 0, 0, 0, NULL, NULL),
(31, 7, 147, 0, 0, 0, NULL, NULL, 0, 0, 0, 0, 0, 0, 0, 0, 0, 0, NULL, NULL),
(31, 7, 148, 0, 0, 0, NULL, NULL, 0, 0, 0, 0, 0, 0, 0, 0, 0, 0, NULL, NULL),
(31, 7, 149, 0, 0, 0, NULL, NULL, 0, 0, 0, 0, 0, 0, 0, 0, 0, 0, NULL, NULL),
(31, 7, 150, 0, 0, 0, NULL, NULL, 0, 0, 0, 0, 0, 0, 0, 0, 0, 0, NULL, NULL),
(31, 7, 151, 0, 0, 0, NULL, NULL, 0, 0, 0, 0, 0, 0, 0, 0, 0, 0, NULL, NULL),
(31, 7, 152, 0, 0, 0, NULL, NULL, 0, 0, 0, 0, 0, 0, 0, 0, 0, 0, NULL, NULL),
(31, 7, 153, 0, 0, 0, NULL, NULL, 0, 0, 0, 0, 0, 0, 0, 0, 0, 0, NULL, NULL),
(31, 7, 154, 0, 0, 0, NULL, NULL, 0, 0, 0, 0, 0, 0, 0, 0, 0, 0, NULL, NULL),
(31, 7, 155, 0, 0, 0, NULL, NULL, 0, 0, 0, 0, 0, 0, 0, 0, 0, 0, NULL, NULL),
(31, 7, 156, 0, 0, 0, NULL, NULL, 0, 0, 0, 0, 0, 0, 0, 0, 0, 0, NULL, NULL),
(31, 7, 157, 0, 0, 0, NULL, NULL, 0, 0, 0, 0, 0, 0, 0, 0, 0, 0, NULL, NULL),
(31, 7, 158, 0, 0, 0, NULL, NULL, 0, 0, 0, 0, 0, 0, 0, 0, 0, 0, NULL, NULL),
(31, 7, 159, 0, 0, 0, NULL, NULL, 0, 0, 0, 0, 0, 0, 0, 0, 0, 0, NULL, NULL),
(31, 7, 160, 0, 0, 0, NULL, NULL, 0, 0, 0, 0, 0, 0, 0, 0, 0, 0, NULL, NULL),
(31, 7, 161, 0, 0, 0, NULL, NULL, 0, 0, 0, 0, 0, 0, 0, 0, 0, 0, NULL, NULL),
(31, 7, 162, 0, 0, 0, NULL, NULL, 0, 0, 0, 0, 0, 0, 0, 0, 0, 0, NULL, NULL),
(31, 7, 163, 0, 0, 0, NULL, NULL, 0, 0, 0, 0, 0, 0, 0, 0, 0, 0, NULL, NULL),
(31, 7, 164, 0, 0, 0, NULL, NULL, 0, 0, 0, 0, 0, 0, 0, 0, 0, 0, NULL, NULL),
(31, 7, 165, 0, 0, 0, NULL, NULL, 0, 0, 0, 0, 0, 0, 0, 0, 0, 0, NULL, NULL),
(31, 7, 166, 0, 0, 0, NULL, NULL, 0, 0, 0, 0, 0, 0, 0, 0, 0, 0, NULL, NULL),
(31, 7, 167, 0, 0, 0, NULL, NULL, 0, 0, 0, 0, 0, 0, 0, 0, 0, 0, NULL, NULL),
(31, 7, 168, 0, 0, 0, NULL, NULL, 0, 0, 0, 0, 0, 0, 0, 0, 0, 0, NULL, NULL),
(31, 7, 169, 0, 0, 0, NULL, NULL, 0, 0, 0, 0, 0, 0, 0, 0, 0, 0, NULL, NULL),
(31, 10, 217, 0, 0, 0, NULL, NULL, 0, 0, 0, 0, 0, 0, 0, 0, 0, 0, NULL, NULL),
(31, 10, 218, 0, 0, 0, NULL, NULL, 0, 0, 0, 0, 0, 0, 0, 0, 0, 0, NULL, NULL),
(31, 10, 219, 0, 0, 0, NULL, NULL, 0, 0, 0, 0, 0, 0, 0, 0, 0, 0, NULL, NULL),
(31, 10, 220, 0, 0, 0, NULL, NULL, 0, 0, 0, 0, 0, 0, 0, 0, 0, 0, NULL, NULL),
(31, 10, 221, 0, 0, 0, NULL, NULL, 0, 0, 0, 0, 0, 0, 0, 0, 0, 0, NULL, NULL),
(31, 10, 222, 0, 0, 0, NULL, NULL, 0, 0, 0, 0, 0, 0, 0, 0, 0, 0, NULL, NULL),
(31, 10, 223, 0, 0, 0, NULL, NULL, 0, 0, 0, 0, 0, 0, 0, 0, 0, 0, NULL, NULL),
(31, 10, 224, 0, 0, 0, NULL, NULL, 0, 0, 0, 0, 0, 0, 0, 0, 0, 0, NULL, NULL),
(31, 10, 225, 0, 0, 0, NULL, NULL, 0, 0, 0, 0, 0, 0, 0, 0, 0, 0, NULL, NULL),
(31, 10, 226, 0, 0, 0, NULL, NULL, 0, 0, 0, 0, 0, 0, 0, 0, 0, 0, NULL, NULL),
(31, 10, 227, 0, 0, 0, NULL, NULL, 0, 0, 0, 0, 0, 0, 0, 0, 0, 0, NULL, NULL),
(31, 10, 228, 0, 0, 0, NULL, NULL, 0, 0, 0, 0, 0, 0, 0, 0, 0, 0, NULL, NULL),
(31, 10, 229, 0, 0, 0, NULL, NULL, 0, 0, 0, 0, 0, 0, 0, 0, 0, 0, NULL, NULL),
(31, 10, 230, 0, 0, 0, NULL, NULL, 0, 0, 0, 0, 0, 0, 0, 0, 0, 0, NULL, NULL),
(31, 10, 231, 0, 0, 0, NULL, NULL, 0, 0, 0, 0, 0, 0, 0, 0, 0, 0, NULL, NULL),
(31, 10, 232, 0, 0, 0, NULL, NULL, 0, 0, 0, 0, 0, 0, 0, 0, 0, 0, NULL, NULL),
(31, 10, 233, 0, 0, 0, NULL, NULL, 0, 0, 0, 0, 0, 0, 0, 0, 0, 0, NULL, NULL),
(31, 10, 234, 0, 0, 0, NULL, NULL, 0, 0, 0, 0, 0, 0, 0, 0, 0, 0, NULL, NULL),
(31, 10, 235, 0, 0, 0, NULL, NULL, 0, 0, 0, 0, 0, 0, 0, 0, 0, 0, NULL, NULL),
(31, 10, 236, 0, 0, 0, NULL, NULL, 0, 0, 0, 0, 0, 0, 0, 0, 0, 0, NULL, NULL),
(31, 10, 237, 0, 0, 0, NULL, NULL, 0, 0, 0, 0, 0, 0, 0, 0, 0, 0, NULL, NULL),
(32, 4, 74, 0, 0, 0, NULL, NULL, 0, 0, 0, 0, 0, 0, 0, 0, 0, 0, NULL, NULL),
(32, 4, 75, 0, 0, 0, NULL, NULL, 0, 0, 0, 0, 0, 0, 0, 0, 0, 0, NULL, NULL),
(32, 4, 76, 0, 0, 0, NULL, NULL, 0, 0, 0, 0, 0, 0, 0, 0, 0, 0, NULL, NULL),
(32, 4, 77, 0, 0, 0, NULL, NULL, 0, 0, 0, 0, 0, 0, 0, 0, 0, 0, NULL, NULL),
(32, 4, 78, 0, 0, 0, NULL, NULL, 0, 0, 0, 0, 0, 0, 0, 0, 0, 0, NULL, NULL),
(32, 4, 79, 0, 0, 0, NULL, NULL, 0, 0, 0, 0, 0, 0, 0, 0, 0, 0, NULL, NULL),
(32, 4, 80, 0, 0, 0, NULL, NULL, 0, 0, 0, 0, 0, 0, 0, 0, 0, 0, NULL, NULL),
(32, 4, 81, 0, 0, 0, NULL, NULL, 0, 0, 0, 0, 0, 0, 0, 0, 0, 0, NULL, NULL),
(32, 4, 82, 0, 0, 0, NULL, NULL, 0, 0, 0, 0, 0, 0, 0, 0, 0, 0, NULL, NULL),
(32, 4, 83, 0, 0, 0, NULL, NULL, 0, 0, 0, 0, 0, 0, 0, 0, 0, 0, NULL, NULL),
(32, 4, 84, 0, 0, 0, NULL, NULL, 0, 0, 0, 0, 0, 0, 0, 0, 0, 0, NULL, NULL),
(32, 4, 85, 0, 0, 0, NULL, NULL, 0, 0, 0, 0, 0, 0, 0, 0, 0, 0, NULL, NULL),
(32, 4, 86, 0, 0, 0, NULL, NULL, 0, 0, 0, 0, 0, 0, 0, 0, 0, 0, NULL, NULL),
(32, 4, 87, 0, 0, 0, NULL, NULL, 0, 0, 0, 0, 0, 0, 0, 0, 0, 0, NULL, NULL),
(32, 4, 88, 0, 0, 0, NULL, NULL, 0, 0, 0, 0, 0, 0, 0, 0, 0, 0, NULL, NULL),
(32, 4, 89, 0, 0, 0, NULL, NULL, 0, 0, 0, 0, 0, 0, 0, 0, 0, 0, NULL, NULL),
(32, 4, 90, 0, 0, 0, NULL, NULL, 0, 0, 0, 0, 0, 0, 0, 0, 0, 0, NULL, NULL),
(32, 4, 91, 0, 0, 0, NULL, NULL, 0, 0, 0, 0, 0, 0, 0, 0, 0, 0, NULL, NULL),
(32, 4, 92, 0, 0, 0, NULL, NULL, 0, 0, 0, 0, 0, 0, 0, 0, 0, 0, NULL, NULL),
(32, 4, 93, 0, 0, 0, NULL, NULL, 0, 0, 0, 0, 0, 0, 0, 0, 0, 0, NULL, NULL),
(32, 4, 94, 0, 0, 0, NULL, NULL, 0, 0, 0, 0, 0, 0, 0, 0, 0, 0, NULL, NULL),
(32, 4, 95, 0, 0, 0, NULL, NULL, 0, 0, 0, 0, 0, 0, 0, 0, 0, 0, NULL, NULL),
(32, 4, 96, 0, 0, 0, NULL, NULL, 0, 0, 0, 0, 0, 0, 0, 0, 0, 0, NULL, NULL),
(32, 4, 97, 0, 0, 0, NULL, NULL, 0, 0, 0, 0, 0, 0, 0, 0, 0, 0, NULL, NULL),
(32, 4, 98, 0, 0, 0, NULL, NULL, 0, 0, 0, 0, 0, 0, 0, 0, 0, 0, NULL, NULL),
(32, 8, 170, 0, 0, 0, NULL, NULL, 0, 0, 0, 0, 0, 0, 0, 0, 0, 0, NULL, NULL),
(32, 8, 171, 0, 0, 0, NULL, NULL, 0, 0, 0, 0, 0, 0, 0, 0, 0, 0, NULL, NULL),
(32, 8, 172, 0, 0, 0, NULL, NULL, 0, 0, 0, 0, 0, 0, 0, 0, 0, 0, NULL, NULL),
(32, 8, 173, 0, 0, 0, NULL, NULL, 0, 0, 0, 0, 0, 0, 0, 0, 0, 0, NULL, NULL),
(32, 8, 174, 0, 0, 0, NULL, NULL, 0, 0, 0, 0, 0, 0, 0, 0, 0, 0, NULL, NULL),
(32, 8, 175, 0, 0, 0, NULL, NULL, 0, 0, 0, 0, 0, 0, 0, 0, 0, 0, NULL, NULL),
(32, 8, 176, 0, 0, 0, NULL, NULL, 0, 0, 0, 0, 0, 0, 0, 0, 0, 0, NULL, NULL),
(32, 8, 177, 0, 0, 0, NULL, NULL, 0, 0, 0, 0, 0, 0, 0, 0, 0, 0, NULL, NULL),
(32, 8, 178, 0, 0, 0, NULL, NULL, 0, 0, 0, 0, 0, 0, 0, 0, 0, 0, NULL, NULL),
(32, 8, 179, 0, 0, 0, NULL, NULL, 0, 0, 0, 0, 0, 0, 0, 0, 0, 0, NULL, NULL),
(32, 8, 180, 0, 0, 0, NULL, NULL, 0, 0, 0, 0, 0, 0, 0, 0, 0, 0, NULL, NULL),
(32, 8, 181, 0, 0, 0, NULL, NULL, 0, 0, 0, 0, 0, 0, 0, 0, 0, 0, NULL, NULL),
(32, 8, 182, 0, 0, 0, NULL, NULL, 0, 0, 0, 0, 0, 0, 0, 0, 0, 0, NULL, NULL),
(32, 8, 183, 0, 0, 0, NULL, NULL, 0, 0, 0, 0, 0, 0, 0, 0, 0, 0, NULL, NULL),
(32, 8, 184, 0, 0, 0, NULL, NULL, 0, 0, 0, 0, 0, 0, 0, 0, 0, 0, NULL, NULL),
(32, 8, 185, 0, 0, 0, NULL, NULL, 0, 0, 0, 0, 0, 0, 0, 0, 0, 0, NULL, NULL),
(32, 8, 186, 0, 0, 0, NULL, NULL, 0, 0, 0, 0, 0, 0, 0, 0, 0, 0, NULL, NULL),
(32, 8, 187, 0, 0, 0, NULL, NULL, 0, 0, 0, 0, 0, 0, 0, 0, 0, 0, NULL, NULL),
(32, 8, 188, 0, 0, 0, NULL, NULL, 0, 0, 0, 0, 0, 0, 0, 0, 0, 0, NULL, NULL),
(32, 8, 189, 0, 0, 0, NULL, NULL, 0, 0, 0, 0, 0, 0, 0, 0, 0, 0, NULL, NULL),
(32, 8, 190, 0, 0, 0, NULL, NULL, 0, 0, 0, 0, 0, 0, 0, 0, 0, 0, NULL, NULL),
(32, 8, 191, 0, 0, 0, NULL, NULL, 0, 0, 0, 0, 0, 0, 0, 0, 0, 0, NULL, NULL),
(32, 8, 192, 0, 0, 0, NULL, NULL, 0, 0, 0, 0, 0, 0, 0, 0, 0, 0, NULL, NULL),
(32, 8, 193, 0, 0, 0, NULL, NULL, 0, 0, 0, 0, 0, 0, 0, 0, 0, 0, NULL, NULL),
(33, 2, 24, 0, 0, 0, NULL, NULL, 0, 0, 0, 0, 0, 0, 0, 0, 0, 0, NULL, NULL),
(33, 2, 25, 0, 0, 0, NULL, NULL, 0, 0, 0, 0, 0, 0, 0, 0, 0, 0, NULL, NULL),
(33, 2, 26, 0, 0, 0, NULL, NULL, 0, 0, 0, 0, 0, 0, 0, 0, 0, 0, NULL, NULL),
(33, 2, 27, 0, 0, 0, NULL, NULL, 0, 0, 0, 0, 0, 0, 0, 0, 0, 0, NULL, NULL),
(33, 2, 28, 0, 0, 0, NULL, NULL, 0, 0, 0, 0, 0, 0, 0, 0, 0, 0, NULL, NULL),
(33, 2, 29, 0, 0, 0, NULL, NULL, 0, 0, 0, 0, 0, 0, 0, 0, 0, 0, NULL, NULL),
(33, 2, 30, 0, 0, 0, NULL, NULL, 0, 0, 0, 0, 0, 0, 0, 0, 0, 0, NULL, NULL),
(33, 2, 31, 0, 0, 0, NULL, NULL, 0, 0, 0, 0, 0, 0, 0, 0, 0, 0, NULL, NULL),
(33, 2, 32, 0, 0, 0, NULL, NULL, 0, 0, 0, 0, 0, 0, 0, 0, 0, 0, NULL, NULL),
(33, 2, 33, 0, 0, 0, NULL, NULL, 0, 0, 0, 0, 0, 0, 0, 0, 0, 0, NULL, NULL),
(33, 2, 34, 0, 0, 0, NULL, NULL, 0, 0, 0, 0, 0, 0, 0, 0, 0, 0, NULL, NULL),
(33, 2, 35, 0, 0, 0, NULL, NULL, 0, 0, 0, 0, 0, 0, 0, 0, 0, 0, NULL, NULL),
(33, 2, 36, 0, 0, 0, NULL, NULL, 0, 0, 0, 0, 0, 0, 0, 0, 0, 0, NULL, NULL),
(33, 2, 37, 0, 0, 0, NULL, NULL, 0, 0, 0, 0, 0, 0, 0, 0, 0, 0, NULL, NULL),
(33, 2, 38, 0, 0, 0, NULL, NULL, 0, 0, 0, 0, 0, 0, 0, 0, 0, 0, NULL, NULL),
(33, 2, 39, 0, 0, 0, NULL, NULL, 0, 0, 0, 0, 0, 0, 0, 0, 0, 0, NULL, NULL),
(33, 2, 40, 0, 0, 0, NULL, NULL, 0, 0, 0, 0, 0, 0, 0, 0, 0, 0, NULL, NULL),
(33, 2, 41, 0, 0, 0, NULL, NULL, 0, 0, 0, 0, 0, 0, 0, 0, 0, 0, NULL, NULL),
(33, 2, 42, 0, 0, 0, NULL, NULL, 0, 0, 0, 0, 0, 0, 0, 0, 0, 0, NULL, NULL),
(33, 2, 43, 0, 0, 0, NULL, NULL, 0, 0, 0, 0, 0, 0, 0, 0, 0, 0, NULL, NULL),
(33, 2, 44, 0, 0, 0, NULL, NULL, 0, 0, 0, 0, 0, 0, 0, 0, 0, 0, NULL, NULL),
(33, 2, 45, 0, 0, 0, NULL, NULL, 0, 0, 0, 0, 0, 0, 0, 0, 0, 0, NULL, NULL),
(33, 2, 46, 0, 0, 0, NULL, NULL, 0, 0, 0, 0, 0, 0, 0, 0, 0, 0, NULL, NULL),
(33, 2, 47, 0, 0, 0, NULL, NULL, 0, 0, 0, 0, 0, 0, 0, 0, 0, 0, NULL, NULL),
(33, 2, 48, 0, 0, 0, NULL, NULL, 0, 0, 0, 0, 0, 0, 0, 0, 0, 0, NULL, NULL),
(33, 6, 123, 0, 0, 0, NULL, NULL, 0, 0, 0, 0, 0, 0, 0, 0, 0, 0, NULL, NULL),
(33, 6, 124, 0, 0, 0, NULL, NULL, 0, 0, 0, 0, 0, 0, 0, 0, 0, 0, NULL, NULL),
(33, 6, 125, 0, 0, 0, NULL, 0, 0, 0, 0, 0, 0, 0, 0, 0, 0, 0, NULL, NULL),
(33, 6, 126, 0, 0, 0, NULL, NULL, 0, 0, 0, 0, 0, 0, 0, 0, 0, 0, NULL, NULL),
(33, 6, 127, 0, 0, 0, NULL, NULL, 0, 0, 0, 0, 0, 0, 0, 0, 0, 0, NULL, NULL),
(33, 6, 128, 0, 0, 0, NULL, NULL, 0, 0, 0, 0, 0, 0, 0, 0, 0, 0, NULL, NULL),
(33, 6, 129, 0, 0, 0, NULL, NULL, 0, 0, 0, 0, 0, 0, 0, 0, 0, 0, NULL, NULL),
(33, 6, 130, 0, 0, 0, NULL, NULL, 0, 0, 0, 0, 0, 0, 0, 0, 0, 0, NULL, NULL),
(33, 6, 131, 0, 0, 0, NULL, NULL, 0, 0, 0, 0, 0, 0, 0, 0, 0, 0, NULL, NULL),
(33, 6, 132, 0, 0, 0, NULL, NULL, 0, 0, 0, 0, 0, 0, 0, 0, 0, 0, NULL, NULL),
(33, 6, 133, 0, 0, 0, NULL, NULL, 0, 0, 0, 0, 0, 0, 0, 0, 0, 0, NULL, NULL),
(33, 6, 134, 0, 0, 0, NULL, NULL, 0, 0, 0, 0, 0, 0, 0, 0, 0, 0, NULL, NULL),
(33, 6, 135, 0, 0, 0, NULL, NULL, 0, 0, 0, 0, 0, 0, 0, 0, 0, 0, NULL, NULL),
(33, 6, 136, 0, 0, 0, NULL, NULL, 0, 0, 0, 0, 0, 0, 0, 0, 0, 0, NULL, NULL),
(33, 6, 137, 0, 0, 0, NULL, NULL, 0, 0, 0, 0, 0, 0, 0, 0, 0, 0, NULL, NULL),
(33, 6, 138, 0, 0, 0, NULL, NULL, 0, 0, 0, 0, 0, 0, 0, 0, 0, 0, NULL, NULL),
(33, 6, 139, 0, 0, 0, NULL, NULL, 0, 0, 0, 0, 0, 0, 0, 0, 0, 0, NULL, NULL),
(33, 6, 140, 0, 0, 0, NULL, NULL, 0, 0, 0, 0, 0, 0, 0, 0, 0, 0, NULL, NULL),
(33, 6, 141, 0, 0, 0, NULL, NULL, 0, 0, 0, 0, 0, 0, 0, 0, 0, 0, NULL, NULL),
(33, 6, 142, 0, 0, 0, NULL, NULL, 0, 0, 0, 0, 0, 0, 0, 0, 0, 0, NULL, NULL),
(33, 6, 143, 0, 0, 0, NULL, NULL, 0, 0, 0, 0, 0, 0, 0, 0, 0, 0, NULL, NULL),
(33, 6, 144, 0, 0, 0, NULL, NULL, 0, 0, 0, 0, 0, 0, 0, 0, 0, 0, NULL, NULL),
(33, 6, 145, 0, 0, 0, NULL, NULL, 0, 0, 0, 0, 0, 0, 0, 0, 0, 0, NULL, NULL),
(33, 6, 146, 0, 0, 0, NULL, NULL, 0, 0, 0, 0, 0, 0, 0, 0, 0, 0, NULL, NULL),
(34, 5, 99, 0, 0, 0, NULL, NULL, 0, 0, 0, 0, 0, 0, 0, 0, 0, 0, NULL, NULL),
(34, 5, 100, 0, 0, 0, NULL, NULL, 0, 0, 0, 0, 0, 0, 0, 0, 0, 0, NULL, NULL),
(34, 5, 101, 0, 0, 0, NULL, NULL, 0, 0, 0, 0, 0, 0, 0, 0, 0, 0, NULL, NULL),
(34, 5, 102, 0, 0, 0, NULL, NULL, 0, 0, 0, 0, 0, 0, 0, 0, 0, 0, NULL, NULL),
(34, 5, 103, 0, 0, 0, NULL, NULL, 0, 0, 0, 0, 0, 0, 0, 0, 0, 0, NULL, NULL),
(34, 5, 104, 0, 0, 0, NULL, NULL, 0, 0, 0, 0, 0, 0, 0, 0, 0, 0, NULL, NULL),
(34, 5, 105, 0, 0, 0, NULL, NULL, 0, 0, 0, 0, 0, 0, 0, 0, 0, 0, NULL, NULL),
(34, 5, 106, 0, 0, 0, NULL, NULL, 0, 0, 0, 0, 0, 0, 0, 0, 0, 0, NULL, NULL),
(34, 5, 107, 0, 0, 0, NULL, NULL, 0, 0, 0, 0, 0, 0, 0, 0, 0, 0, NULL, NULL),
(34, 5, 108, 0, 0, 0, NULL, NULL, 0, 0, 0, 0, 0, 0, 0, 0, 0, 0, NULL, NULL),
(34, 5, 109, 0, 0, 0, NULL, NULL, 0, 0, 0, 0, 0, 0, 0, 0, 0, 0, NULL, NULL),
(34, 5, 110, 0, 0, 0, NULL, NULL, 0, 0, 0, 0, 0, 0, 0, 0, 0, 0, NULL, NULL),
(34, 5, 111, 0, 0, 0, NULL, NULL, 0, 0, 0, 0, 0, 0, 0, 0, 0, 0, NULL, NULL),
(34, 5, 112, 0, 0, 0, NULL, NULL, 0, 0, 0, 0, 0, 0, 0, 0, 0, 0, NULL, NULL),
(34, 5, 113, 0, 0, 0, NULL, NULL, 0, 0, 0, 0, 0, 0, 0, 0, 0, 0, NULL, NULL),
(34, 5, 114, 0, 0, 0, NULL, NULL, 0, 0, 0, 0, 0, 0, 0, 0, 0, 0, NULL, NULL),
(34, 5, 115, 0, 0, 0, NULL, NULL, 0, 0, 0, 0, 0, 0, 0, 0, 0, 0, NULL, NULL),
(34, 5, 116, 0, 0, 0, NULL, NULL, 0, 0, 0, 0, 0, 0, 0, 0, 0, 0, NULL, NULL),
(34, 5, 117, 0, 0, 0, NULL, NULL, 0, 0, 0, 0, 0, 0, 0, 0, 0, 0, NULL, NULL),
(34, 5, 118, 0, 0, 0, NULL, NULL, 0, 0, 0, 0, 0, 0, 0, 0, 0, 0, NULL, NULL),
(34, 5, 119, 0, 0, 0, NULL, NULL, 0, 0, 0, 0, 0, 0, 0, 0, 0, 0, NULL, NULL),
(34, 5, 120, 0, 0, 0, NULL, NULL, 0, 0, 0, 0, 0, 0, 0, 0, 0, 0, NULL, NULL),
(34, 5, 121, 0, 0, 0, NULL, NULL, 0, 0, 0, 0, 0, 0, 0, 0, 0, 0, NULL, NULL),
(34, 5, 122, 0, 0, 0, NULL, NULL, 0, 0, 0, 0, 0, 0, 0, 0, 0, 0, NULL, NULL),
(34, 8, 170, 0, 0, 0, NULL, NULL, 0, 0, 0, 0, 0, 0, 0, 0, 0, 0, NULL, NULL),
(34, 8, 171, 0, 0, 0, NULL, NULL, 0, 0, 0, 0, 0, 0, 0, 0, 0, 0, NULL, NULL),
(34, 8, 172, 0, 0, 0, NULL, NULL, 0, 0, 0, 0, 0, 0, 0, 0, 0, 0, NULL, NULL),
(34, 8, 173, 0, 0, 0, NULL, NULL, 0, 0, 0, 0, 0, 0, 0, 0, 0, 0, NULL, NULL),
(34, 8, 174, 0, 0, 0, NULL, NULL, 0, 0, 0, 0, 0, 0, 0, 0, 0, 0, NULL, NULL),
(34, 8, 175, 0, 0, 0, NULL, NULL, 0, 0, 0, 0, 0, 0, 0, 0, 0, 0, NULL, NULL),
(34, 8, 176, 0, 0, 0, NULL, NULL, 0, 0, 0, 0, 0, 0, 0, 0, 0, 0, NULL, NULL),
(34, 8, 177, 0, 0, 0, NULL, NULL, 0, 0, 0, 0, 0, 0, 0, 0, 0, 0, NULL, NULL),
(34, 8, 178, 0, 0, 0, NULL, NULL, 0, 0, 0, 0, 0, 0, 0, 0, 0, 0, NULL, NULL),
(34, 8, 179, 0, 0, 0, NULL, NULL, 0, 0, 0, 0, 0, 0, 0, 0, 0, 0, NULL, NULL),
(34, 8, 180, 0, 0, 0, NULL, NULL, 0, 0, 0, 0, 0, 0, 0, 0, 0, 0, NULL, NULL),
(34, 8, 181, 0, 0, 0, NULL, NULL, 0, 0, 0, 0, 0, 0, 0, 0, 0, 0, NULL, NULL),
(34, 8, 182, 0, 0, 0, NULL, NULL, 0, 0, 0, 0, 0, 0, 0, 0, 0, 0, NULL, NULL),
(34, 8, 183, 0, 0, 0, NULL, NULL, 0, 0, 0, 0, 0, 0, 0, 0, 0, 0, NULL, NULL),
(34, 8, 184, 0, 0, 0, NULL, NULL, 0, 0, 0, 0, 0, 0, 0, 0, 0, 0, NULL, NULL),
(34, 8, 185, 0, 0, 0, NULL, NULL, 0, 0, 0, 0, 0, 0, 0, 0, 0, 0, NULL, NULL),
(34, 8, 186, 0, 0, 0, NULL, NULL, 0, 0, 0, 0, 0, 0, 0, 0, 0, 0, NULL, NULL),
(34, 8, 187, 0, 0, 0, NULL, NULL, 0, 0, 0, 0, 0, 0, 0, 0, 0, 0, NULL, NULL),
(34, 8, 188, 0, 0, 0, NULL, NULL, 0, 0, 0, 0, 0, 0, 0, 0, 0, 0, NULL, NULL),
(34, 8, 189, 0, 0, 0, NULL, NULL, 0, 0, 0, 0, 0, 0, 0, 0, 0, 0, NULL, NULL),
(34, 8, 190, 0, 0, 0, NULL, NULL, 0, 0, 0, 0, 0, 0, 0, 0, 0, 0, NULL, NULL),
(34, 8, 191, 0, 0, 0, NULL, NULL, 0, 0, 0, 0, 0, 0, 0, 0, 0, 0, NULL, NULL),
(34, 8, 192, 0, 0, 0, NULL, NULL, 0, 0, 0, 0, 0, 0, 0, 0, 0, 0, NULL, NULL),
(34, 8, 193, 0, 0, 0, NULL, NULL, 0, 0, 0, 0, 0, 0, 0, 0, 0, 0, NULL, NULL),
(35, 3, 49, 0, 0, 0, NULL, NULL, 0, 0, 0, 0, 0, 0, 0, 0, 0, 0, NULL, NULL),
(35, 3, 50, 0, 0, 0, NULL, NULL, 0, 0, 0, 0, 0, 0, 0, 0, 0, 0, NULL, NULL),
(35, 3, 51, 0, 0, 0, NULL, NULL, 0, 0, 0, 0, 0, 0, 0, 0, 0, 0, NULL, NULL),
(35, 3, 52, 0, 0, 0, NULL, NULL, 0, 0, 0, 0, 0, 0, 0, 0, 0, 0, NULL, NULL),
(35, 3, 53, 0, 0, 0, NULL, NULL, 0, 0, 0, 0, 0, 0, 0, 0, 0, 0, NULL, NULL),
(35, 3, 54, 0, 0, 0, NULL, NULL, 0, 0, 0, 0, 0, 0, 0, 0, 0, 0, NULL, NULL),
(35, 3, 55, 0, 0, 0, NULL, NULL, 0, 0, 0, 0, 0, 0, 0, 0, 0, 0, NULL, NULL),
(35, 3, 56, 0, 0, 0, NULL, NULL, 0, 0, 0, 0, 0, 0, 0, 0, 0, 0, NULL, NULL),
(35, 3, 57, 0, 0, 0, NULL, NULL, 0, 0, 0, 0, 0, 0, 0, 0, 0, 0, NULL, NULL),
(35, 3, 58, 0, 0, 0, NULL, NULL, 0, 0, 0, 0, 0, 0, 0, 0, 0, 0, NULL, NULL),
(35, 3, 59, 0, 0, 0, NULL, NULL, 0, 0, 0, 0, 0, 0, 0, 0, 0, 0, NULL, NULL),
(35, 3, 60, 0, 0, 0, NULL, NULL, 0, 0, 0, 0, 0, 0, 0, 0, 0, 0, NULL, NULL),
(35, 3, 61, 0, 0, 0, NULL, NULL, 0, 0, 0, 0, 0, 0, 0, 0, 0, 0, NULL, NULL),
(35, 3, 62, 0, 0, 0, NULL, NULL, 0, 0, 0, 0, 0, 0, 0, 0, 0, 0, NULL, NULL),
(35, 3, 63, 0, 0, 0, NULL, NULL, 0, 0, 0, 0, 0, 0, 0, 0, 0, 0, NULL, NULL),
(35, 3, 64, 0, 0, 0, NULL, NULL, 0, 0, 0, 0, 0, 0, 0, 0, 0, 0, NULL, NULL),
(35, 3, 65, 0, 0, 0, NULL, NULL, 0, 0, 0, 0, 0, 0, 0, 0, 0, 0, NULL, NULL),
(35, 3, 66, 0, 0, 0, NULL, NULL, 0, 0, 0, 0, 0, 0, 0, 0, 0, 0, NULL, NULL),
(35, 3, 67, 0, 0, 0, NULL, NULL, 0, 0, 0, 0, 0, 0, 0, 0, 0, 0, NULL, NULL),
(35, 3, 68, 0, 0, 0, NULL, NULL, 0, 0, 0, 0, 0, 0, 0, 0, 0, 0, NULL, NULL),
(35, 3, 69, 0, 0, 0, NULL, NULL, 0, 0, 0, 0, 0, 0, 0, 0, 0, 0, NULL, NULL),
(35, 3, 70, 0, 0, 0, NULL, NULL, 0, 0, 0, 0, 0, 0, 0, 0, 0, 0, NULL, NULL),
(35, 3, 71, 0, 0, 0, NULL, NULL, 0, 0, 0, 0, 0, 0, 0, 0, 0, 0, NULL, NULL),
(35, 3, 72, 0, 0, 0, NULL, NULL, 0, 0, 0, 0, 0, 0, 0, 0, 0, 0, NULL, NULL),
(35, 3, 73, 0, 0, 0, NULL, NULL, 0, 0, 0, 0, 0, 0, 0, 0, 0, 0, NULL, NULL),
(35, 9, 194, 0, 0, 0, NULL, NULL, 0, 0, 0, 0, 0, 0, 0, 0, 0, 0, NULL, NULL),
(35, 9, 195, 0, 0, 0, NULL, NULL, 0, 0, 0, 0, 0, 0, 0, 0, 0, 0, NULL, NULL),
(35, 9, 196, 0, 0, 0, NULL, NULL, 0, 0, 0, 0, 0, 0, 0, 0, 0, 0, NULL, NULL),
(35, 9, 197, 0, 0, 0, NULL, NULL, 0, 0, 0, 0, 0, 0, 0, 0, 0, 0, NULL, NULL),
(35, 9, 198, 0, 0, 0, NULL, NULL, 0, 0, 0, 0, 0, 0, 0, 0, 0, 0, NULL, NULL),
(35, 9, 199, 0, 0, 0, NULL, NULL, 0, 0, 0, 0, 0, 0, 0, 0, 0, 0, NULL, NULL),
(35, 9, 200, 0, 0, 0, NULL, NULL, 0, 0, 0, 0, 0, 0, 0, 0, 0, 0, NULL, NULL),
(35, 9, 201, 0, 0, 0, NULL, NULL, 0, 0, 0, 0, 0, 0, 0, 0, 0, 0, NULL, NULL),
(35, 9, 202, 0, 0, 0, NULL, NULL, 0, 0, 0, 0, 0, 0, 0, 0, 0, 0, NULL, NULL),
(35, 9, 203, 0, 0, 0, NULL, NULL, 0, 0, 0, 0, 0, 0, 0, 0, 0, 0, NULL, NULL),
(35, 9, 204, 0, 0, 0, NULL, NULL, 0, 0, 0, 0, 0, 0, 0, 0, 0, 0, NULL, NULL),
(35, 9, 205, 0, 0, 0, NULL, NULL, 0, 0, 0, 0, 0, 0, 0, 0, 0, 0, NULL, NULL),
(35, 9, 206, 0, 0, 0, NULL, NULL, 0, 0, 0, 0, 0, 0, 0, 0, 0, 0, NULL, NULL),
(35, 9, 207, 0, 0, 0, NULL, NULL, 0, 0, 0, 0, 0, 0, 0, 0, 0, 0, NULL, NULL),
(35, 9, 208, 0, 0, 0, NULL, NULL, 0, 0, 0, 0, 0, 0, 0, 0, 0, 0, NULL, NULL),
(35, 9, 209, 0, 0, 0, NULL, NULL, 0, 0, 0, 0, 0, 0, 0, 0, 0, 0, NULL, NULL),
(35, 9, 210, 0, 0, 0, NULL, NULL, 0, 0, 0, 0, 0, 0, 0, 0, 0, 0, NULL, NULL),
(35, 9, 211, 0, 0, 0, NULL, NULL, 0, 0, 0, 0, 0, 0, 0, 0, 0, 0, NULL, NULL),
(35, 9, 212, 0, 0, 0, NULL, NULL, 0, 0, 0, 0, 0, 0, 0, 0, 0, 0, NULL, NULL),
(35, 9, 213, 0, 0, 0, NULL, NULL, 0, 0, 0, 0, 0, 0, 0, 0, 0, 0, NULL, NULL),
(35, 9, 214, 0, 0, 0, NULL, NULL, 0, 0, 0, 0, 0, 0, 0, 0, 0, 0, NULL, NULL),
(35, 9, 215, 0, 0, 0, NULL, NULL, 0, 0, 0, 0, 0, 0, 0, 0, 0, 0, NULL, NULL),
(35, 9, 216, 0, 0, 0, NULL, NULL, 0, 0, 0, 0, 0, 0, 0, 0, 0, 0, NULL, NULL),
(36, 1, 1, 0, 0, 0, NULL, NULL, 0, 0, 0, 0, 0, 0, 0, 0, 0, 0, NULL, NULL),
(36, 1, 2, 0, 0, 0, NULL, NULL, 0, 0, 0, 0, 0, 0, 0, 0, 0, 0, NULL, NULL),
(36, 1, 3, 0, 0, 0, NULL, NULL, 0, 0, 0, 0, 0, 0, 0, 0, 0, 0, NULL, NULL),
(36, 1, 4, 0, 0, 0, NULL, NULL, 0, 0, 0, 0, 0, 0, 0, 0, 0, 0, NULL, NULL),
(36, 1, 5, 0, 0, 0, NULL, NULL, 0, 0, 0, 0, 0, 0, 0, 0, 0, 0, NULL, NULL),
(36, 1, 6, 0, 0, 0, NULL, NULL, 0, 0, 0, 0, 0, 0, 0, 0, 0, 0, NULL, NULL),
(36, 1, 7, 0, 0, 0, NULL, NULL, 0, 0, 0, 0, 0, 0, 0, 0, 0, 0, NULL, NULL),
(36, 1, 8, 0, 0, 0, NULL, NULL, 0, 0, 0, 0, 0, 0, 0, 0, 0, 0, NULL, NULL),
(36, 1, 9, 0, 0, 0, NULL, NULL, 0, 0, 0, 0, 0, 0, 0, 0, 0, 0, NULL, NULL),
(36, 1, 10, 0, 0, 0, NULL, NULL, 0, 0, 0, 0, 0, 0, 0, 0, 0, 0, NULL, NULL),
(36, 1, 11, 0, 0, 0, NULL, NULL, 0, 0, 0, 0, 0, 0, 0, 0, 0, 0, NULL, NULL),
(36, 1, 12, 0, 0, 0, NULL, NULL, 0, 0, 0, 0, 0, 0, 0, 0, 0, 0, NULL, NULL),
(36, 1, 13, 0, 0, 0, NULL, NULL, 0, 0, 0, 0, 0, 0, 0, 0, 0, 0, NULL, NULL),
(36, 1, 14, 0, 0, 0, NULL, NULL, 0, 0, 0, 0, 0, 0, 0, 0, 0, 0, NULL, NULL),
(36, 1, 15, 0, 0, 0, NULL, NULL, 0, 0, 0, 0, 0, 0, 0, 0, 0, 0, NULL, NULL),
(36, 1, 16, 0, 0, 0, NULL, NULL, 0, 0, 0, 0, 0, 0, 0, 0, 0, 0, NULL, NULL),
(36, 1, 17, 0, 0, 0, NULL, NULL, 0, 0, 0, 0, 0, 0, 0, 0, 0, 0, NULL, NULL),
(36, 1, 18, 0, 0, 0, NULL, NULL, 0, 0, 0, 0, 0, 0, 0, 0, 0, 0, NULL, NULL),
(36, 1, 19, 0, 0, 0, NULL, NULL, 0, 0, 0, 0, 0, 0, 0, 0, 0, 0, NULL, NULL),
(36, 1, 20, 0, 0, 0, NULL, NULL, 0, 0, 0, 0, 0, 0, 0, 0, 0, 0, NULL, NULL),
(36, 1, 21, 0, 0, 0, NULL, NULL, 0, 0, 0, 0, 0, 0, 0, 0, 0, 0, NULL, NULL),
(36, 1, 22, 0, 0, 0, NULL, NULL, 0, 0, 0, 0, 0, 0, 0, 0, 0, 0, NULL, NULL),
(36, 1, 23, 0, 0, 0, NULL, NULL, 0, 0, 0, 0, 0, 0, 0, 0, 0, 0, NULL, NULL),
(36, 7, 147, 0, 0, 0, NULL, NULL, 0, 0, 0, 0, 0, 0, 0, 0, 0, 0, NULL, NULL),
(36, 7, 148, 0, 0, 0, NULL, NULL, 0, 0, 0, 0, 0, 0, 0, 0, 0, 0, NULL, NULL),
(36, 7, 149, 0, 0, 0, NULL, NULL, 0, 0, 0, 0, 0, 0, 0, 0, 0, 0, NULL, NULL),
(36, 7, 150, 0, 0, 0, NULL, NULL, 0, 0, 0, 0, 0, 0, 0, 0, 0, 0, NULL, NULL),
(36, 7, 151, 0, 0, 0, NULL, NULL, 0, 0, 0, 0, 0, 0, 0, 0, 0, 0, NULL, NULL),
(36, 7, 152, 0, 0, 0, NULL, NULL, 0, 0, 0, 0, 0, 0, 0, 0, 0, 0, NULL, NULL),
(36, 7, 153, 0, 0, 0, NULL, NULL, 0, 0, 0, 0, 0, 0, 0, 0, 0, 0, NULL, NULL),
(36, 7, 154, 0, 0, 0, NULL, NULL, 0, 0, 0, 0, 0, 0, 0, 0, 0, 0, NULL, NULL),
(36, 7, 155, 0, 0, 0, NULL, NULL, 0, 0, 0, 0, 0, 0, 0, 0, 0, 0, NULL, NULL),
(36, 7, 156, 0, 0, 0, NULL, NULL, 0, 0, 0, 0, 0, 0, 0, 0, 0, 0, NULL, NULL),
(36, 7, 157, 0, 0, 0, NULL, NULL, 0, 0, 0, 0, 0, 0, 0, 0, 0, 0, NULL, NULL),
(36, 7, 158, 0, 0, 0, NULL, NULL, 0, 0, 0, 0, 0, 0, 0, 0, 0, 0, NULL, NULL),
(36, 7, 159, 0, 0, 0, NULL, NULL, 0, 0, 0, 0, 0, 0, 0, 0, 0, 0, NULL, NULL),
(36, 7, 160, 0, 0, 0, NULL, NULL, 0, 0, 0, 0, 0, 0, 0, 0, 0, 0, NULL, NULL),
(36, 7, 161, 0, 0, 0, NULL, NULL, 0, 0, 0, 0, 0, 0, 0, 0, 0, 0, NULL, NULL),
(36, 7, 162, 0, 0, 0, NULL, NULL, 0, 0, 0, 0, 0, 0, 0, 0, 0, 0, NULL, NULL),
(36, 7, 163, 0, 0, 0, NULL, NULL, 0, 0, 0, 0, 0, 0, 0, 0, 0, 0, NULL, NULL),
(36, 7, 164, 0, 0, 0, NULL, NULL, 0, 0, 0, 0, 0, 0, 0, 0, 0, 0, NULL, NULL),
(36, 7, 165, 0, 0, 0, NULL, NULL, 0, 0, 0, 0, 0, 0, 0, 0, 0, 0, NULL, NULL),
(36, 7, 166, 0, 0, 0, NULL, NULL, 0, 0, 0, 0, 0, 0, 0, 0, 0, 0, NULL, NULL),
(36, 7, 167, 0, 0, 0, NULL, NULL, 0, 0, 0, 0, 0, 0, 0, 0, 0, 0, NULL, NULL),
(36, 7, 168, 0, 0, 0, NULL, NULL, 0, 0, 0, 0, 0, 0, 0, 0, 0, 0, NULL, NULL),
(36, 7, 169, 0, 0, 0, NULL, NULL, 0, 0, 0, 0, 0, 0, 0, 0, 0, 0, NULL, NULL),
(37, 2, 24, 0, 0, 0, NULL, NULL, 0, 0, 0, 0, 0, 0, 0, 0, 0, 0, NULL, NULL),
(37, 2, 25, 0, 0, 0, NULL, NULL, 0, 0, 0, 0, 0, 0, 0, 0, 0, 0, NULL, NULL),
(37, 2, 26, 0, 0, 0, NULL, NULL, 0, 0, 0, 0, 0, 0, 0, 0, 0, 0, NULL, NULL),
(37, 2, 27, 0, 0, 0, NULL, NULL, 0, 0, 0, 0, 0, 0, 0, 0, 0, 0, NULL, NULL),
(37, 2, 28, 0, 0, 0, NULL, NULL, 0, 0, 0, 0, 0, 0, 0, 0, 0, 0, NULL, NULL),
(37, 2, 29, 0, 0, 0, NULL, NULL, 0, 0, 0, 0, 0, 0, 0, 0, 0, 0, NULL, NULL),
(37, 2, 30, 0, 0, 0, NULL, NULL, 0, 0, 0, 0, 0, 0, 0, 0, 0, 0, NULL, NULL),
(37, 2, 31, 0, 0, 0, NULL, NULL, 0, 0, 0, 0, 0, 0, 0, 0, 0, 0, NULL, NULL),
(37, 2, 32, 0, 0, 0, NULL, NULL, 0, 0, 0, 0, 0, 0, 0, 0, 0, 0, NULL, NULL),
(37, 2, 33, 0, 0, 0, NULL, NULL, 0, 0, 0, 0, 0, 0, 0, 0, 0, 0, NULL, NULL),
(37, 2, 34, 0, 0, 0, NULL, NULL, 0, 0, 0, 0, 0, 0, 0, 0, 0, 0, NULL, NULL),
(37, 2, 35, 0, 0, 0, NULL, NULL, 0, 0, 0, 0, 0, 0, 0, 0, 0, 0, NULL, NULL),
(37, 2, 36, 0, 0, 0, NULL, NULL, 0, 0, 0, 0, 0, 0, 0, 0, 0, 0, NULL, NULL),
(37, 2, 37, 0, 0, 0, NULL, NULL, 0, 0, 0, 0, 0, 0, 0, 0, 0, 0, NULL, NULL),
(37, 2, 38, 0, 0, 0, NULL, NULL, 0, 0, 0, 0, 0, 0, 0, 0, 0, 0, NULL, NULL),
(37, 2, 39, 0, 0, 0, NULL, NULL, 0, 0, 0, 0, 0, 0, 0, 0, 0, 0, NULL, NULL),
(37, 2, 40, 0, 0, 0, NULL, NULL, 0, 0, 0, 0, 0, 0, 0, 0, 0, 0, NULL, NULL),
(37, 2, 41, 0, 0, 0, NULL, NULL, 0, 0, 0, 0, 0, 0, 0, 0, 0, 0, NULL, NULL),
(37, 2, 42, 0, 0, 0, NULL, NULL, 0, 0, 0, 0, 0, 0, 0, 0, 0, 0, NULL, NULL),
(37, 2, 43, 0, 0, 0, NULL, NULL, 0, 0, 0, 0, 0, 0, 0, 0, 0, 0, NULL, NULL),
(37, 2, 44, 0, 0, 0, NULL, NULL, 0, 0, 0, 0, 0, 0, 0, 0, 0, 0, NULL, NULL),
(37, 2, 45, 0, 0, 0, NULL, NULL, 0, 0, 0, 0, 0, 0, 0, 0, 0, 0, NULL, NULL),
(37, 2, 46, 0, 0, 0, NULL, NULL, 0, 0, 0, 0, 0, 0, 0, 0, 0, 0, NULL, NULL),
(37, 2, 47, 0, 0, 0, NULL, NULL, 0, 0, 0, 0, 0, 0, 0, 0, 0, 0, NULL, NULL),
(37, 2, 48, 0, 0, 0, NULL, NULL, 0, 0, 0, 0, 0, 0, 0, 0, 0, 0, NULL, NULL),
(37, 10, 217, 0, 0, 0, NULL, NULL, 0, 0, 0, 0, 0, 0, 0, 0, 0, 0, NULL, NULL),
(37, 10, 218, 0, 0, 0, NULL, NULL, 0, 0, 0, 0, 0, 0, 0, 0, 0, 0, NULL, NULL),
(37, 10, 219, 0, 0, 0, NULL, NULL, 0, 0, 0, 0, 0, 0, 0, 0, 0, 0, NULL, NULL),
(37, 10, 220, 0, 0, 0, NULL, NULL, 0, 0, 0, 0, 0, 0, 0, 0, 0, 0, NULL, NULL),
(37, 10, 221, 0, 0, 0, NULL, NULL, 0, 0, 0, 0, 0, 0, 0, 0, 0, 0, NULL, NULL),
(37, 10, 222, 0, 0, 0, NULL, NULL, 0, 0, 0, 0, 0, 0, 0, 0, 0, 0, NULL, NULL),
(37, 10, 223, 0, 0, 0, NULL, NULL, 0, 0, 0, 0, 0, 0, 0, 0, 0, 0, NULL, NULL),
(37, 10, 224, 0, 0, 0, NULL, NULL, 0, 0, 0, 0, 0, 0, 0, 0, 0, 0, NULL, NULL),
(37, 10, 225, 0, 0, 0, NULL, NULL, 0, 0, 0, 0, 0, 0, 0, 0, 0, 0, NULL, NULL),
(37, 10, 226, 0, 0, 0, NULL, NULL, 0, 0, 0, 0, 0, 0, 0, 0, 0, 0, NULL, NULL),
(37, 10, 227, 0, 0, 0, NULL, NULL, 0, 0, 0, 0, 0, 0, 0, 0, 0, 0, NULL, NULL),
(37, 10, 228, 0, 0, 0, NULL, NULL, 0, 0, 0, 0, 0, 0, 0, 0, 0, 0, NULL, NULL),
(37, 10, 229, 0, 0, 0, NULL, NULL, 0, 0, 0, 0, 0, 0, 0, 0, 0, 0, NULL, NULL),
(37, 10, 230, 0, 0, 0, NULL, NULL, 0, 0, 0, 0, 0, 0, 0, 0, 0, 0, NULL, NULL),
(37, 10, 231, 0, 0, 0, NULL, NULL, 0, 0, 0, 0, 0, 0, 0, 0, 0, 0, NULL, NULL),
(37, 10, 232, 0, 0, 0, NULL, NULL, 0, 0, 0, 0, 0, 0, 0, 0, 0, 0, NULL, NULL),
(37, 10, 233, 0, 0, 0, NULL, NULL, 0, 0, 0, 0, 0, 0, 0, 0, 0, 0, NULL, NULL),
(37, 10, 234, 0, 0, 0, NULL, NULL, 0, 0, 0, 0, 0, 0, 0, 0, 0, 0, NULL, NULL),
(37, 10, 235, 0, 0, 0, NULL, NULL, 0, 0, 0, 0, 0, 0, 0, 0, 0, 0, NULL, NULL),
(37, 10, 236, 0, 0, 0, NULL, NULL, 0, 0, 0, 0, 0, 0, 0, 0, 0, 0, NULL, NULL),
(37, 10, 237, 0, 0, 0, NULL, NULL, 0, 0, 0, 0, 0, 0, 0, 0, 0, 0, NULL, NULL),
(38, 4, 74, 0, 0, 0, NULL, NULL, 0, 0, 0, 0, 0, 0, 0, 0, 0, 0, NULL, NULL),
(38, 4, 75, 0, 0, 0, NULL, NULL, 0, 0, 0, 0, 0, 0, 0, 0, 0, 0, NULL, NULL),
(38, 4, 76, 0, 0, 0, NULL, NULL, 0, 0, 0, 0, 0, 0, 0, 0, 0, 0, NULL, NULL),
(38, 4, 77, 0, 0, 0, NULL, NULL, 0, 0, 0, 0, 0, 0, 0, 0, 0, 0, NULL, NULL),
(38, 4, 78, 0, 0, 0, NULL, NULL, 0, 0, 0, 0, 0, 0, 0, 0, 0, 0, NULL, NULL),
(38, 4, 79, 0, 0, 0, NULL, NULL, 0, 0, 0, 0, 0, 0, 0, 0, 0, 0, NULL, NULL),
(38, 4, 80, 0, 0, 0, NULL, NULL, 0, 0, 0, 0, 0, 0, 0, 0, 0, 0, NULL, NULL),
(38, 4, 81, 0, 0, 0, NULL, NULL, 0, 0, 0, 0, 0, 0, 0, 0, 0, 0, NULL, NULL),
(38, 4, 82, 0, 0, 0, NULL, NULL, 0, 0, 0, 0, 0, 0, 0, 0, 0, 0, NULL, NULL),
(38, 4, 83, 0, 0, 0, NULL, NULL, 0, 0, 0, 0, 0, 0, 0, 0, 0, 0, NULL, NULL),
(38, 4, 84, 0, 0, 0, NULL, NULL, 0, 0, 0, 0, 0, 0, 0, 0, 0, 0, NULL, NULL),
(38, 4, 85, 0, 0, 0, NULL, NULL, 0, 0, 0, 0, 0, 0, 0, 0, 0, 0, NULL, NULL),
(38, 4, 86, 0, 0, 0, NULL, NULL, 0, 0, 0, 0, 0, 0, 0, 0, 0, 0, NULL, NULL),
(38, 4, 87, 0, 0, 0, NULL, NULL, 0, 0, 0, 0, 0, 0, 0, 0, 0, 0, NULL, NULL),
(38, 4, 88, 0, 0, 0, NULL, NULL, 0, 0, 0, 0, 0, 0, 0, 0, 0, 0, NULL, NULL),
(38, 4, 89, 0, 0, 0, NULL, NULL, 0, 0, 0, 0, 0, 0, 0, 0, 0, 0, NULL, NULL),
(38, 4, 90, 0, 0, 0, NULL, NULL, 0, 0, 0, 0, 0, 0, 0, 0, 0, 0, NULL, NULL),
(38, 4, 91, 0, 0, 0, NULL, NULL, 0, 0, 0, 0, 0, 0, 0, 0, 0, 0, NULL, NULL),
(38, 4, 92, 0, 0, 0, NULL, NULL, 0, 0, 0, 0, 0, 0, 0, 0, 0, 0, NULL, NULL),
(38, 4, 93, 0, 0, 0, NULL, NULL, 0, 0, 0, 0, 0, 0, 0, 0, 0, 0, NULL, NULL),
(38, 4, 94, 0, 0, 0, NULL, NULL, 0, 0, 0, 0, 0, 0, 0, 0, 0, 0, NULL, NULL),
(38, 4, 95, 0, 0, 0, NULL, NULL, 0, 0, 0, 0, 0, 0, 0, 0, 0, 0, NULL, NULL),
(38, 4, 96, 0, 0, 0, NULL, NULL, 0, 0, 0, 0, 0, 0, 0, 0, 0, 0, NULL, NULL),
(38, 4, 97, 0, 0, 0, NULL, NULL, 0, 0, 0, 0, 0, 0, 0, 0, 0, 0, NULL, NULL),
(38, 4, 98, 0, 0, 0, NULL, NULL, 0, 0, 0, 0, 0, 0, 0, 0, 0, 0, NULL, NULL),
(38, 6, 123, 0, 0, 0, NULL, NULL, 0, 0, 0, 0, 0, 0, 0, 0, 0, 0, NULL, NULL),
(38, 6, 124, 0, 0, 0, NULL, NULL, 0, 0, 0, 0, 0, 0, 0, 0, 0, 0, NULL, NULL),
(38, 6, 125, 0, 0, 0, NULL, 64, 0, 0, 0, 0, 0, 0, 0, 0, 0, 0, NULL, NULL),
(38, 6, 126, 0, 0, 0, NULL, NULL, 0, 0, 0, 0, 0, 0, 0, 0, 0, 0, NULL, NULL),
(38, 6, 127, 0, 0, 0, NULL, NULL, 0, 0, 0, 0, 0, 0, 0, 0, 0, 0, NULL, NULL),
(38, 6, 128, 0, 0, 0, NULL, NULL, 0, 0, 0, 0, 0, 0, 0, 0, 0, 0, NULL, NULL),
(38, 6, 129, 0, 0, 0, NULL, NULL, 0, 0, 0, 0, 0, 0, 0, 0, 0, 0, NULL, NULL),
(38, 6, 130, 0, 0, 0, NULL, NULL, 0, 0, 0, 0, 0, 0, 0, 0, 0, 0, NULL, NULL),
(38, 6, 131, 0, 0, 0, NULL, NULL, 0, 0, 0, 0, 0, 0, 0, 0, 0, 0, NULL, NULL),
(38, 6, 132, 0, 0, 0, NULL, NULL, 0, 0, 0, 0, 0, 0, 0, 0, 0, 0, NULL, NULL),
(38, 6, 133, 0, 0, 0, NULL, NULL, 0, 0, 0, 0, 0, 0, 0, 0, 0, 0, NULL, NULL),
(38, 6, 134, 0, 0, 0, NULL, NULL, 0, 0, 0, 0, 0, 0, 0, 0, 0, 0, NULL, NULL),
(38, 6, 135, 0, 0, 0, NULL, NULL, 0, 0, 0, 0, 0, 0, 0, 0, 0, 0, NULL, NULL),
(38, 6, 136, 0, 0, 0, NULL, NULL, 0, 0, 0, 0, 0, 0, 0, 0, 0, 0, NULL, NULL),
(38, 6, 137, 0, 0, 0, NULL, NULL, 0, 0, 0, 0, 0, 0, 0, 0, 0, 0, NULL, NULL),
(38, 6, 138, 0, 0, 0, NULL, NULL, 0, 0, 0, 0, 0, 0, 0, 0, 0, 0, NULL, NULL),
(38, 6, 139, 0, 0, 0, NULL, NULL, 0, 0, 0, 0, 0, 0, 0, 0, 0, 0, NULL, NULL),
(38, 6, 140, 0, 0, 0, NULL, NULL, 0, 0, 0, 0, 0, 0, 0, 0, 0, 0, NULL, NULL),
(38, 6, 141, 0, 0, 0, NULL, NULL, 0, 0, 0, 0, 0, 0, 0, 0, 0, 0, NULL, NULL),
(38, 6, 142, 0, 0, 0, NULL, NULL, 0, 0, 0, 0, 0, 0, 0, 0, 0, 0, NULL, NULL),
(38, 6, 143, 0, 0, 0, NULL, NULL, 0, 0, 0, 0, 0, 0, 0, 0, 0, 0, NULL, NULL),
(38, 6, 144, 0, 0, 0, NULL, NULL, 0, 0, 0, 0, 0, 0, 0, 0, 0, 0, NULL, NULL),
(38, 6, 145, 0, 0, 0, NULL, NULL, 0, 0, 0, 0, 0, 0, 0, 0, 0, 0, NULL, NULL),
(38, 6, 146, 0, 0, 0, NULL, NULL, 0, 0, 0, 0, 0, 0, 0, 0, 0, 0, NULL, NULL),
(39, 5, 99, 0, 0, 0, NULL, NULL, 0, 0, 0, 0, 0, 0, 0, 0, 0, 0, NULL, NULL),
(39, 5, 100, 0, 0, 0, NULL, NULL, 0, 0, 0, 0, 0, 0, 0, 0, 0, 0, NULL, NULL),
(39, 5, 101, 0, 0, 0, NULL, NULL, 0, 0, 0, 0, 0, 0, 0, 0, 0, 0, NULL, NULL),
(39, 5, 102, 0, 0, 0, NULL, NULL, 0, 0, 0, 0, 0, 0, 0, 0, 0, 0, NULL, NULL),
(39, 5, 103, 0, 0, 0, NULL, NULL, 0, 0, 0, 0, 0, 0, 0, 0, 0, 0, NULL, NULL),
(39, 5, 104, 0, 0, 0, NULL, NULL, 0, 0, 0, 0, 0, 0, 0, 0, 0, 0, NULL, NULL),
(39, 5, 105, 0, 0, 0, NULL, NULL, 0, 0, 0, 0, 0, 0, 0, 0, 0, 0, NULL, NULL),
(39, 5, 106, 0, 0, 0, NULL, NULL, 0, 0, 0, 0, 0, 0, 0, 0, 0, 0, NULL, NULL),
(39, 5, 107, 0, 0, 0, NULL, NULL, 0, 0, 0, 0, 0, 0, 0, 0, 0, 0, NULL, NULL),
(39, 5, 108, 0, 0, 0, NULL, NULL, 0, 0, 0, 0, 0, 0, 0, 0, 0, 0, NULL, NULL),
(39, 5, 109, 0, 0, 0, NULL, NULL, 0, 0, 0, 0, 0, 0, 0, 0, 0, 0, NULL, NULL),
(39, 5, 110, 0, 0, 0, NULL, NULL, 0, 0, 0, 0, 0, 0, 0, 0, 0, 0, NULL, NULL),
(39, 5, 111, 0, 0, 0, NULL, NULL, 0, 0, 0, 0, 0, 0, 0, 0, 0, 0, NULL, NULL),
(39, 5, 112, 0, 0, 0, NULL, NULL, 0, 0, 0, 0, 0, 0, 0, 0, 0, 0, NULL, NULL),
(39, 5, 113, 0, 0, 0, NULL, NULL, 0, 0, 0, 0, 0, 0, 0, 0, 0, 0, NULL, NULL),
(39, 5, 114, 0, 0, 0, NULL, NULL, 0, 0, 0, 0, 0, 0, 0, 0, 0, 0, NULL, NULL),
(39, 5, 115, 0, 0, 0, NULL, NULL, 0, 0, 0, 0, 0, 0, 0, 0, 0, 0, NULL, NULL),
(39, 5, 116, 0, 0, 0, NULL, NULL, 0, 0, 0, 0, 0, 0, 0, 0, 0, 0, NULL, NULL),
(39, 5, 117, 0, 0, 0, NULL, NULL, 0, 0, 0, 0, 0, 0, 0, 0, 0, 0, NULL, NULL),
(39, 5, 118, 0, 0, 0, NULL, NULL, 0, 0, 0, 0, 0, 0, 0, 0, 0, 0, NULL, NULL),
(39, 5, 119, 0, 0, 0, NULL, NULL, 0, 0, 0, 0, 0, 0, 0, 0, 0, 0, NULL, NULL),
(39, 5, 120, 0, 0, 0, NULL, NULL, 0, 0, 0, 0, 0, 0, 0, 0, 0, 0, NULL, NULL),
(39, 5, 121, 0, 0, 0, NULL, NULL, 0, 0, 0, 0, 0, 0, 0, 0, 0, 0, NULL, NULL),
(39, 5, 122, 0, 0, 0, NULL, NULL, 0, 0, 0, 0, 0, 0, 0, 0, 0, 0, NULL, NULL),
(39, 7, 147, 0, 0, 0, NULL, NULL, 0, 0, 0, 0, 0, 0, 0, 0, 0, 0, NULL, NULL),
(39, 7, 148, 0, 0, 0, NULL, NULL, 0, 0, 0, 0, 0, 0, 0, 0, 0, 0, NULL, NULL),
(39, 7, 149, 0, 0, 0, NULL, NULL, 0, 0, 0, 0, 0, 0, 0, 0, 0, 0, NULL, NULL),
(39, 7, 150, 0, 0, 0, NULL, NULL, 0, 0, 0, 0, 0, 0, 0, 0, 0, 0, NULL, NULL),
(39, 7, 151, 0, 0, 0, NULL, NULL, 0, 0, 0, 0, 0, 0, 0, 0, 0, 0, NULL, NULL),
(39, 7, 152, 0, 0, 0, NULL, NULL, 0, 0, 0, 0, 0, 0, 0, 0, 0, 0, NULL, NULL),
(39, 7, 153, 0, 0, 0, NULL, NULL, 0, 0, 0, 0, 0, 0, 0, 0, 0, 0, NULL, NULL),
(39, 7, 154, 0, 0, 0, NULL, NULL, 0, 0, 0, 0, 0, 0, 0, 0, 0, 0, NULL, NULL),
(39, 7, 155, 0, 0, 0, NULL, NULL, 0, 0, 0, 0, 0, 0, 0, 0, 0, 0, NULL, NULL),
(39, 7, 156, 0, 0, 0, NULL, NULL, 0, 0, 0, 0, 0, 0, 0, 0, 0, 0, NULL, NULL),
(39, 7, 157, 0, 0, 0, NULL, NULL, 0, 0, 0, 0, 0, 0, 0, 0, 0, 0, NULL, NULL),
(39, 7, 158, 0, 0, 0, NULL, NULL, 0, 0, 0, 0, 0, 0, 0, 0, 0, 0, NULL, NULL),
(39, 7, 159, 0, 0, 0, NULL, NULL, 0, 0, 0, 0, 0, 0, 0, 0, 0, 0, NULL, NULL),
(39, 7, 160, 0, 0, 0, NULL, NULL, 0, 0, 0, 0, 0, 0, 0, 0, 0, 0, NULL, NULL),
(39, 7, 161, 0, 0, 0, NULL, NULL, 0, 0, 0, 0, 0, 0, 0, 0, 0, 0, NULL, NULL),
(39, 7, 162, 0, 0, 0, NULL, NULL, 0, 0, 0, 0, 0, 0, 0, 0, 0, 0, NULL, NULL),
(39, 7, 163, 0, 0, 0, NULL, NULL, 0, 0, 0, 0, 0, 0, 0, 0, 0, 0, NULL, NULL),
(39, 7, 164, 0, 0, 0, NULL, NULL, 0, 0, 0, 0, 0, 0, 0, 0, 0, 0, NULL, NULL),
(39, 7, 165, 0, 0, 0, NULL, NULL, 0, 0, 0, 0, 0, 0, 0, 0, 0, 0, NULL, NULL),
(39, 7, 166, 0, 0, 0, NULL, NULL, 0, 0, 0, 0, 0, 0, 0, 0, 0, 0, NULL, NULL),
(39, 7, 167, 0, 0, 0, NULL, NULL, 0, 0, 0, 0, 0, 0, 0, 0, 0, 0, NULL, NULL),
(39, 7, 168, 0, 0, 0, NULL, NULL, 0, 0, 0, 0, 0, 0, 0, 0, 0, 0, NULL, NULL),
(39, 7, 169, 0, 0, 0, NULL, NULL, 0, 0, 0, 0, 0, 0, 0, 0, 0, 0, NULL, NULL),
(40, 1, 1, 0, 0, 0, NULL, NULL, 0, 0, 0, 0, 0, 0, 0, 0, 0, 0, NULL, NULL),
(40, 1, 2, 0, 0, 0, NULL, NULL, 0, 0, 0, 0, 0, 0, 0, 0, 0, 0, NULL, NULL),
(40, 1, 3, 0, 0, 0, NULL, NULL, 0, 0, 0, 0, 0, 0, 0, 0, 0, 0, NULL, NULL),
(40, 1, 4, 0, 0, 0, NULL, NULL, 0, 0, 0, 0, 0, 0, 0, 0, 0, 0, NULL, NULL),
(40, 1, 5, 0, 0, 0, NULL, NULL, 0, 0, 0, 0, 0, 0, 0, 0, 0, 0, NULL, NULL),
(40, 1, 6, 0, 0, 0, NULL, NULL, 0, 0, 0, 0, 0, 0, 0, 0, 0, 0, NULL, NULL),
(40, 1, 7, 0, 0, 0, NULL, NULL, 0, 0, 0, 0, 0, 0, 0, 0, 0, 0, NULL, NULL),
(40, 1, 8, 0, 0, 0, NULL, NULL, 0, 0, 0, 0, 0, 0, 0, 0, 0, 0, NULL, NULL),
(40, 1, 9, 0, 0, 0, NULL, NULL, 0, 0, 0, 0, 0, 0, 0, 0, 0, 0, NULL, NULL),
(40, 1, 10, 0, 0, 0, NULL, NULL, 0, 0, 0, 0, 0, 0, 0, 0, 0, 0, NULL, NULL),
(40, 1, 11, 0, 0, 0, NULL, NULL, 0, 0, 0, 0, 0, 0, 0, 0, 0, 0, NULL, NULL),
(40, 1, 12, 0, 0, 0, NULL, NULL, 0, 0, 0, 0, 0, 0, 0, 0, 0, 0, NULL, NULL),
(40, 1, 13, 0, 0, 0, NULL, NULL, 0, 0, 0, 0, 0, 0, 0, 0, 0, 0, NULL, NULL),
(40, 1, 14, 0, 0, 0, NULL, NULL, 0, 0, 0, 0, 0, 0, 0, 0, 0, 0, NULL, NULL),
(40, 1, 15, 0, 0, 0, NULL, NULL, 0, 0, 0, 0, 0, 0, 0, 0, 0, 0, NULL, NULL),
(40, 1, 16, 0, 0, 0, NULL, NULL, 0, 0, 0, 0, 0, 0, 0, 0, 0, 0, NULL, NULL),
(40, 1, 17, 0, 0, 0, NULL, NULL, 0, 0, 0, 0, 0, 0, 0, 0, 0, 0, NULL, NULL),
(40, 1, 18, 0, 0, 0, NULL, NULL, 0, 0, 0, 0, 0, 0, 0, 0, 0, 0, NULL, NULL),
(40, 1, 19, 0, 0, 0, NULL, NULL, 0, 0, 0, 0, 0, 0, 0, 0, 0, 0, NULL, NULL),
(40, 1, 20, 0, 0, 0, NULL, NULL, 0, 0, 0, 0, 0, 0, 0, 0, 0, 0, NULL, NULL),
(40, 1, 21, 0, 0, 0, NULL, NULL, 0, 0, 0, 0, 0, 0, 0, 0, 0, 0, NULL, NULL),
(40, 1, 22, 0, 0, 0, NULL, NULL, 0, 0, 0, 0, 0, 0, 0, 0, 0, 0, NULL, NULL),
(40, 1, 23, 0, 0, 0, NULL, NULL, 0, 0, 0, 0, 0, 0, 0, 0, 0, 0, NULL, NULL),
(40, 9, 194, 0, 0, 0, NULL, NULL, 0, 0, 0, 0, 0, 0, 0, 0, 0, 0, NULL, NULL),
(40, 9, 195, 0, 0, 0, NULL, NULL, 0, 0, 0, 0, 0, 0, 0, 0, 0, 0, NULL, NULL),
(40, 9, 196, 0, 0, 0, NULL, NULL, 0, 0, 0, 0, 0, 0, 0, 0, 0, 0, NULL, NULL),
(40, 9, 197, 0, 0, 0, NULL, NULL, 0, 0, 0, 0, 0, 0, 0, 0, 0, 0, NULL, NULL),
(40, 9, 198, 0, 0, 0, NULL, NULL, 0, 0, 0, 0, 0, 0, 0, 0, 0, 0, NULL, NULL),
(40, 9, 199, 0, 0, 0, NULL, NULL, 0, 0, 0, 0, 0, 0, 0, 0, 0, 0, NULL, NULL),
(40, 9, 200, 0, 0, 0, NULL, NULL, 0, 0, 0, 0, 0, 0, 0, 0, 0, 0, NULL, NULL),
(40, 9, 201, 0, 0, 0, NULL, NULL, 0, 0, 0, 0, 0, 0, 0, 0, 0, 0, NULL, NULL),
(40, 9, 202, 0, 0, 0, NULL, NULL, 0, 0, 0, 0, 0, 0, 0, 0, 0, 0, NULL, NULL),
(40, 9, 203, 0, 0, 0, NULL, NULL, 0, 0, 0, 0, 0, 0, 0, 0, 0, 0, NULL, NULL),
(40, 9, 204, 0, 0, 0, NULL, NULL, 0, 0, 0, 0, 0, 0, 0, 0, 0, 0, NULL, NULL),
(40, 9, 205, 0, 0, 0, NULL, NULL, 0, 0, 0, 0, 0, 0, 0, 0, 0, 0, NULL, NULL),
(40, 9, 206, 0, 0, 0, NULL, NULL, 0, 0, 0, 0, 0, 0, 0, 0, 0, 0, NULL, NULL),
(40, 9, 207, 0, 0, 0, NULL, NULL, 0, 0, 0, 0, 0, 0, 0, 0, 0, 0, NULL, NULL),
(40, 9, 208, 0, 0, 0, NULL, NULL, 0, 0, 0, 0, 0, 0, 0, 0, 0, 0, NULL, NULL),
(40, 9, 209, 0, 0, 0, NULL, NULL, 0, 0, 0, 0, 0, 0, 0, 0, 0, 0, NULL, NULL),
(40, 9, 210, 0, 0, 0, NULL, NULL, 0, 0, 0, 0, 0, 0, 0, 0, 0, 0, NULL, NULL),
(40, 9, 211, 0, 0, 0, NULL, NULL, 0, 0, 0, 0, 0, 0, 0, 0, 0, 0, NULL, NULL),
(40, 9, 212, 0, 0, 0, NULL, NULL, 0, 0, 0, 0, 0, 0, 0, 0, 0, 0, NULL, NULL),
(40, 9, 213, 0, 0, 0, NULL, NULL, 0, 0, 0, 0, 0, 0, 0, 0, 0, 0, NULL, NULL),
(40, 9, 214, 0, 0, 0, NULL, NULL, 0, 0, 0, 0, 0, 0, 0, 0, 0, 0, NULL, NULL),
(40, 9, 215, 0, 0, 0, NULL, NULL, 0, 0, 0, 0, 0, 0, 0, 0, 0, 0, NULL, NULL),
(40, 9, 216, 0, 0, 0, NULL, NULL, 0, 0, 0, 0, 0, 0, 0, 0, 0, 0, NULL, NULL),
(41, 3, 49, 0, 0, 0, NULL, NULL, 0, 0, 0, 0, 0, 0, 0, 0, 0, 0, NULL, NULL),
(41, 3, 50, 0, 0, 0, NULL, NULL, 0, 0, 0, 0, 0, 0, 0, 0, 0, 0, NULL, NULL),
(41, 3, 51, 0, 0, 0, NULL, NULL, 0, 0, 0, 0, 0, 0, 0, 0, 0, 0, NULL, NULL),
(41, 3, 52, 0, 0, 0, NULL, NULL, 0, 0, 0, 0, 0, 0, 0, 0, 0, 0, NULL, NULL),
(41, 3, 53, 0, 0, 0, NULL, NULL, 0, 0, 0, 0, 0, 0, 0, 0, 0, 0, NULL, NULL),
(41, 3, 54, 0, 0, 0, NULL, NULL, 0, 0, 0, 0, 0, 0, 0, 0, 0, 0, NULL, NULL),
(41, 3, 55, 0, 0, 0, NULL, NULL, 0, 0, 0, 0, 0, 0, 0, 0, 0, 0, NULL, NULL),
(41, 3, 56, 0, 0, 0, NULL, NULL, 0, 0, 0, 0, 0, 0, 0, 0, 0, 0, NULL, NULL),
(41, 3, 57, 0, 0, 0, NULL, NULL, 0, 0, 0, 0, 0, 0, 0, 0, 0, 0, NULL, NULL),
(41, 3, 58, 0, 0, 0, NULL, NULL, 0, 0, 0, 0, 0, 0, 0, 0, 0, 0, NULL, NULL),
(41, 3, 59, 0, 0, 0, NULL, NULL, 0, 0, 0, 0, 0, 0, 0, 0, 0, 0, NULL, NULL),
(41, 3, 60, 0, 0, 0, NULL, NULL, 0, 0, 0, 0, 0, 0, 0, 0, 0, 0, NULL, NULL),
(41, 3, 61, 0, 0, 0, NULL, NULL, 0, 0, 0, 0, 0, 0, 0, 0, 0, 0, NULL, NULL),
(41, 3, 62, 0, 0, 0, NULL, NULL, 0, 0, 0, 0, 0, 0, 0, 0, 0, 0, NULL, NULL),
(41, 3, 63, 0, 0, 0, NULL, NULL, 0, 0, 0, 0, 0, 0, 0, 0, 0, 0, NULL, NULL),
(41, 3, 64, 0, 0, 0, NULL, NULL, 0, 0, 0, 0, 0, 0, 0, 0, 0, 0, NULL, NULL),
(41, 3, 65, 0, 0, 0, NULL, NULL, 0, 0, 0, 0, 0, 0, 0, 0, 0, 0, NULL, NULL),
(41, 3, 66, 0, 0, 0, NULL, NULL, 0, 0, 0, 0, 0, 0, 0, 0, 0, 0, NULL, NULL),
(41, 3, 67, 0, 0, 0, NULL, NULL, 0, 0, 0, 0, 0, 0, 0, 0, 0, 0, NULL, NULL),
(41, 3, 68, 0, 0, 0, NULL, NULL, 0, 0, 0, 0, 0, 0, 0, 0, 0, 0, NULL, NULL),
(41, 3, 69, 0, 0, 0, NULL, NULL, 0, 0, 0, 0, 0, 0, 0, 0, 0, 0, NULL, NULL),
(41, 3, 70, 0, 0, 0, NULL, NULL, 0, 0, 0, 0, 0, 0, 0, 0, 0, 0, NULL, NULL),
(41, 3, 71, 0, 0, 0, NULL, NULL, 0, 0, 0, 0, 0, 0, 0, 0, 0, 0, NULL, NULL),
(41, 3, 72, 0, 0, 0, NULL, NULL, 0, 0, 0, 0, 0, 0, 0, 0, 0, 0, NULL, NULL),
(41, 3, 73, 0, 0, 0, NULL, NULL, 0, 0, 0, 0, 0, 0, 0, 0, 0, 0, NULL, NULL),
(41, 8, 170, 0, 0, 0, NULL, NULL, 0, 0, 0, 0, 0, 0, 0, 0, 0, 0, NULL, NULL),
(41, 8, 171, 0, 0, 0, NULL, NULL, 0, 0, 0, 0, 0, 0, 0, 0, 0, 0, NULL, NULL),
(41, 8, 172, 0, 0, 0, NULL, NULL, 0, 0, 0, 0, 0, 0, 0, 0, 0, 0, NULL, NULL),
(41, 8, 173, 0, 0, 0, NULL, NULL, 0, 0, 0, 0, 0, 0, 0, 0, 0, 0, NULL, NULL),
(41, 8, 174, 0, 0, 0, NULL, NULL, 0, 0, 0, 0, 0, 0, 0, 0, 0, 0, NULL, NULL),
(41, 8, 175, 0, 0, 0, NULL, NULL, 0, 0, 0, 0, 0, 0, 0, 0, 0, 0, NULL, NULL),
(41, 8, 176, 0, 0, 0, NULL, NULL, 0, 0, 0, 0, 0, 0, 0, 0, 0, 0, NULL, NULL),
(41, 8, 177, 0, 0, 0, NULL, NULL, 0, 0, 0, 0, 0, 0, 0, 0, 0, 0, NULL, NULL),
(41, 8, 178, 0, 0, 0, NULL, NULL, 0, 0, 0, 0, 0, 0, 0, 0, 0, 0, NULL, NULL),
(41, 8, 179, 0, 0, 0, NULL, NULL, 0, 0, 0, 0, 0, 0, 0, 0, 0, 0, NULL, NULL),
(41, 8, 180, 0, 0, 0, NULL, NULL, 0, 0, 0, 0, 0, 0, 0, 0, 0, 0, NULL, NULL),
(41, 8, 181, 0, 0, 0, NULL, NULL, 0, 0, 0, 0, 0, 0, 0, 0, 0, 0, NULL, NULL),
(41, 8, 182, 0, 0, 0, NULL, NULL, 0, 0, 0, 0, 0, 0, 0, 0, 0, 0, NULL, NULL),
(41, 8, 183, 0, 0, 0, NULL, NULL, 0, 0, 0, 0, 0, 0, 0, 0, 0, 0, NULL, NULL),
(41, 8, 184, 0, 0, 0, NULL, NULL, 0, 0, 0, 0, 0, 0, 0, 0, 0, 0, NULL, NULL),
(41, 8, 185, 0, 0, 0, NULL, NULL, 0, 0, 0, 0, 0, 0, 0, 0, 0, 0, NULL, NULL),
(41, 8, 186, 0, 0, 0, NULL, NULL, 0, 0, 0, 0, 0, 0, 0, 0, 0, 0, NULL, NULL),
(41, 8, 187, 0, 0, 0, NULL, NULL, 0, 0, 0, 0, 0, 0, 0, 0, 0, 0, NULL, NULL),
(41, 8, 188, 0, 0, 0, NULL, NULL, 0, 0, 0, 0, 0, 0, 0, 0, 0, 0, NULL, NULL),
(41, 8, 189, 0, 0, 0, NULL, NULL, 0, 0, 0, 0, 0, 0, 0, 0, 0, 0, NULL, NULL),
(41, 8, 190, 0, 0, 0, NULL, NULL, 0, 0, 0, 0, 0, 0, 0, 0, 0, 0, NULL, NULL),
(41, 8, 191, 0, 0, 0, NULL, NULL, 0, 0, 0, 0, 0, 0, 0, 0, 0, 0, NULL, NULL),
(41, 8, 192, 0, 0, 0, NULL, NULL, 0, 0, 0, 0, 0, 0, 0, 0, 0, 0, NULL, NULL),
(41, 8, 193, 0, 0, 0, NULL, NULL, 0, 0, 0, 0, 0, 0, 0, 0, 0, 0, NULL, NULL),
(42, 4, 74, 0, 0, 0, NULL, NULL, 0, 0, 0, 0, 0, 0, 0, 0, 0, 0, NULL, NULL),
(42, 4, 75, 0, 0, 0, NULL, NULL, 0, 0, 0, 0, 0, 0, 0, 0, 0, 0, NULL, NULL),
(42, 4, 76, 0, 0, 0, NULL, NULL, 0, 0, 0, 0, 0, 0, 0, 0, 0, 0, NULL, NULL),
(42, 4, 77, 0, 0, 0, NULL, NULL, 0, 0, 0, 0, 0, 0, 0, 0, 0, 0, NULL, NULL),
(42, 4, 78, 0, 0, 0, NULL, NULL, 0, 0, 0, 0, 0, 0, 0, 0, 0, 0, NULL, NULL),
(42, 4, 79, 0, 0, 0, NULL, NULL, 0, 0, 0, 0, 0, 0, 0, 0, 0, 0, NULL, NULL),
(42, 4, 80, 0, 0, 0, NULL, NULL, 0, 0, 0, 0, 0, 0, 0, 0, 0, 0, NULL, NULL),
(42, 4, 81, 0, 0, 0, NULL, NULL, 0, 0, 0, 0, 0, 0, 0, 0, 0, 0, NULL, NULL),
(42, 4, 82, 0, 0, 0, NULL, NULL, 0, 0, 0, 0, 0, 0, 0, 0, 0, 0, NULL, NULL),
(42, 4, 83, 0, 0, 0, NULL, NULL, 0, 0, 0, 0, 0, 0, 0, 0, 0, 0, NULL, NULL),
(42, 4, 84, 0, 0, 0, NULL, NULL, 0, 0, 0, 0, 0, 0, 0, 0, 0, 0, NULL, NULL),
(42, 4, 85, 0, 0, 0, NULL, NULL, 0, 0, 0, 0, 0, 0, 0, 0, 0, 0, NULL, NULL),
(42, 4, 86, 0, 0, 0, NULL, NULL, 0, 0, 0, 0, 0, 0, 0, 0, 0, 0, NULL, NULL),
(42, 4, 87, 0, 0, 0, NULL, NULL, 0, 0, 0, 0, 0, 0, 0, 0, 0, 0, NULL, NULL),
(42, 4, 88, 0, 0, 0, NULL, NULL, 0, 0, 0, 0, 0, 0, 0, 0, 0, 0, NULL, NULL),
(42, 4, 89, 0, 0, 0, NULL, NULL, 0, 0, 0, 0, 0, 0, 0, 0, 0, 0, NULL, NULL),
(42, 4, 90, 0, 0, 0, NULL, NULL, 0, 0, 0, 0, 0, 0, 0, 0, 0, 0, NULL, NULL),
(42, 4, 91, 0, 0, 0, NULL, NULL, 0, 0, 0, 0, 0, 0, 0, 0, 0, 0, NULL, NULL),
(42, 4, 92, 0, 0, 0, NULL, NULL, 0, 0, 0, 0, 0, 0, 0, 0, 0, 0, NULL, NULL),
(42, 4, 93, 0, 0, 0, NULL, NULL, 0, 0, 0, 0, 0, 0, 0, 0, 0, 0, NULL, NULL),
(42, 4, 94, 0, 0, 0, NULL, NULL, 0, 0, 0, 0, 0, 0, 0, 0, 0, 0, NULL, NULL),
(42, 4, 95, 0, 0, 0, NULL, NULL, 0, 0, 0, 0, 0, 0, 0, 0, 0, 0, NULL, NULL),
(42, 4, 96, 0, 0, 0, NULL, NULL, 0, 0, 0, 0, 0, 0, 0, 0, 0, 0, NULL, NULL),
(42, 4, 97, 0, 0, 0, NULL, NULL, 0, 0, 0, 0, 0, 0, 0, 0, 0, 0, NULL, NULL),
(42, 4, 98, 0, 0, 0, NULL, NULL, 0, 0, 0, 0, 0, 0, 0, 0, 0, 0, NULL, NULL),
(42, 10, 217, 0, 0, 0, NULL, NULL, 0, 0, 0, 0, 0, 0, 0, 0, 0, 0, NULL, NULL),
(42, 10, 218, 0, 0, 0, NULL, NULL, 0, 0, 0, 0, 0, 0, 0, 0, 0, 0, NULL, NULL),
(42, 10, 219, 0, 0, 0, NULL, NULL, 0, 0, 0, 0, 0, 0, 0, 0, 0, 0, NULL, NULL),
(42, 10, 220, 0, 0, 0, NULL, NULL, 0, 0, 0, 0, 0, 0, 0, 0, 0, 0, NULL, NULL),
(42, 10, 221, 0, 0, 0, NULL, NULL, 0, 0, 0, 0, 0, 0, 0, 0, 0, 0, NULL, NULL),
(42, 10, 222, 0, 0, 0, NULL, NULL, 0, 0, 0, 0, 0, 0, 0, 0, 0, 0, NULL, NULL),
(42, 10, 223, 0, 0, 0, NULL, NULL, 0, 0, 0, 0, 0, 0, 0, 0, 0, 0, NULL, NULL),
(42, 10, 224, 0, 0, 0, NULL, NULL, 0, 0, 0, 0, 0, 0, 0, 0, 0, 0, NULL, NULL),
(42, 10, 225, 0, 0, 0, NULL, NULL, 0, 0, 0, 0, 0, 0, 0, 0, 0, 0, NULL, NULL),
(42, 10, 226, 0, 0, 0, NULL, NULL, 0, 0, 0, 0, 0, 0, 0, 0, 0, 0, NULL, NULL),
(42, 10, 227, 0, 0, 0, NULL, NULL, 0, 0, 0, 0, 0, 0, 0, 0, 0, 0, NULL, NULL),
(42, 10, 228, 0, 0, 0, NULL, NULL, 0, 0, 0, 0, 0, 0, 0, 0, 0, 0, NULL, NULL),
(42, 10, 229, 0, 0, 0, NULL, NULL, 0, 0, 0, 0, 0, 0, 0, 0, 0, 0, NULL, NULL),
(42, 10, 230, 0, 0, 0, NULL, NULL, 0, 0, 0, 0, 0, 0, 0, 0, 0, 0, NULL, NULL),
(42, 10, 231, 0, 0, 0, NULL, NULL, 0, 0, 0, 0, 0, 0, 0, 0, 0, 0, NULL, NULL),
(42, 10, 232, 0, 0, 0, NULL, NULL, 0, 0, 0, 0, 0, 0, 0, 0, 0, 0, NULL, NULL),
(42, 10, 233, 0, 0, 0, NULL, NULL, 0, 0, 0, 0, 0, 0, 0, 0, 0, 0, NULL, NULL),
(42, 10, 234, 0, 0, 0, NULL, NULL, 0, 0, 0, 0, 0, 0, 0, 0, 0, 0, NULL, NULL),
(42, 10, 235, 0, 0, 0, NULL, NULL, 0, 0, 0, 0, 0, 0, 0, 0, 0, 0, NULL, NULL),
(42, 10, 236, 0, 0, 0, NULL, NULL, 0, 0, 0, 0, 0, 0, 0, 0, 0, 0, NULL, NULL),
(42, 10, 237, 0, 0, 0, NULL, NULL, 0, 0, 0, 0, 0, 0, 0, 0, 0, 0, NULL, NULL),
(43, 7, 147, 0, 0, 0, NULL, NULL, 0, 0, 0, 0, 0, 0, 0, 0, 0, 0, NULL, NULL),
(43, 7, 148, 0, 0, 0, NULL, NULL, 0, 0, 0, 0, 0, 0, 0, 0, 0, 0, NULL, NULL),
(43, 7, 149, 0, 0, 0, NULL, NULL, 0, 0, 0, 0, 0, 0, 0, 0, 0, 0, NULL, NULL),
(43, 7, 150, 0, 0, 0, NULL, NULL, 0, 0, 0, 0, 0, 0, 0, 0, 0, 0, NULL, NULL),
(43, 7, 151, 0, 0, 0, NULL, NULL, 0, 0, 0, 0, 0, 0, 0, 0, 0, 0, NULL, NULL),
(43, 7, 152, 0, 0, 0, NULL, NULL, 0, 0, 0, 0, 0, 0, 0, 0, 0, 0, NULL, NULL),
(43, 7, 153, 0, 0, 0, NULL, NULL, 0, 0, 0, 0, 0, 0, 0, 0, 0, 0, NULL, NULL),
(43, 7, 154, 0, 0, 0, NULL, NULL, 0, 0, 0, 0, 0, 0, 0, 0, 0, 0, NULL, NULL),
(43, 7, 155, 0, 0, 0, NULL, NULL, 0, 0, 0, 0, 0, 0, 0, 0, 0, 0, NULL, NULL);
INSERT INTO `match_players` (`matchId`, `competitorId`, `playerId`, `isSelected`, `isCaptain`, `isWicketKeeper`, `order`, `points`, `runsPoints`, `foursPoints`, `sixesPoints`, `numberRunsPoints`, `numberWicketPoints`, `wicketPoints`, `maidenOverPoints`, `lbwOrBowledPoints`, `catchesPoints`, `runOutPoints`, `economyPoints`, `strikeRatePoints`) VALUES
(43, 7, 156, 0, 0, 0, NULL, NULL, 0, 0, 0, 0, 0, 0, 0, 0, 0, 0, NULL, NULL),
(43, 7, 157, 0, 0, 0, NULL, NULL, 0, 0, 0, 0, 0, 0, 0, 0, 0, 0, NULL, NULL),
(43, 7, 158, 0, 0, 0, NULL, NULL, 0, 0, 0, 0, 0, 0, 0, 0, 0, 0, NULL, NULL),
(43, 7, 159, 0, 0, 0, NULL, NULL, 0, 0, 0, 0, 0, 0, 0, 0, 0, 0, NULL, NULL),
(43, 7, 160, 0, 0, 0, NULL, NULL, 0, 0, 0, 0, 0, 0, 0, 0, 0, 0, NULL, NULL),
(43, 7, 161, 0, 0, 0, NULL, NULL, 0, 0, 0, 0, 0, 0, 0, 0, 0, 0, NULL, NULL),
(43, 7, 162, 0, 0, 0, NULL, NULL, 0, 0, 0, 0, 0, 0, 0, 0, 0, 0, NULL, NULL),
(43, 7, 163, 0, 0, 0, NULL, NULL, 0, 0, 0, 0, 0, 0, 0, 0, 0, 0, NULL, NULL),
(43, 7, 164, 0, 0, 0, NULL, NULL, 0, 0, 0, 0, 0, 0, 0, 0, 0, 0, NULL, NULL),
(43, 7, 165, 0, 0, 0, NULL, NULL, 0, 0, 0, 0, 0, 0, 0, 0, 0, 0, NULL, NULL),
(43, 7, 166, 0, 0, 0, NULL, NULL, 0, 0, 0, 0, 0, 0, 0, 0, 0, 0, NULL, NULL),
(43, 7, 167, 0, 0, 0, NULL, NULL, 0, 0, 0, 0, 0, 0, 0, 0, 0, 0, NULL, NULL),
(43, 7, 168, 0, 0, 0, NULL, NULL, 0, 0, 0, 0, 0, 0, 0, 0, 0, 0, NULL, NULL),
(43, 7, 169, 0, 0, 0, NULL, NULL, 0, 0, 0, 0, 0, 0, 0, 0, 0, 0, NULL, NULL),
(43, 9, 194, 0, 0, 0, NULL, NULL, 0, 0, 0, 0, 0, 0, 0, 0, 0, 0, NULL, NULL),
(43, 9, 195, 0, 0, 0, NULL, NULL, 0, 0, 0, 0, 0, 0, 0, 0, 0, 0, NULL, NULL),
(43, 9, 196, 0, 0, 0, NULL, NULL, 0, 0, 0, 0, 0, 0, 0, 0, 0, 0, NULL, NULL),
(43, 9, 197, 0, 0, 0, NULL, NULL, 0, 0, 0, 0, 0, 0, 0, 0, 0, 0, NULL, NULL),
(43, 9, 198, 0, 0, 0, NULL, NULL, 0, 0, 0, 0, 0, 0, 0, 0, 0, 0, NULL, NULL),
(43, 9, 199, 0, 0, 0, NULL, NULL, 0, 0, 0, 0, 0, 0, 0, 0, 0, 0, NULL, NULL),
(43, 9, 200, 0, 0, 0, NULL, NULL, 0, 0, 0, 0, 0, 0, 0, 0, 0, 0, NULL, NULL),
(43, 9, 201, 0, 0, 0, NULL, NULL, 0, 0, 0, 0, 0, 0, 0, 0, 0, 0, NULL, NULL),
(43, 9, 202, 0, 0, 0, NULL, NULL, 0, 0, 0, 0, 0, 0, 0, 0, 0, 0, NULL, NULL),
(43, 9, 203, 0, 0, 0, NULL, NULL, 0, 0, 0, 0, 0, 0, 0, 0, 0, 0, NULL, NULL),
(43, 9, 204, 0, 0, 0, NULL, NULL, 0, 0, 0, 0, 0, 0, 0, 0, 0, 0, NULL, NULL),
(43, 9, 205, 0, 0, 0, NULL, NULL, 0, 0, 0, 0, 0, 0, 0, 0, 0, 0, NULL, NULL),
(43, 9, 206, 0, 0, 0, NULL, NULL, 0, 0, 0, 0, 0, 0, 0, 0, 0, 0, NULL, NULL),
(43, 9, 207, 0, 0, 0, NULL, NULL, 0, 0, 0, 0, 0, 0, 0, 0, 0, 0, NULL, NULL),
(43, 9, 208, 0, 0, 0, NULL, NULL, 0, 0, 0, 0, 0, 0, 0, 0, 0, 0, NULL, NULL),
(43, 9, 209, 0, 0, 0, NULL, NULL, 0, 0, 0, 0, 0, 0, 0, 0, 0, 0, NULL, NULL),
(43, 9, 210, 0, 0, 0, NULL, NULL, 0, 0, 0, 0, 0, 0, 0, 0, 0, 0, NULL, NULL),
(43, 9, 211, 0, 0, 0, NULL, NULL, 0, 0, 0, 0, 0, 0, 0, 0, 0, 0, NULL, NULL),
(43, 9, 212, 0, 0, 0, NULL, NULL, 0, 0, 0, 0, 0, 0, 0, 0, 0, 0, NULL, NULL),
(43, 9, 213, 0, 0, 0, NULL, NULL, 0, 0, 0, 0, 0, 0, 0, 0, 0, 0, NULL, NULL),
(43, 9, 214, 0, 0, 0, NULL, NULL, 0, 0, 0, 0, 0, 0, 0, 0, 0, 0, NULL, NULL),
(43, 9, 215, 0, 0, 0, NULL, NULL, 0, 0, 0, 0, 0, 0, 0, 0, 0, 0, NULL, NULL),
(43, 9, 216, 0, 0, 0, NULL, NULL, 0, 0, 0, 0, 0, 0, 0, 0, 0, 0, NULL, NULL),
(44, 2, 24, 0, 0, 0, NULL, NULL, 0, 0, 0, 0, 0, 0, 0, 0, 0, 0, NULL, NULL),
(44, 2, 25, 0, 0, 0, NULL, NULL, 0, 0, 0, 0, 0, 0, 0, 0, 0, 0, NULL, NULL),
(44, 2, 26, 0, 0, 0, NULL, NULL, 0, 0, 0, 0, 0, 0, 0, 0, 0, 0, NULL, NULL),
(44, 2, 27, 0, 0, 0, NULL, NULL, 0, 0, 0, 0, 0, 0, 0, 0, 0, 0, NULL, NULL),
(44, 2, 28, 0, 0, 0, NULL, NULL, 0, 0, 0, 0, 0, 0, 0, 0, 0, 0, NULL, NULL),
(44, 2, 29, 0, 0, 0, NULL, NULL, 0, 0, 0, 0, 0, 0, 0, 0, 0, 0, NULL, NULL),
(44, 2, 30, 0, 0, 0, NULL, NULL, 0, 0, 0, 0, 0, 0, 0, 0, 0, 0, NULL, NULL),
(44, 2, 31, 0, 0, 0, NULL, NULL, 0, 0, 0, 0, 0, 0, 0, 0, 0, 0, NULL, NULL),
(44, 2, 32, 0, 0, 0, NULL, NULL, 0, 0, 0, 0, 0, 0, 0, 0, 0, 0, NULL, NULL),
(44, 2, 33, 0, 0, 0, NULL, NULL, 0, 0, 0, 0, 0, 0, 0, 0, 0, 0, NULL, NULL),
(44, 2, 34, 0, 0, 0, NULL, NULL, 0, 0, 0, 0, 0, 0, 0, 0, 0, 0, NULL, NULL),
(44, 2, 35, 0, 0, 0, NULL, NULL, 0, 0, 0, 0, 0, 0, 0, 0, 0, 0, NULL, NULL),
(44, 2, 36, 0, 0, 0, NULL, NULL, 0, 0, 0, 0, 0, 0, 0, 0, 0, 0, NULL, NULL),
(44, 2, 37, 0, 0, 0, NULL, NULL, 0, 0, 0, 0, 0, 0, 0, 0, 0, 0, NULL, NULL),
(44, 2, 38, 0, 0, 0, NULL, NULL, 0, 0, 0, 0, 0, 0, 0, 0, 0, 0, NULL, NULL),
(44, 2, 39, 0, 0, 0, NULL, NULL, 0, 0, 0, 0, 0, 0, 0, 0, 0, 0, NULL, NULL),
(44, 2, 40, 0, 0, 0, NULL, NULL, 0, 0, 0, 0, 0, 0, 0, 0, 0, 0, NULL, NULL),
(44, 2, 41, 0, 0, 0, NULL, NULL, 0, 0, 0, 0, 0, 0, 0, 0, 0, 0, NULL, NULL),
(44, 2, 42, 0, 0, 0, NULL, NULL, 0, 0, 0, 0, 0, 0, 0, 0, 0, 0, NULL, NULL),
(44, 2, 43, 0, 0, 0, NULL, NULL, 0, 0, 0, 0, 0, 0, 0, 0, 0, 0, NULL, NULL),
(44, 2, 44, 0, 0, 0, NULL, NULL, 0, 0, 0, 0, 0, 0, 0, 0, 0, 0, NULL, NULL),
(44, 2, 45, 0, 0, 0, NULL, NULL, 0, 0, 0, 0, 0, 0, 0, 0, 0, 0, NULL, NULL),
(44, 2, 46, 0, 0, 0, NULL, NULL, 0, 0, 0, 0, 0, 0, 0, 0, 0, 0, NULL, NULL),
(44, 2, 47, 0, 0, 0, NULL, NULL, 0, 0, 0, 0, 0, 0, 0, 0, 0, 0, NULL, NULL),
(44, 2, 48, 0, 0, 0, NULL, NULL, 0, 0, 0, 0, 0, 0, 0, 0, 0, 0, NULL, NULL),
(44, 5, 99, 0, 0, 0, NULL, NULL, 0, 0, 0, 0, 0, 0, 0, 0, 0, 0, NULL, NULL),
(44, 5, 100, 0, 0, 0, NULL, NULL, 0, 0, 0, 0, 0, 0, 0, 0, 0, 0, NULL, NULL),
(44, 5, 101, 0, 0, 0, NULL, NULL, 0, 0, 0, 0, 0, 0, 0, 0, 0, 0, NULL, NULL),
(44, 5, 102, 0, 0, 0, NULL, NULL, 0, 0, 0, 0, 0, 0, 0, 0, 0, 0, NULL, NULL),
(44, 5, 103, 0, 0, 0, NULL, NULL, 0, 0, 0, 0, 0, 0, 0, 0, 0, 0, NULL, NULL),
(44, 5, 104, 0, 0, 0, NULL, NULL, 0, 0, 0, 0, 0, 0, 0, 0, 0, 0, NULL, NULL),
(44, 5, 105, 0, 0, 0, NULL, NULL, 0, 0, 0, 0, 0, 0, 0, 0, 0, 0, NULL, NULL),
(44, 5, 106, 0, 0, 0, NULL, NULL, 0, 0, 0, 0, 0, 0, 0, 0, 0, 0, NULL, NULL),
(44, 5, 107, 0, 0, 0, NULL, NULL, 0, 0, 0, 0, 0, 0, 0, 0, 0, 0, NULL, NULL),
(44, 5, 108, 0, 0, 0, NULL, NULL, 0, 0, 0, 0, 0, 0, 0, 0, 0, 0, NULL, NULL),
(44, 5, 109, 0, 0, 0, NULL, NULL, 0, 0, 0, 0, 0, 0, 0, 0, 0, 0, NULL, NULL),
(44, 5, 110, 0, 0, 0, NULL, NULL, 0, 0, 0, 0, 0, 0, 0, 0, 0, 0, NULL, NULL),
(44, 5, 111, 0, 0, 0, NULL, NULL, 0, 0, 0, 0, 0, 0, 0, 0, 0, 0, NULL, NULL),
(44, 5, 112, 0, 0, 0, NULL, NULL, 0, 0, 0, 0, 0, 0, 0, 0, 0, 0, NULL, NULL),
(44, 5, 113, 0, 0, 0, NULL, NULL, 0, 0, 0, 0, 0, 0, 0, 0, 0, 0, NULL, NULL),
(44, 5, 114, 0, 0, 0, NULL, NULL, 0, 0, 0, 0, 0, 0, 0, 0, 0, 0, NULL, NULL),
(44, 5, 115, 0, 0, 0, NULL, NULL, 0, 0, 0, 0, 0, 0, 0, 0, 0, 0, NULL, NULL),
(44, 5, 116, 0, 0, 0, NULL, NULL, 0, 0, 0, 0, 0, 0, 0, 0, 0, 0, NULL, NULL),
(44, 5, 117, 0, 0, 0, NULL, NULL, 0, 0, 0, 0, 0, 0, 0, 0, 0, 0, NULL, NULL),
(44, 5, 118, 0, 0, 0, NULL, NULL, 0, 0, 0, 0, 0, 0, 0, 0, 0, 0, NULL, NULL),
(44, 5, 119, 0, 0, 0, NULL, NULL, 0, 0, 0, 0, 0, 0, 0, 0, 0, 0, NULL, NULL),
(44, 5, 120, 0, 0, 0, NULL, NULL, 0, 0, 0, 0, 0, 0, 0, 0, 0, 0, NULL, NULL),
(44, 5, 121, 0, 0, 0, NULL, NULL, 0, 0, 0, 0, 0, 0, 0, 0, 0, 0, NULL, NULL),
(44, 5, 122, 0, 0, 0, NULL, NULL, 0, 0, 0, 0, 0, 0, 0, 0, 0, 0, NULL, NULL),
(45, 8, 170, 0, 0, 0, NULL, NULL, 0, 0, 0, 0, 0, 0, 0, 0, 0, 0, NULL, NULL),
(45, 8, 171, 0, 0, 0, NULL, NULL, 0, 0, 0, 0, 0, 0, 0, 0, 0, 0, NULL, NULL),
(45, 8, 172, 0, 0, 0, NULL, NULL, 0, 0, 0, 0, 0, 0, 0, 0, 0, 0, NULL, NULL),
(45, 8, 173, 0, 0, 0, NULL, NULL, 0, 0, 0, 0, 0, 0, 0, 0, 0, 0, NULL, NULL),
(45, 8, 174, 0, 0, 0, NULL, NULL, 0, 0, 0, 0, 0, 0, 0, 0, 0, 0, NULL, NULL),
(45, 8, 175, 0, 0, 0, NULL, NULL, 0, 0, 0, 0, 0, 0, 0, 0, 0, 0, NULL, NULL),
(45, 8, 176, 0, 0, 0, NULL, NULL, 0, 0, 0, 0, 0, 0, 0, 0, 0, 0, NULL, NULL),
(45, 8, 177, 0, 0, 0, NULL, NULL, 0, 0, 0, 0, 0, 0, 0, 0, 0, 0, NULL, NULL),
(45, 8, 178, 0, 0, 0, NULL, NULL, 0, 0, 0, 0, 0, 0, 0, 0, 0, 0, NULL, NULL),
(45, 8, 179, 0, 0, 0, NULL, NULL, 0, 0, 0, 0, 0, 0, 0, 0, 0, 0, NULL, NULL),
(45, 8, 180, 0, 0, 0, NULL, NULL, 0, 0, 0, 0, 0, 0, 0, 0, 0, 0, NULL, NULL),
(45, 8, 181, 0, 0, 0, NULL, NULL, 0, 0, 0, 0, 0, 0, 0, 0, 0, 0, NULL, NULL),
(45, 8, 182, 0, 0, 0, NULL, NULL, 0, 0, 0, 0, 0, 0, 0, 0, 0, 0, NULL, NULL),
(45, 8, 183, 0, 0, 0, NULL, NULL, 0, 0, 0, 0, 0, 0, 0, 0, 0, 0, NULL, NULL),
(45, 8, 184, 0, 0, 0, NULL, NULL, 0, 0, 0, 0, 0, 0, 0, 0, 0, 0, NULL, NULL),
(45, 8, 185, 0, 0, 0, NULL, NULL, 0, 0, 0, 0, 0, 0, 0, 0, 0, 0, NULL, NULL),
(45, 8, 186, 0, 0, 0, NULL, NULL, 0, 0, 0, 0, 0, 0, 0, 0, 0, 0, NULL, NULL),
(45, 8, 187, 0, 0, 0, NULL, NULL, 0, 0, 0, 0, 0, 0, 0, 0, 0, 0, NULL, NULL),
(45, 8, 188, 0, 0, 0, NULL, NULL, 0, 0, 0, 0, 0, 0, 0, 0, 0, 0, NULL, NULL),
(45, 8, 189, 0, 0, 0, NULL, NULL, 0, 0, 0, 0, 0, 0, 0, 0, 0, 0, NULL, NULL),
(45, 8, 190, 0, 0, 0, NULL, NULL, 0, 0, 0, 0, 0, 0, 0, 0, 0, 0, NULL, NULL),
(45, 8, 191, 0, 0, 0, NULL, NULL, 0, 0, 0, 0, 0, 0, 0, 0, 0, 0, NULL, NULL),
(45, 8, 192, 0, 0, 0, NULL, NULL, 0, 0, 0, 0, 0, 0, 0, 0, 0, 0, NULL, NULL),
(45, 8, 193, 0, 0, 0, NULL, NULL, 0, 0, 0, 0, 0, 0, 0, 0, 0, 0, NULL, NULL),
(45, 10, 217, 0, 0, 0, NULL, NULL, 0, 0, 0, 0, 0, 0, 0, 0, 0, 0, NULL, NULL),
(45, 10, 218, 0, 0, 0, NULL, NULL, 0, 0, 0, 0, 0, 0, 0, 0, 0, 0, NULL, NULL),
(45, 10, 219, 0, 0, 0, NULL, NULL, 0, 0, 0, 0, 0, 0, 0, 0, 0, 0, NULL, NULL),
(45, 10, 220, 0, 0, 0, NULL, NULL, 0, 0, 0, 0, 0, 0, 0, 0, 0, 0, NULL, NULL),
(45, 10, 221, 0, 0, 0, NULL, NULL, 0, 0, 0, 0, 0, 0, 0, 0, 0, 0, NULL, NULL),
(45, 10, 222, 0, 0, 0, NULL, NULL, 0, 0, 0, 0, 0, 0, 0, 0, 0, 0, NULL, NULL),
(45, 10, 223, 0, 0, 0, NULL, NULL, 0, 0, 0, 0, 0, 0, 0, 0, 0, 0, NULL, NULL),
(45, 10, 224, 0, 0, 0, NULL, NULL, 0, 0, 0, 0, 0, 0, 0, 0, 0, 0, NULL, NULL),
(45, 10, 225, 0, 0, 0, NULL, NULL, 0, 0, 0, 0, 0, 0, 0, 0, 0, 0, NULL, NULL),
(45, 10, 226, 0, 0, 0, NULL, NULL, 0, 0, 0, 0, 0, 0, 0, 0, 0, 0, NULL, NULL),
(45, 10, 227, 0, 0, 0, NULL, NULL, 0, 0, 0, 0, 0, 0, 0, 0, 0, 0, NULL, NULL),
(45, 10, 228, 0, 0, 0, NULL, NULL, 0, 0, 0, 0, 0, 0, 0, 0, 0, 0, NULL, NULL),
(45, 10, 229, 0, 0, 0, NULL, NULL, 0, 0, 0, 0, 0, 0, 0, 0, 0, 0, NULL, NULL),
(45, 10, 230, 0, 0, 0, NULL, NULL, 0, 0, 0, 0, 0, 0, 0, 0, 0, 0, NULL, NULL),
(45, 10, 231, 0, 0, 0, NULL, NULL, 0, 0, 0, 0, 0, 0, 0, 0, 0, 0, NULL, NULL),
(45, 10, 232, 0, 0, 0, NULL, NULL, 0, 0, 0, 0, 0, 0, 0, 0, 0, 0, NULL, NULL),
(45, 10, 233, 0, 0, 0, NULL, NULL, 0, 0, 0, 0, 0, 0, 0, 0, 0, 0, NULL, NULL),
(45, 10, 234, 0, 0, 0, NULL, NULL, 0, 0, 0, 0, 0, 0, 0, 0, 0, 0, NULL, NULL),
(45, 10, 235, 0, 0, 0, NULL, NULL, 0, 0, 0, 0, 0, 0, 0, 0, 0, 0, NULL, NULL),
(45, 10, 236, 0, 0, 0, NULL, NULL, 0, 0, 0, 0, 0, 0, 0, 0, 0, 0, NULL, NULL),
(45, 10, 237, 0, 0, 0, NULL, NULL, 0, 0, 0, 0, 0, 0, 0, 0, 0, 0, NULL, NULL),
(46, 1, 1, 0, 0, 0, NULL, NULL, 0, 0, 0, 0, 0, 0, 0, 0, 0, 0, NULL, NULL),
(46, 1, 2, 0, 0, 0, NULL, NULL, 0, 0, 0, 0, 0, 0, 0, 0, 0, 0, NULL, NULL),
(46, 1, 3, 0, 0, 0, NULL, NULL, 0, 0, 0, 0, 0, 0, 0, 0, 0, 0, NULL, NULL),
(46, 1, 4, 0, 0, 0, NULL, NULL, 0, 0, 0, 0, 0, 0, 0, 0, 0, 0, NULL, NULL),
(46, 1, 5, 0, 0, 0, NULL, NULL, 0, 0, 0, 0, 0, 0, 0, 0, 0, 0, NULL, NULL),
(46, 1, 6, 0, 0, 0, NULL, NULL, 0, 0, 0, 0, 0, 0, 0, 0, 0, 0, NULL, NULL),
(46, 1, 7, 0, 0, 0, NULL, NULL, 0, 0, 0, 0, 0, 0, 0, 0, 0, 0, NULL, NULL),
(46, 1, 8, 0, 0, 0, NULL, NULL, 0, 0, 0, 0, 0, 0, 0, 0, 0, 0, NULL, NULL),
(46, 1, 9, 0, 0, 0, NULL, NULL, 0, 0, 0, 0, 0, 0, 0, 0, 0, 0, NULL, NULL),
(46, 1, 10, 0, 0, 0, NULL, NULL, 0, 0, 0, 0, 0, 0, 0, 0, 0, 0, NULL, NULL),
(46, 1, 11, 0, 0, 0, NULL, NULL, 0, 0, 0, 0, 0, 0, 0, 0, 0, 0, NULL, NULL),
(46, 1, 12, 0, 0, 0, NULL, NULL, 0, 0, 0, 0, 0, 0, 0, 0, 0, 0, NULL, NULL),
(46, 1, 13, 0, 0, 0, NULL, NULL, 0, 0, 0, 0, 0, 0, 0, 0, 0, 0, NULL, NULL),
(46, 1, 14, 0, 0, 0, NULL, NULL, 0, 0, 0, 0, 0, 0, 0, 0, 0, 0, NULL, NULL),
(46, 1, 15, 0, 0, 0, NULL, NULL, 0, 0, 0, 0, 0, 0, 0, 0, 0, 0, NULL, NULL),
(46, 1, 16, 0, 0, 0, NULL, NULL, 0, 0, 0, 0, 0, 0, 0, 0, 0, 0, NULL, NULL),
(46, 1, 17, 0, 0, 0, NULL, NULL, 0, 0, 0, 0, 0, 0, 0, 0, 0, 0, NULL, NULL),
(46, 1, 18, 0, 0, 0, NULL, NULL, 0, 0, 0, 0, 0, 0, 0, 0, 0, 0, NULL, NULL),
(46, 1, 19, 0, 0, 0, NULL, NULL, 0, 0, 0, 0, 0, 0, 0, 0, 0, 0, NULL, NULL),
(46, 1, 20, 0, 0, 0, NULL, NULL, 0, 0, 0, 0, 0, 0, 0, 0, 0, 0, NULL, NULL),
(46, 1, 21, 0, 0, 0, NULL, NULL, 0, 0, 0, 0, 0, 0, 0, 0, 0, 0, NULL, NULL),
(46, 1, 22, 0, 0, 0, NULL, NULL, 0, 0, 0, 0, 0, 0, 0, 0, 0, 0, NULL, NULL),
(46, 1, 23, 0, 0, 0, NULL, NULL, 0, 0, 0, 0, 0, 0, 0, 0, 0, 0, NULL, NULL),
(46, 6, 123, 0, 0, 0, NULL, NULL, 0, 0, 0, 0, 0, 0, 0, 0, 0, 0, NULL, NULL),
(46, 6, 124, 0, 0, 0, NULL, NULL, 0, 0, 0, 0, 0, 0, 0, 0, 0, 0, NULL, NULL),
(46, 6, 125, 0, 0, 0, NULL, 98, 0, 0, 0, 0, 0, 0, 0, 0, 0, 0, NULL, NULL),
(46, 6, 126, 0, 0, 0, NULL, NULL, 0, 0, 0, 0, 0, 0, 0, 0, 0, 0, NULL, NULL),
(46, 6, 127, 0, 0, 0, NULL, NULL, 0, 0, 0, 0, 0, 0, 0, 0, 0, 0, NULL, NULL),
(46, 6, 128, 0, 0, 0, NULL, NULL, 0, 0, 0, 0, 0, 0, 0, 0, 0, 0, NULL, NULL),
(46, 6, 129, 0, 0, 0, NULL, NULL, 0, 0, 0, 0, 0, 0, 0, 0, 0, 0, NULL, NULL),
(46, 6, 130, 0, 0, 0, NULL, NULL, 0, 0, 0, 0, 0, 0, 0, 0, 0, 0, NULL, NULL),
(46, 6, 131, 0, 0, 0, NULL, NULL, 0, 0, 0, 0, 0, 0, 0, 0, 0, 0, NULL, NULL),
(46, 6, 132, 0, 0, 0, NULL, NULL, 0, 0, 0, 0, 0, 0, 0, 0, 0, 0, NULL, NULL),
(46, 6, 133, 0, 0, 0, NULL, NULL, 0, 0, 0, 0, 0, 0, 0, 0, 0, 0, NULL, NULL),
(46, 6, 134, 0, 0, 0, NULL, NULL, 0, 0, 0, 0, 0, 0, 0, 0, 0, 0, NULL, NULL),
(46, 6, 135, 0, 0, 0, NULL, NULL, 0, 0, 0, 0, 0, 0, 0, 0, 0, 0, NULL, NULL),
(46, 6, 136, 0, 0, 0, NULL, NULL, 0, 0, 0, 0, 0, 0, 0, 0, 0, 0, NULL, NULL),
(46, 6, 137, 0, 0, 0, NULL, NULL, 0, 0, 0, 0, 0, 0, 0, 0, 0, 0, NULL, NULL),
(46, 6, 138, 0, 0, 0, NULL, NULL, 0, 0, 0, 0, 0, 0, 0, 0, 0, 0, NULL, NULL),
(46, 6, 139, 0, 0, 0, NULL, NULL, 0, 0, 0, 0, 0, 0, 0, 0, 0, 0, NULL, NULL),
(46, 6, 140, 0, 0, 0, NULL, NULL, 0, 0, 0, 0, 0, 0, 0, 0, 0, 0, NULL, NULL),
(46, 6, 141, 0, 0, 0, NULL, NULL, 0, 0, 0, 0, 0, 0, 0, 0, 0, 0, NULL, NULL),
(46, 6, 142, 0, 0, 0, NULL, NULL, 0, 0, 0, 0, 0, 0, 0, 0, 0, 0, NULL, NULL),
(46, 6, 143, 0, 0, 0, NULL, NULL, 0, 0, 0, 0, 0, 0, 0, 0, 0, 0, NULL, NULL),
(46, 6, 144, 0, 0, 0, NULL, NULL, 0, 0, 0, 0, 0, 0, 0, 0, 0, 0, NULL, NULL),
(46, 6, 145, 0, 0, 0, NULL, NULL, 0, 0, 0, 0, 0, 0, 0, 0, 0, 0, NULL, NULL),
(46, 6, 146, 0, 0, 0, NULL, NULL, 0, 0, 0, 0, 0, 0, 0, 0, 0, 0, NULL, NULL),
(47, 3, 49, 0, 0, 0, NULL, NULL, 0, 0, 0, 0, 0, 0, 0, 0, 0, 0, NULL, NULL),
(47, 3, 50, 0, 0, 0, NULL, NULL, 0, 0, 0, 0, 0, 0, 0, 0, 0, 0, NULL, NULL),
(47, 3, 51, 0, 0, 0, NULL, NULL, 0, 0, 0, 0, 0, 0, 0, 0, 0, 0, NULL, NULL),
(47, 3, 52, 0, 0, 0, NULL, NULL, 0, 0, 0, 0, 0, 0, 0, 0, 0, 0, NULL, NULL),
(47, 3, 53, 0, 0, 0, NULL, NULL, 0, 0, 0, 0, 0, 0, 0, 0, 0, 0, NULL, NULL),
(47, 3, 54, 0, 0, 0, NULL, NULL, 0, 0, 0, 0, 0, 0, 0, 0, 0, 0, NULL, NULL),
(47, 3, 55, 0, 0, 0, NULL, NULL, 0, 0, 0, 0, 0, 0, 0, 0, 0, 0, NULL, NULL),
(47, 3, 56, 0, 0, 0, NULL, NULL, 0, 0, 0, 0, 0, 0, 0, 0, 0, 0, NULL, NULL),
(47, 3, 57, 0, 0, 0, NULL, NULL, 0, 0, 0, 0, 0, 0, 0, 0, 0, 0, NULL, NULL),
(47, 3, 58, 0, 0, 0, NULL, NULL, 0, 0, 0, 0, 0, 0, 0, 0, 0, 0, NULL, NULL),
(47, 3, 59, 0, 0, 0, NULL, NULL, 0, 0, 0, 0, 0, 0, 0, 0, 0, 0, NULL, NULL),
(47, 3, 60, 0, 0, 0, NULL, NULL, 0, 0, 0, 0, 0, 0, 0, 0, 0, 0, NULL, NULL),
(47, 3, 61, 0, 0, 0, NULL, NULL, 0, 0, 0, 0, 0, 0, 0, 0, 0, 0, NULL, NULL),
(47, 3, 62, 0, 0, 0, NULL, NULL, 0, 0, 0, 0, 0, 0, 0, 0, 0, 0, NULL, NULL),
(47, 3, 63, 0, 0, 0, NULL, NULL, 0, 0, 0, 0, 0, 0, 0, 0, 0, 0, NULL, NULL),
(47, 3, 64, 0, 0, 0, NULL, NULL, 0, 0, 0, 0, 0, 0, 0, 0, 0, 0, NULL, NULL),
(47, 3, 65, 0, 0, 0, NULL, NULL, 0, 0, 0, 0, 0, 0, 0, 0, 0, 0, NULL, NULL),
(47, 3, 66, 0, 0, 0, NULL, NULL, 0, 0, 0, 0, 0, 0, 0, 0, 0, 0, NULL, NULL),
(47, 3, 67, 0, 0, 0, NULL, NULL, 0, 0, 0, 0, 0, 0, 0, 0, 0, 0, NULL, NULL),
(47, 3, 68, 0, 0, 0, NULL, NULL, 0, 0, 0, 0, 0, 0, 0, 0, 0, 0, NULL, NULL),
(47, 3, 69, 0, 0, 0, NULL, NULL, 0, 0, 0, 0, 0, 0, 0, 0, 0, 0, NULL, NULL),
(47, 3, 70, 0, 0, 0, NULL, NULL, 0, 0, 0, 0, 0, 0, 0, 0, 0, 0, NULL, NULL),
(47, 3, 71, 0, 0, 0, NULL, NULL, 0, 0, 0, 0, 0, 0, 0, 0, 0, 0, NULL, NULL),
(47, 3, 72, 0, 0, 0, NULL, NULL, 0, 0, 0, 0, 0, 0, 0, 0, 0, 0, NULL, NULL),
(47, 3, 73, 0, 0, 0, NULL, NULL, 0, 0, 0, 0, 0, 0, 0, 0, 0, 0, NULL, NULL),
(47, 5, 99, 0, 0, 0, NULL, NULL, 0, 0, 0, 0, 0, 0, 0, 0, 0, 0, NULL, NULL),
(47, 5, 100, 0, 0, 0, NULL, NULL, 0, 0, 0, 0, 0, 0, 0, 0, 0, 0, NULL, NULL),
(47, 5, 101, 0, 0, 0, NULL, NULL, 0, 0, 0, 0, 0, 0, 0, 0, 0, 0, NULL, NULL),
(47, 5, 102, 0, 0, 0, NULL, NULL, 0, 0, 0, 0, 0, 0, 0, 0, 0, 0, NULL, NULL),
(47, 5, 103, 0, 0, 0, NULL, NULL, 0, 0, 0, 0, 0, 0, 0, 0, 0, 0, NULL, NULL),
(47, 5, 104, 0, 0, 0, NULL, NULL, 0, 0, 0, 0, 0, 0, 0, 0, 0, 0, NULL, NULL),
(47, 5, 105, 0, 0, 0, NULL, NULL, 0, 0, 0, 0, 0, 0, 0, 0, 0, 0, NULL, NULL),
(47, 5, 106, 0, 0, 0, NULL, NULL, 0, 0, 0, 0, 0, 0, 0, 0, 0, 0, NULL, NULL),
(47, 5, 107, 0, 0, 0, NULL, NULL, 0, 0, 0, 0, 0, 0, 0, 0, 0, 0, NULL, NULL),
(47, 5, 108, 0, 0, 0, NULL, NULL, 0, 0, 0, 0, 0, 0, 0, 0, 0, 0, NULL, NULL),
(47, 5, 109, 0, 0, 0, NULL, NULL, 0, 0, 0, 0, 0, 0, 0, 0, 0, 0, NULL, NULL),
(47, 5, 110, 0, 0, 0, NULL, NULL, 0, 0, 0, 0, 0, 0, 0, 0, 0, 0, NULL, NULL),
(47, 5, 111, 0, 0, 0, NULL, NULL, 0, 0, 0, 0, 0, 0, 0, 0, 0, 0, NULL, NULL),
(47, 5, 112, 0, 0, 0, NULL, NULL, 0, 0, 0, 0, 0, 0, 0, 0, 0, 0, NULL, NULL),
(47, 5, 113, 0, 0, 0, NULL, NULL, 0, 0, 0, 0, 0, 0, 0, 0, 0, 0, NULL, NULL),
(47, 5, 114, 0, 0, 0, NULL, NULL, 0, 0, 0, 0, 0, 0, 0, 0, 0, 0, NULL, NULL),
(47, 5, 115, 0, 0, 0, NULL, NULL, 0, 0, 0, 0, 0, 0, 0, 0, 0, 0, NULL, NULL),
(47, 5, 116, 0, 0, 0, NULL, NULL, 0, 0, 0, 0, 0, 0, 0, 0, 0, 0, NULL, NULL),
(47, 5, 117, 0, 0, 0, NULL, NULL, 0, 0, 0, 0, 0, 0, 0, 0, 0, 0, NULL, NULL),
(47, 5, 118, 0, 0, 0, NULL, NULL, 0, 0, 0, 0, 0, 0, 0, 0, 0, 0, NULL, NULL),
(47, 5, 119, 0, 0, 0, NULL, NULL, 0, 0, 0, 0, 0, 0, 0, 0, 0, 0, NULL, NULL),
(47, 5, 120, 0, 0, 0, NULL, NULL, 0, 0, 0, 0, 0, 0, 0, 0, 0, 0, NULL, NULL),
(47, 5, 121, 0, 0, 0, NULL, NULL, 0, 0, 0, 0, 0, 0, 0, 0, 0, 0, NULL, NULL),
(47, 5, 122, 0, 0, 0, NULL, NULL, 0, 0, 0, 0, 0, 0, 0, 0, 0, 0, NULL, NULL),
(48, 4, 74, 0, 0, 0, NULL, NULL, 0, 0, 0, 0, 0, 0, 0, 0, 0, 0, NULL, NULL),
(48, 4, 75, 0, 0, 0, NULL, NULL, 0, 0, 0, 0, 0, 0, 0, 0, 0, 0, NULL, NULL),
(48, 4, 76, 0, 0, 0, NULL, NULL, 0, 0, 0, 0, 0, 0, 0, 0, 0, 0, NULL, NULL),
(48, 4, 77, 0, 0, 0, NULL, NULL, 0, 0, 0, 0, 0, 0, 0, 0, 0, 0, NULL, NULL),
(48, 4, 78, 0, 0, 0, NULL, NULL, 0, 0, 0, 0, 0, 0, 0, 0, 0, 0, NULL, NULL),
(48, 4, 79, 0, 0, 0, NULL, NULL, 0, 0, 0, 0, 0, 0, 0, 0, 0, 0, NULL, NULL),
(48, 4, 80, 0, 0, 0, NULL, NULL, 0, 0, 0, 0, 0, 0, 0, 0, 0, 0, NULL, NULL),
(48, 4, 81, 0, 0, 0, NULL, NULL, 0, 0, 0, 0, 0, 0, 0, 0, 0, 0, NULL, NULL),
(48, 4, 82, 0, 0, 0, NULL, NULL, 0, 0, 0, 0, 0, 0, 0, 0, 0, 0, NULL, NULL),
(48, 4, 83, 0, 0, 0, NULL, NULL, 0, 0, 0, 0, 0, 0, 0, 0, 0, 0, NULL, NULL),
(48, 4, 84, 0, 0, 0, NULL, NULL, 0, 0, 0, 0, 0, 0, 0, 0, 0, 0, NULL, NULL),
(48, 4, 85, 0, 0, 0, NULL, NULL, 0, 0, 0, 0, 0, 0, 0, 0, 0, 0, NULL, NULL),
(48, 4, 86, 0, 0, 0, NULL, NULL, 0, 0, 0, 0, 0, 0, 0, 0, 0, 0, NULL, NULL),
(48, 4, 87, 0, 0, 0, NULL, NULL, 0, 0, 0, 0, 0, 0, 0, 0, 0, 0, NULL, NULL),
(48, 4, 88, 0, 0, 0, NULL, NULL, 0, 0, 0, 0, 0, 0, 0, 0, 0, 0, NULL, NULL),
(48, 4, 89, 0, 0, 0, NULL, NULL, 0, 0, 0, 0, 0, 0, 0, 0, 0, 0, NULL, NULL),
(48, 4, 90, 0, 0, 0, NULL, NULL, 0, 0, 0, 0, 0, 0, 0, 0, 0, 0, NULL, NULL),
(48, 4, 91, 0, 0, 0, NULL, NULL, 0, 0, 0, 0, 0, 0, 0, 0, 0, 0, NULL, NULL),
(48, 4, 92, 0, 0, 0, NULL, NULL, 0, 0, 0, 0, 0, 0, 0, 0, 0, 0, NULL, NULL),
(48, 4, 93, 0, 0, 0, NULL, NULL, 0, 0, 0, 0, 0, 0, 0, 0, 0, 0, NULL, NULL),
(48, 4, 94, 0, 0, 0, NULL, NULL, 0, 0, 0, 0, 0, 0, 0, 0, 0, 0, NULL, NULL),
(48, 4, 95, 0, 0, 0, NULL, NULL, 0, 0, 0, 0, 0, 0, 0, 0, 0, 0, NULL, NULL),
(48, 4, 96, 0, 0, 0, NULL, NULL, 0, 0, 0, 0, 0, 0, 0, 0, 0, 0, NULL, NULL),
(48, 4, 97, 0, 0, 0, NULL, NULL, 0, 0, 0, 0, 0, 0, 0, 0, 0, 0, NULL, NULL),
(48, 4, 98, 0, 0, 0, NULL, NULL, 0, 0, 0, 0, 0, 0, 0, 0, 0, 0, NULL, NULL),
(48, 9, 194, 0, 0, 0, NULL, NULL, 0, 0, 0, 0, 0, 0, 0, 0, 0, 0, NULL, NULL),
(48, 9, 195, 0, 0, 0, NULL, NULL, 0, 0, 0, 0, 0, 0, 0, 0, 0, 0, NULL, NULL),
(48, 9, 196, 0, 0, 0, NULL, NULL, 0, 0, 0, 0, 0, 0, 0, 0, 0, 0, NULL, NULL),
(48, 9, 197, 0, 0, 0, NULL, NULL, 0, 0, 0, 0, 0, 0, 0, 0, 0, 0, NULL, NULL),
(48, 9, 198, 0, 0, 0, NULL, NULL, 0, 0, 0, 0, 0, 0, 0, 0, 0, 0, NULL, NULL),
(48, 9, 199, 0, 0, 0, NULL, NULL, 0, 0, 0, 0, 0, 0, 0, 0, 0, 0, NULL, NULL),
(48, 9, 200, 0, 0, 0, NULL, NULL, 0, 0, 0, 0, 0, 0, 0, 0, 0, 0, NULL, NULL),
(48, 9, 201, 0, 0, 0, NULL, NULL, 0, 0, 0, 0, 0, 0, 0, 0, 0, 0, NULL, NULL),
(48, 9, 202, 0, 0, 0, NULL, NULL, 0, 0, 0, 0, 0, 0, 0, 0, 0, 0, NULL, NULL),
(48, 9, 203, 0, 0, 0, NULL, NULL, 0, 0, 0, 0, 0, 0, 0, 0, 0, 0, NULL, NULL),
(48, 9, 204, 0, 0, 0, NULL, NULL, 0, 0, 0, 0, 0, 0, 0, 0, 0, 0, NULL, NULL),
(48, 9, 205, 0, 0, 0, NULL, NULL, 0, 0, 0, 0, 0, 0, 0, 0, 0, 0, NULL, NULL),
(48, 9, 206, 0, 0, 0, NULL, NULL, 0, 0, 0, 0, 0, 0, 0, 0, 0, 0, NULL, NULL),
(48, 9, 207, 0, 0, 0, NULL, NULL, 0, 0, 0, 0, 0, 0, 0, 0, 0, 0, NULL, NULL),
(48, 9, 208, 0, 0, 0, NULL, NULL, 0, 0, 0, 0, 0, 0, 0, 0, 0, 0, NULL, NULL),
(48, 9, 209, 0, 0, 0, NULL, NULL, 0, 0, 0, 0, 0, 0, 0, 0, 0, 0, NULL, NULL),
(48, 9, 210, 0, 0, 0, NULL, NULL, 0, 0, 0, 0, 0, 0, 0, 0, 0, 0, NULL, NULL),
(48, 9, 211, 0, 0, 0, NULL, NULL, 0, 0, 0, 0, 0, 0, 0, 0, 0, 0, NULL, NULL),
(48, 9, 212, 0, 0, 0, NULL, NULL, 0, 0, 0, 0, 0, 0, 0, 0, 0, 0, NULL, NULL),
(48, 9, 213, 0, 0, 0, NULL, NULL, 0, 0, 0, 0, 0, 0, 0, 0, 0, 0, NULL, NULL),
(48, 9, 214, 0, 0, 0, NULL, NULL, 0, 0, 0, 0, 0, 0, 0, 0, 0, 0, NULL, NULL),
(48, 9, 215, 0, 0, 0, NULL, NULL, 0, 0, 0, 0, 0, 0, 0, 0, 0, 0, NULL, NULL),
(48, 9, 216, 0, 0, 0, NULL, NULL, 0, 0, 0, 0, 0, 0, 0, 0, 0, 0, NULL, NULL),
(49, 6, 123, 0, 0, 0, NULL, NULL, 0, 0, 0, 0, 0, 0, 0, 0, 0, 0, NULL, NULL),
(49, 6, 124, 0, 0, 0, NULL, NULL, 0, 0, 0, 0, 0, 0, 0, 0, 0, 0, NULL, NULL),
(49, 6, 125, 0, 0, 0, NULL, NULL, 0, 0, 0, 0, 0, 0, 0, 0, 0, 0, NULL, NULL),
(49, 6, 126, 0, 0, 0, NULL, NULL, 0, 0, 0, 0, 0, 0, 0, 0, 0, 0, NULL, NULL),
(49, 6, 127, 0, 0, 0, NULL, NULL, 0, 0, 0, 0, 0, 0, 0, 0, 0, 0, NULL, NULL),
(49, 6, 128, 0, 0, 0, NULL, NULL, 0, 0, 0, 0, 0, 0, 0, 0, 0, 0, NULL, NULL),
(49, 6, 129, 0, 0, 0, NULL, NULL, 0, 0, 0, 0, 0, 0, 0, 0, 0, 0, NULL, NULL),
(49, 6, 130, 0, 0, 0, NULL, NULL, 0, 0, 0, 0, 0, 0, 0, 0, 0, 0, NULL, NULL),
(49, 6, 131, 0, 0, 0, NULL, NULL, 0, 0, 0, 0, 0, 0, 0, 0, 0, 0, NULL, NULL),
(49, 6, 132, 0, 0, 0, NULL, NULL, 0, 0, 0, 0, 0, 0, 0, 0, 0, 0, NULL, NULL),
(49, 6, 133, 0, 0, 0, NULL, NULL, 0, 0, 0, 0, 0, 0, 0, 0, 0, 0, NULL, NULL),
(49, 6, 134, 0, 0, 0, NULL, NULL, 0, 0, 0, 0, 0, 0, 0, 0, 0, 0, NULL, NULL),
(49, 6, 135, 0, 0, 0, NULL, NULL, 0, 0, 0, 0, 0, 0, 0, 0, 0, 0, NULL, NULL),
(49, 6, 136, 0, 0, 0, NULL, NULL, 0, 0, 0, 0, 0, 0, 0, 0, 0, 0, NULL, NULL),
(49, 6, 137, 0, 0, 0, NULL, NULL, 0, 0, 0, 0, 0, 0, 0, 0, 0, 0, NULL, NULL),
(49, 6, 138, 0, 0, 0, NULL, NULL, 0, 0, 0, 0, 0, 0, 0, 0, 0, 0, NULL, NULL),
(49, 6, 139, 0, 0, 0, NULL, NULL, 0, 0, 0, 0, 0, 0, 0, 0, 0, 0, NULL, NULL),
(49, 6, 140, 0, 0, 0, NULL, NULL, 0, 0, 0, 0, 0, 0, 0, 0, 0, 0, NULL, NULL),
(49, 6, 141, 0, 0, 0, NULL, NULL, 0, 0, 0, 0, 0, 0, 0, 0, 0, 0, NULL, NULL),
(49, 6, 142, 0, 0, 0, NULL, NULL, 0, 0, 0, 0, 0, 0, 0, 0, 0, 0, NULL, NULL),
(49, 6, 143, 0, 0, 0, NULL, NULL, 0, 0, 0, 0, 0, 0, 0, 0, 0, 0, NULL, NULL),
(49, 6, 144, 0, 0, 0, NULL, NULL, 0, 0, 0, 0, 0, 0, 0, 0, 0, 0, NULL, NULL),
(49, 6, 145, 0, 0, 0, NULL, NULL, 0, 0, 0, 0, 0, 0, 0, 0, 0, 0, NULL, NULL),
(49, 6, 146, 0, 0, 0, NULL, NULL, 0, 0, 0, 0, 0, 0, 0, 0, 0, 0, NULL, NULL),
(49, 7, 147, 0, 0, 0, NULL, NULL, 0, 0, 0, 0, 0, 0, 0, 0, 0, 0, NULL, NULL),
(49, 7, 148, 0, 0, 0, NULL, NULL, 0, 0, 0, 0, 0, 0, 0, 0, 0, 0, NULL, NULL),
(49, 7, 149, 0, 0, 0, NULL, NULL, 0, 0, 0, 0, 0, 0, 0, 0, 0, 0, NULL, NULL),
(49, 7, 150, 0, 0, 0, NULL, NULL, 0, 0, 0, 0, 0, 0, 0, 0, 0, 0, NULL, NULL),
(49, 7, 151, 0, 0, 0, NULL, NULL, 0, 0, 0, 0, 0, 0, 0, 0, 0, 0, NULL, NULL),
(49, 7, 152, 0, 0, 0, NULL, NULL, 0, 0, 0, 0, 0, 0, 0, 0, 0, 0, NULL, NULL),
(49, 7, 153, 0, 0, 0, NULL, NULL, 0, 0, 0, 0, 0, 0, 0, 0, 0, 0, NULL, NULL),
(49, 7, 154, 0, 0, 0, NULL, NULL, 0, 0, 0, 0, 0, 0, 0, 0, 0, 0, NULL, NULL),
(49, 7, 155, 0, 0, 0, NULL, NULL, 0, 0, 0, 0, 0, 0, 0, 0, 0, 0, NULL, NULL),
(49, 7, 156, 0, 0, 0, NULL, NULL, 0, 0, 0, 0, 0, 0, 0, 0, 0, 0, NULL, NULL),
(49, 7, 157, 0, 0, 0, NULL, NULL, 0, 0, 0, 0, 0, 0, 0, 0, 0, 0, NULL, NULL),
(49, 7, 158, 0, 0, 0, NULL, NULL, 0, 0, 0, 0, 0, 0, 0, 0, 0, 0, NULL, NULL),
(49, 7, 159, 0, 0, 0, NULL, NULL, 0, 0, 0, 0, 0, 0, 0, 0, 0, 0, NULL, NULL),
(49, 7, 160, 0, 0, 0, NULL, NULL, 0, 0, 0, 0, 0, 0, 0, 0, 0, 0, NULL, NULL),
(49, 7, 161, 0, 0, 0, NULL, NULL, 0, 0, 0, 0, 0, 0, 0, 0, 0, 0, NULL, NULL),
(49, 7, 162, 0, 0, 0, NULL, NULL, 0, 0, 0, 0, 0, 0, 0, 0, 0, 0, NULL, NULL),
(49, 7, 163, 0, 0, 0, NULL, NULL, 0, 0, 0, 0, 0, 0, 0, 0, 0, 0, NULL, NULL),
(49, 7, 164, 0, 0, 0, NULL, NULL, 0, 0, 0, 0, 0, 0, 0, 0, 0, 0, NULL, NULL),
(49, 7, 165, 0, 0, 0, NULL, NULL, 0, 0, 0, 0, 0, 0, 0, 0, 0, 0, NULL, NULL),
(49, 7, 166, 0, 0, 0, NULL, NULL, 0, 0, 0, 0, 0, 0, 0, 0, 0, 0, NULL, NULL),
(49, 7, 167, 0, 0, 0, NULL, NULL, 0, 0, 0, 0, 0, 0, 0, 0, 0, 0, NULL, NULL),
(49, 7, 168, 0, 0, 0, NULL, NULL, 0, 0, 0, 0, 0, 0, 0, 0, 0, 0, NULL, NULL),
(49, 7, 169, 0, 0, 0, NULL, NULL, 0, 0, 0, 0, 0, 0, 0, 0, 0, 0, NULL, NULL),
(50, 1, 1, 0, 0, 0, NULL, NULL, 0, 0, 0, 0, 0, 0, 0, 0, 0, 0, NULL, NULL),
(50, 1, 2, 0, 0, 0, NULL, NULL, 0, 0, 0, 0, 0, 0, 0, 0, 0, 0, NULL, NULL),
(50, 1, 3, 0, 0, 0, NULL, NULL, 0, 0, 0, 0, 0, 0, 0, 0, 0, 0, NULL, NULL),
(50, 1, 4, 0, 0, 0, NULL, NULL, 0, 0, 0, 0, 0, 0, 0, 0, 0, 0, NULL, NULL),
(50, 1, 5, 0, 0, 0, NULL, NULL, 0, 0, 0, 0, 0, 0, 0, 0, 0, 0, NULL, NULL),
(50, 1, 6, 0, 0, 0, NULL, NULL, 0, 0, 0, 0, 0, 0, 0, 0, 0, 0, NULL, NULL),
(50, 1, 7, 0, 0, 0, NULL, NULL, 0, 0, 0, 0, 0, 0, 0, 0, 0, 0, NULL, NULL),
(50, 1, 8, 0, 0, 0, NULL, NULL, 0, 0, 0, 0, 0, 0, 0, 0, 0, 0, NULL, NULL),
(50, 1, 9, 0, 0, 0, NULL, NULL, 0, 0, 0, 0, 0, 0, 0, 0, 0, 0, NULL, NULL),
(50, 1, 10, 0, 0, 0, NULL, NULL, 0, 0, 0, 0, 0, 0, 0, 0, 0, 0, NULL, NULL),
(50, 1, 11, 0, 0, 0, NULL, NULL, 0, 0, 0, 0, 0, 0, 0, 0, 0, 0, NULL, NULL),
(50, 1, 12, 0, 0, 0, NULL, NULL, 0, 0, 0, 0, 0, 0, 0, 0, 0, 0, NULL, NULL),
(50, 1, 13, 0, 0, 0, NULL, NULL, 0, 0, 0, 0, 0, 0, 0, 0, 0, 0, NULL, NULL),
(50, 1, 14, 0, 0, 0, NULL, NULL, 0, 0, 0, 0, 0, 0, 0, 0, 0, 0, NULL, NULL),
(50, 1, 15, 0, 0, 0, NULL, NULL, 0, 0, 0, 0, 0, 0, 0, 0, 0, 0, NULL, NULL),
(50, 1, 16, 0, 0, 0, NULL, NULL, 0, 0, 0, 0, 0, 0, 0, 0, 0, 0, NULL, NULL),
(50, 1, 17, 0, 0, 0, NULL, NULL, 0, 0, 0, 0, 0, 0, 0, 0, 0, 0, NULL, NULL),
(50, 1, 18, 0, 0, 0, NULL, NULL, 0, 0, 0, 0, 0, 0, 0, 0, 0, 0, NULL, NULL),
(50, 1, 19, 0, 0, 0, NULL, NULL, 0, 0, 0, 0, 0, 0, 0, 0, 0, 0, NULL, NULL),
(50, 1, 20, 0, 0, 0, NULL, NULL, 0, 0, 0, 0, 0, 0, 0, 0, 0, 0, NULL, NULL),
(50, 1, 21, 0, 0, 0, NULL, NULL, 0, 0, 0, 0, 0, 0, 0, 0, 0, 0, NULL, NULL),
(50, 1, 22, 0, 0, 0, NULL, NULL, 0, 0, 0, 0, 0, 0, 0, 0, 0, 0, NULL, NULL),
(50, 1, 23, 0, 0, 0, NULL, NULL, 0, 0, 0, 0, 0, 0, 0, 0, 0, 0, NULL, NULL),
(50, 8, 170, 0, 0, 0, NULL, NULL, 0, 0, 0, 0, 0, 0, 0, 0, 0, 0, NULL, NULL),
(50, 8, 171, 0, 0, 0, NULL, NULL, 0, 0, 0, 0, 0, 0, 0, 0, 0, 0, NULL, NULL),
(50, 8, 172, 0, 0, 0, NULL, NULL, 0, 0, 0, 0, 0, 0, 0, 0, 0, 0, NULL, NULL),
(50, 8, 173, 0, 0, 0, NULL, NULL, 0, 0, 0, 0, 0, 0, 0, 0, 0, 0, NULL, NULL),
(50, 8, 174, 0, 0, 0, NULL, NULL, 0, 0, 0, 0, 0, 0, 0, 0, 0, 0, NULL, NULL),
(50, 8, 175, 0, 0, 0, NULL, NULL, 0, 0, 0, 0, 0, 0, 0, 0, 0, 0, NULL, NULL),
(50, 8, 176, 0, 0, 0, NULL, NULL, 0, 0, 0, 0, 0, 0, 0, 0, 0, 0, NULL, NULL),
(50, 8, 177, 0, 0, 0, NULL, NULL, 0, 0, 0, 0, 0, 0, 0, 0, 0, 0, NULL, NULL),
(50, 8, 178, 0, 0, 0, NULL, NULL, 0, 0, 0, 0, 0, 0, 0, 0, 0, 0, NULL, NULL),
(50, 8, 179, 0, 0, 0, NULL, NULL, 0, 0, 0, 0, 0, 0, 0, 0, 0, 0, NULL, NULL),
(50, 8, 180, 0, 0, 0, NULL, NULL, 0, 0, 0, 0, 0, 0, 0, 0, 0, 0, NULL, NULL),
(50, 8, 181, 0, 0, 0, NULL, NULL, 0, 0, 0, 0, 0, 0, 0, 0, 0, 0, NULL, NULL),
(50, 8, 182, 0, 0, 0, NULL, NULL, 0, 0, 0, 0, 0, 0, 0, 0, 0, 0, NULL, NULL),
(50, 8, 183, 0, 0, 0, NULL, NULL, 0, 0, 0, 0, 0, 0, 0, 0, 0, 0, NULL, NULL),
(50, 8, 184, 0, 0, 0, NULL, NULL, 0, 0, 0, 0, 0, 0, 0, 0, 0, 0, NULL, NULL),
(50, 8, 185, 0, 0, 0, NULL, NULL, 0, 0, 0, 0, 0, 0, 0, 0, 0, 0, NULL, NULL),
(50, 8, 186, 0, 0, 0, NULL, NULL, 0, 0, 0, 0, 0, 0, 0, 0, 0, 0, NULL, NULL),
(50, 8, 187, 0, 0, 0, NULL, NULL, 0, 0, 0, 0, 0, 0, 0, 0, 0, 0, NULL, NULL),
(50, 8, 188, 0, 0, 0, NULL, NULL, 0, 0, 0, 0, 0, 0, 0, 0, 0, 0, NULL, NULL),
(50, 8, 189, 0, 0, 0, NULL, NULL, 0, 0, 0, 0, 0, 0, 0, 0, 0, 0, NULL, NULL),
(50, 8, 190, 0, 0, 0, NULL, NULL, 0, 0, 0, 0, 0, 0, 0, 0, 0, 0, NULL, NULL),
(50, 8, 191, 0, 0, 0, NULL, NULL, 0, 0, 0, 0, 0, 0, 0, 0, 0, 0, NULL, NULL),
(50, 8, 192, 0, 0, 0, NULL, NULL, 0, 0, 0, 0, 0, 0, 0, 0, 0, 0, NULL, NULL),
(50, 8, 193, 0, 0, 0, NULL, NULL, 0, 0, 0, 0, 0, 0, 0, 0, 0, 0, NULL, NULL),
(51, 2, 24, 0, 0, 0, NULL, NULL, 0, 0, 0, 0, 0, 0, 0, 0, 0, 0, NULL, NULL),
(51, 2, 25, 0, 0, 0, NULL, NULL, 0, 0, 0, 0, 0, 0, 0, 0, 0, 0, NULL, NULL),
(51, 2, 26, 0, 0, 0, NULL, NULL, 0, 0, 0, 0, 0, 0, 0, 0, 0, 0, NULL, NULL),
(51, 2, 27, 0, 0, 0, NULL, NULL, 0, 0, 0, 0, 0, 0, 0, 0, 0, 0, NULL, NULL),
(51, 2, 28, 0, 0, 0, NULL, NULL, 0, 0, 0, 0, 0, 0, 0, 0, 0, 0, NULL, NULL),
(51, 2, 29, 0, 0, 0, NULL, NULL, 0, 0, 0, 0, 0, 0, 0, 0, 0, 0, NULL, NULL),
(51, 2, 30, 0, 0, 0, NULL, NULL, 0, 0, 0, 0, 0, 0, 0, 0, 0, 0, NULL, NULL),
(51, 2, 31, 0, 0, 0, NULL, NULL, 0, 0, 0, 0, 0, 0, 0, 0, 0, 0, NULL, NULL),
(51, 2, 32, 0, 0, 0, NULL, NULL, 0, 0, 0, 0, 0, 0, 0, 0, 0, 0, NULL, NULL),
(51, 2, 33, 0, 0, 0, NULL, NULL, 0, 0, 0, 0, 0, 0, 0, 0, 0, 0, NULL, NULL),
(51, 2, 34, 0, 0, 0, NULL, NULL, 0, 0, 0, 0, 0, 0, 0, 0, 0, 0, NULL, NULL),
(51, 2, 35, 0, 0, 0, NULL, NULL, 0, 0, 0, 0, 0, 0, 0, 0, 0, 0, NULL, NULL),
(51, 2, 36, 0, 0, 0, NULL, NULL, 0, 0, 0, 0, 0, 0, 0, 0, 0, 0, NULL, NULL),
(51, 2, 37, 0, 0, 0, NULL, NULL, 0, 0, 0, 0, 0, 0, 0, 0, 0, 0, NULL, NULL),
(51, 2, 38, 0, 0, 0, NULL, NULL, 0, 0, 0, 0, 0, 0, 0, 0, 0, 0, NULL, NULL),
(51, 2, 39, 0, 0, 0, NULL, NULL, 0, 0, 0, 0, 0, 0, 0, 0, 0, 0, NULL, NULL),
(51, 2, 40, 0, 0, 0, NULL, NULL, 0, 0, 0, 0, 0, 0, 0, 0, 0, 0, NULL, NULL),
(51, 2, 41, 0, 0, 0, NULL, NULL, 0, 0, 0, 0, 0, 0, 0, 0, 0, 0, NULL, NULL),
(51, 2, 42, 0, 0, 0, NULL, NULL, 0, 0, 0, 0, 0, 0, 0, 0, 0, 0, NULL, NULL),
(51, 2, 43, 0, 0, 0, NULL, NULL, 0, 0, 0, 0, 0, 0, 0, 0, 0, 0, NULL, NULL),
(51, 2, 44, 0, 0, 0, NULL, NULL, 0, 0, 0, 0, 0, 0, 0, 0, 0, 0, NULL, NULL),
(51, 2, 45, 0, 0, 0, NULL, NULL, 0, 0, 0, 0, 0, 0, 0, 0, 0, 0, NULL, NULL),
(51, 2, 46, 0, 0, 0, NULL, NULL, 0, 0, 0, 0, 0, 0, 0, 0, 0, 0, NULL, NULL),
(51, 2, 47, 0, 0, 0, NULL, NULL, 0, 0, 0, 0, 0, 0, 0, 0, 0, 0, NULL, NULL),
(51, 2, 48, 0, 0, 0, NULL, NULL, 0, 0, 0, 0, 0, 0, 0, 0, 0, 0, NULL, NULL),
(51, 9, 194, 0, 0, 0, NULL, NULL, 0, 0, 0, 0, 0, 0, 0, 0, 0, 0, NULL, NULL),
(51, 9, 195, 0, 0, 0, NULL, NULL, 0, 0, 0, 0, 0, 0, 0, 0, 0, 0, NULL, NULL),
(51, 9, 196, 0, 0, 0, NULL, NULL, 0, 0, 0, 0, 0, 0, 0, 0, 0, 0, NULL, NULL),
(51, 9, 197, 0, 0, 0, NULL, NULL, 0, 0, 0, 0, 0, 0, 0, 0, 0, 0, NULL, NULL),
(51, 9, 198, 0, 0, 0, NULL, NULL, 0, 0, 0, 0, 0, 0, 0, 0, 0, 0, NULL, NULL),
(51, 9, 199, 0, 0, 0, NULL, NULL, 0, 0, 0, 0, 0, 0, 0, 0, 0, 0, NULL, NULL),
(51, 9, 200, 0, 0, 0, NULL, NULL, 0, 0, 0, 0, 0, 0, 0, 0, 0, 0, NULL, NULL),
(51, 9, 201, 0, 0, 0, NULL, NULL, 0, 0, 0, 0, 0, 0, 0, 0, 0, 0, NULL, NULL),
(51, 9, 202, 0, 0, 0, NULL, NULL, 0, 0, 0, 0, 0, 0, 0, 0, 0, 0, NULL, NULL),
(51, 9, 203, 0, 0, 0, NULL, NULL, 0, 0, 0, 0, 0, 0, 0, 0, 0, 0, NULL, NULL),
(51, 9, 204, 0, 0, 0, NULL, NULL, 0, 0, 0, 0, 0, 0, 0, 0, 0, 0, NULL, NULL),
(51, 9, 205, 0, 0, 0, NULL, NULL, 0, 0, 0, 0, 0, 0, 0, 0, 0, 0, NULL, NULL),
(51, 9, 206, 0, 0, 0, NULL, NULL, 0, 0, 0, 0, 0, 0, 0, 0, 0, 0, NULL, NULL),
(51, 9, 207, 0, 0, 0, NULL, NULL, 0, 0, 0, 0, 0, 0, 0, 0, 0, 0, NULL, NULL),
(51, 9, 208, 0, 0, 0, NULL, NULL, 0, 0, 0, 0, 0, 0, 0, 0, 0, 0, NULL, NULL),
(51, 9, 209, 0, 0, 0, NULL, NULL, 0, 0, 0, 0, 0, 0, 0, 0, 0, 0, NULL, NULL),
(51, 9, 210, 0, 0, 0, NULL, NULL, 0, 0, 0, 0, 0, 0, 0, 0, 0, 0, NULL, NULL),
(51, 9, 211, 0, 0, 0, NULL, NULL, 0, 0, 0, 0, 0, 0, 0, 0, 0, 0, NULL, NULL),
(51, 9, 212, 0, 0, 0, NULL, NULL, 0, 0, 0, 0, 0, 0, 0, 0, 0, 0, NULL, NULL),
(51, 9, 213, 0, 0, 0, NULL, NULL, 0, 0, 0, 0, 0, 0, 0, 0, 0, 0, NULL, NULL),
(51, 9, 214, 0, 0, 0, NULL, NULL, 0, 0, 0, 0, 0, 0, 0, 0, 0, 0, NULL, NULL),
(51, 9, 215, 0, 0, 0, NULL, NULL, 0, 0, 0, 0, 0, 0, 0, 0, 0, 0, NULL, NULL),
(51, 9, 216, 0, 0, 0, NULL, NULL, 0, 0, 0, 0, 0, 0, 0, 0, 0, 0, NULL, NULL),
(52, 4, 74, 0, 0, 0, NULL, NULL, 0, 0, 0, 0, 0, 0, 0, 0, 0, 0, NULL, NULL),
(52, 4, 75, 0, 0, 0, NULL, NULL, 0, 0, 0, 0, 0, 0, 0, 0, 0, 0, NULL, NULL),
(52, 4, 76, 0, 0, 0, NULL, NULL, 0, 0, 0, 0, 0, 0, 0, 0, 0, 0, NULL, NULL),
(52, 4, 77, 0, 0, 0, NULL, NULL, 0, 0, 0, 0, 0, 0, 0, 0, 0, 0, NULL, NULL),
(52, 4, 78, 0, 0, 0, NULL, NULL, 0, 0, 0, 0, 0, 0, 0, 0, 0, 0, NULL, NULL),
(52, 4, 79, 0, 0, 0, NULL, NULL, 0, 0, 0, 0, 0, 0, 0, 0, 0, 0, NULL, NULL),
(52, 4, 80, 0, 0, 0, NULL, NULL, 0, 0, 0, 0, 0, 0, 0, 0, 0, 0, NULL, NULL),
(52, 4, 81, 0, 0, 0, NULL, NULL, 0, 0, 0, 0, 0, 0, 0, 0, 0, 0, NULL, NULL),
(52, 4, 82, 0, 0, 0, NULL, NULL, 0, 0, 0, 0, 0, 0, 0, 0, 0, 0, NULL, NULL),
(52, 4, 83, 0, 0, 0, NULL, NULL, 0, 0, 0, 0, 0, 0, 0, 0, 0, 0, NULL, NULL),
(52, 4, 84, 0, 0, 0, NULL, NULL, 0, 0, 0, 0, 0, 0, 0, 0, 0, 0, NULL, NULL),
(52, 4, 85, 0, 0, 0, NULL, NULL, 0, 0, 0, 0, 0, 0, 0, 0, 0, 0, NULL, NULL),
(52, 4, 86, 0, 0, 0, NULL, NULL, 0, 0, 0, 0, 0, 0, 0, 0, 0, 0, NULL, NULL),
(52, 4, 87, 0, 0, 0, NULL, NULL, 0, 0, 0, 0, 0, 0, 0, 0, 0, 0, NULL, NULL),
(52, 4, 88, 0, 0, 0, NULL, NULL, 0, 0, 0, 0, 0, 0, 0, 0, 0, 0, NULL, NULL),
(52, 4, 89, 0, 0, 0, NULL, NULL, 0, 0, 0, 0, 0, 0, 0, 0, 0, 0, NULL, NULL),
(52, 4, 90, 0, 0, 0, NULL, NULL, 0, 0, 0, 0, 0, 0, 0, 0, 0, 0, NULL, NULL),
(52, 4, 91, 0, 0, 0, NULL, NULL, 0, 0, 0, 0, 0, 0, 0, 0, 0, 0, NULL, NULL),
(52, 4, 92, 0, 0, 0, NULL, NULL, 0, 0, 0, 0, 0, 0, 0, 0, 0, 0, NULL, NULL),
(52, 4, 93, 0, 0, 0, NULL, NULL, 0, 0, 0, 0, 0, 0, 0, 0, 0, 0, NULL, NULL),
(52, 4, 94, 0, 0, 0, NULL, NULL, 0, 0, 0, 0, 0, 0, 0, 0, 0, 0, NULL, NULL),
(52, 4, 95, 0, 0, 0, NULL, NULL, 0, 0, 0, 0, 0, 0, 0, 0, 0, 0, NULL, NULL),
(52, 4, 96, 0, 0, 0, NULL, NULL, 0, 0, 0, 0, 0, 0, 0, 0, 0, 0, NULL, NULL),
(52, 4, 97, 0, 0, 0, NULL, NULL, 0, 0, 0, 0, 0, 0, 0, 0, 0, 0, NULL, NULL),
(52, 4, 98, 0, 0, 0, NULL, NULL, 0, 0, 0, 0, 0, 0, 0, 0, 0, 0, NULL, NULL),
(52, 5, 99, 0, 0, 0, NULL, NULL, 0, 0, 0, 0, 0, 0, 0, 0, 0, 0, NULL, NULL),
(52, 5, 100, 0, 0, 0, NULL, NULL, 0, 0, 0, 0, 0, 0, 0, 0, 0, 0, NULL, NULL),
(52, 5, 101, 0, 0, 0, NULL, NULL, 0, 0, 0, 0, 0, 0, 0, 0, 0, 0, NULL, NULL),
(52, 5, 102, 0, 0, 0, NULL, NULL, 0, 0, 0, 0, 0, 0, 0, 0, 0, 0, NULL, NULL),
(52, 5, 103, 0, 0, 0, NULL, NULL, 0, 0, 0, 0, 0, 0, 0, 0, 0, 0, NULL, NULL),
(52, 5, 104, 0, 0, 0, NULL, NULL, 0, 0, 0, 0, 0, 0, 0, 0, 0, 0, NULL, NULL),
(52, 5, 105, 0, 0, 0, NULL, NULL, 0, 0, 0, 0, 0, 0, 0, 0, 0, 0, NULL, NULL),
(52, 5, 106, 0, 0, 0, NULL, NULL, 0, 0, 0, 0, 0, 0, 0, 0, 0, 0, NULL, NULL),
(52, 5, 107, 0, 0, 0, NULL, NULL, 0, 0, 0, 0, 0, 0, 0, 0, 0, 0, NULL, NULL),
(52, 5, 108, 0, 0, 0, NULL, NULL, 0, 0, 0, 0, 0, 0, 0, 0, 0, 0, NULL, NULL),
(52, 5, 109, 0, 0, 0, NULL, NULL, 0, 0, 0, 0, 0, 0, 0, 0, 0, 0, NULL, NULL),
(52, 5, 110, 0, 0, 0, NULL, NULL, 0, 0, 0, 0, 0, 0, 0, 0, 0, 0, NULL, NULL),
(52, 5, 111, 0, 0, 0, NULL, NULL, 0, 0, 0, 0, 0, 0, 0, 0, 0, 0, NULL, NULL),
(52, 5, 112, 0, 0, 0, NULL, NULL, 0, 0, 0, 0, 0, 0, 0, 0, 0, 0, NULL, NULL),
(52, 5, 113, 0, 0, 0, NULL, NULL, 0, 0, 0, 0, 0, 0, 0, 0, 0, 0, NULL, NULL),
(52, 5, 114, 0, 0, 0, NULL, NULL, 0, 0, 0, 0, 0, 0, 0, 0, 0, 0, NULL, NULL),
(52, 5, 115, 0, 0, 0, NULL, NULL, 0, 0, 0, 0, 0, 0, 0, 0, 0, 0, NULL, NULL),
(52, 5, 116, 0, 0, 0, NULL, NULL, 0, 0, 0, 0, 0, 0, 0, 0, 0, 0, NULL, NULL),
(52, 5, 117, 0, 0, 0, NULL, NULL, 0, 0, 0, 0, 0, 0, 0, 0, 0, 0, NULL, NULL),
(52, 5, 118, 0, 0, 0, NULL, NULL, 0, 0, 0, 0, 0, 0, 0, 0, 0, 0, NULL, NULL),
(52, 5, 119, 0, 0, 0, NULL, NULL, 0, 0, 0, 0, 0, 0, 0, 0, 0, 0, NULL, NULL),
(52, 5, 120, 0, 0, 0, NULL, NULL, 0, 0, 0, 0, 0, 0, 0, 0, 0, 0, NULL, NULL),
(52, 5, 121, 0, 0, 0, NULL, NULL, 0, 0, 0, 0, 0, 0, 0, 0, 0, 0, NULL, NULL),
(52, 5, 122, 0, 0, 0, NULL, NULL, 0, 0, 0, 0, 0, 0, 0, 0, 0, 0, NULL, NULL),
(53, 3, 49, 0, 0, 0, NULL, NULL, 0, 0, 0, 0, 0, 0, 0, 0, 0, 0, NULL, NULL),
(53, 3, 50, 0, 0, 0, NULL, NULL, 0, 0, 0, 0, 0, 0, 0, 0, 0, 0, NULL, NULL),
(53, 3, 51, 0, 0, 0, NULL, NULL, 0, 0, 0, 0, 0, 0, 0, 0, 0, 0, NULL, NULL),
(53, 3, 52, 0, 0, 0, NULL, NULL, 0, 0, 0, 0, 0, 0, 0, 0, 0, 0, NULL, NULL),
(53, 3, 53, 0, 0, 0, NULL, NULL, 0, 0, 0, 0, 0, 0, 0, 0, 0, 0, NULL, NULL),
(53, 3, 54, 0, 0, 0, NULL, NULL, 0, 0, 0, 0, 0, 0, 0, 0, 0, 0, NULL, NULL),
(53, 3, 55, 0, 0, 0, NULL, NULL, 0, 0, 0, 0, 0, 0, 0, 0, 0, 0, NULL, NULL),
(53, 3, 56, 0, 0, 0, NULL, NULL, 0, 0, 0, 0, 0, 0, 0, 0, 0, 0, NULL, NULL),
(53, 3, 57, 0, 0, 0, NULL, NULL, 0, 0, 0, 0, 0, 0, 0, 0, 0, 0, NULL, NULL),
(53, 3, 58, 0, 0, 0, NULL, NULL, 0, 0, 0, 0, 0, 0, 0, 0, 0, 0, NULL, NULL),
(53, 3, 59, 0, 0, 0, NULL, NULL, 0, 0, 0, 0, 0, 0, 0, 0, 0, 0, NULL, NULL),
(53, 3, 60, 0, 0, 0, NULL, NULL, 0, 0, 0, 0, 0, 0, 0, 0, 0, 0, NULL, NULL),
(53, 3, 61, 0, 0, 0, NULL, NULL, 0, 0, 0, 0, 0, 0, 0, 0, 0, 0, NULL, NULL),
(53, 3, 62, 0, 0, 0, NULL, NULL, 0, 0, 0, 0, 0, 0, 0, 0, 0, 0, NULL, NULL),
(53, 3, 63, 0, 0, 0, NULL, NULL, 0, 0, 0, 0, 0, 0, 0, 0, 0, 0, NULL, NULL),
(53, 3, 64, 0, 0, 0, NULL, NULL, 0, 0, 0, 0, 0, 0, 0, 0, 0, 0, NULL, NULL),
(53, 3, 65, 0, 0, 0, NULL, NULL, 0, 0, 0, 0, 0, 0, 0, 0, 0, 0, NULL, NULL),
(53, 3, 66, 0, 0, 0, NULL, NULL, 0, 0, 0, 0, 0, 0, 0, 0, 0, 0, NULL, NULL),
(53, 3, 67, 0, 0, 0, NULL, NULL, 0, 0, 0, 0, 0, 0, 0, 0, 0, 0, NULL, NULL),
(53, 3, 68, 0, 0, 0, NULL, NULL, 0, 0, 0, 0, 0, 0, 0, 0, 0, 0, NULL, NULL),
(53, 3, 69, 0, 0, 0, NULL, NULL, 0, 0, 0, 0, 0, 0, 0, 0, 0, 0, NULL, NULL),
(53, 3, 70, 0, 0, 0, NULL, NULL, 0, 0, 0, 0, 0, 0, 0, 0, 0, 0, NULL, NULL),
(53, 3, 71, 0, 0, 0, NULL, NULL, 0, 0, 0, 0, 0, 0, 0, 0, 0, 0, NULL, NULL),
(53, 3, 72, 0, 0, 0, NULL, NULL, 0, 0, 0, 0, 0, 0, 0, 0, 0, 0, NULL, NULL),
(53, 3, 73, 0, 0, 0, NULL, NULL, 0, 0, 0, 0, 0, 0, 0, 0, 0, 0, NULL, NULL),
(53, 10, 217, 0, 0, 0, NULL, NULL, 0, 0, 0, 0, 0, 0, 0, 0, 0, 0, NULL, NULL),
(53, 10, 218, 0, 0, 0, NULL, NULL, 0, 0, 0, 0, 0, 0, 0, 0, 0, 0, NULL, NULL),
(53, 10, 219, 0, 0, 0, NULL, NULL, 0, 0, 0, 0, 0, 0, 0, 0, 0, 0, NULL, NULL),
(53, 10, 220, 0, 0, 0, NULL, NULL, 0, 0, 0, 0, 0, 0, 0, 0, 0, 0, NULL, NULL),
(53, 10, 221, 0, 0, 0, NULL, NULL, 0, 0, 0, 0, 0, 0, 0, 0, 0, 0, NULL, NULL),
(53, 10, 222, 0, 0, 0, NULL, NULL, 0, 0, 0, 0, 0, 0, 0, 0, 0, 0, NULL, NULL),
(53, 10, 223, 0, 0, 0, NULL, NULL, 0, 0, 0, 0, 0, 0, 0, 0, 0, 0, NULL, NULL),
(53, 10, 224, 0, 0, 0, NULL, NULL, 0, 0, 0, 0, 0, 0, 0, 0, 0, 0, NULL, NULL),
(53, 10, 225, 0, 0, 0, NULL, NULL, 0, 0, 0, 0, 0, 0, 0, 0, 0, 0, NULL, NULL),
(53, 10, 226, 0, 0, 0, NULL, NULL, 0, 0, 0, 0, 0, 0, 0, 0, 0, 0, NULL, NULL),
(53, 10, 227, 0, 0, 0, NULL, NULL, 0, 0, 0, 0, 0, 0, 0, 0, 0, 0, NULL, NULL),
(53, 10, 228, 0, 0, 0, NULL, NULL, 0, 0, 0, 0, 0, 0, 0, 0, 0, 0, NULL, NULL),
(53, 10, 229, 0, 0, 0, NULL, NULL, 0, 0, 0, 0, 0, 0, 0, 0, 0, 0, NULL, NULL),
(53, 10, 230, 0, 0, 0, NULL, NULL, 0, 0, 0, 0, 0, 0, 0, 0, 0, 0, NULL, NULL),
(53, 10, 231, 0, 0, 0, NULL, NULL, 0, 0, 0, 0, 0, 0, 0, 0, 0, 0, NULL, NULL),
(53, 10, 232, 0, 0, 0, NULL, NULL, 0, 0, 0, 0, 0, 0, 0, 0, 0, 0, NULL, NULL),
(53, 10, 233, 0, 0, 0, NULL, NULL, 0, 0, 0, 0, 0, 0, 0, 0, 0, 0, NULL, NULL),
(53, 10, 234, 0, 0, 0, NULL, NULL, 0, 0, 0, 0, 0, 0, 0, 0, 0, 0, NULL, NULL),
(53, 10, 235, 0, 0, 0, NULL, NULL, 0, 0, 0, 0, 0, 0, 0, 0, 0, 0, NULL, NULL),
(53, 10, 236, 0, 0, 0, NULL, NULL, 0, 0, 0, 0, 0, 0, 0, 0, 0, 0, NULL, NULL),
(53, 10, 237, 0, 0, 0, NULL, NULL, 0, 0, 0, 0, 0, 0, 0, 0, 0, 0, NULL, NULL),
(54, 1, 1, 0, 0, 0, NULL, NULL, 0, 0, 0, 0, 0, 0, 0, 0, 0, 0, NULL, NULL),
(54, 1, 2, 0, 0, 0, NULL, NULL, 0, 0, 0, 0, 0, 0, 0, 0, 0, 0, NULL, NULL),
(54, 1, 3, 0, 0, 0, NULL, NULL, 0, 0, 0, 0, 0, 0, 0, 0, 0, 0, NULL, NULL),
(54, 1, 4, 0, 0, 0, NULL, NULL, 0, 0, 0, 0, 0, 0, 0, 0, 0, 0, NULL, NULL),
(54, 1, 5, 0, 0, 0, NULL, NULL, 0, 0, 0, 0, 0, 0, 0, 0, 0, 0, NULL, NULL),
(54, 1, 6, 0, 0, 0, NULL, NULL, 0, 0, 0, 0, 0, 0, 0, 0, 0, 0, NULL, NULL),
(54, 1, 7, 0, 0, 0, NULL, NULL, 0, 0, 0, 0, 0, 0, 0, 0, 0, 0, NULL, NULL),
(54, 1, 8, 0, 0, 0, NULL, NULL, 0, 0, 0, 0, 0, 0, 0, 0, 0, 0, NULL, NULL),
(54, 1, 9, 0, 0, 0, NULL, NULL, 0, 0, 0, 0, 0, 0, 0, 0, 0, 0, NULL, NULL),
(54, 1, 10, 0, 0, 0, NULL, NULL, 0, 0, 0, 0, 0, 0, 0, 0, 0, 0, NULL, NULL),
(54, 1, 11, 0, 0, 0, NULL, NULL, 0, 0, 0, 0, 0, 0, 0, 0, 0, 0, NULL, NULL),
(54, 1, 12, 0, 0, 0, NULL, NULL, 0, 0, 0, 0, 0, 0, 0, 0, 0, 0, NULL, NULL),
(54, 1, 13, 0, 0, 0, NULL, NULL, 0, 0, 0, 0, 0, 0, 0, 0, 0, 0, NULL, NULL),
(54, 1, 14, 0, 0, 0, NULL, NULL, 0, 0, 0, 0, 0, 0, 0, 0, 0, 0, NULL, NULL),
(54, 1, 15, 0, 0, 0, NULL, NULL, 0, 0, 0, 0, 0, 0, 0, 0, 0, 0, NULL, NULL),
(54, 1, 16, 0, 0, 0, NULL, NULL, 0, 0, 0, 0, 0, 0, 0, 0, 0, 0, NULL, NULL),
(54, 1, 17, 0, 0, 0, NULL, NULL, 0, 0, 0, 0, 0, 0, 0, 0, 0, 0, NULL, NULL),
(54, 1, 18, 0, 0, 0, NULL, NULL, 0, 0, 0, 0, 0, 0, 0, 0, 0, 0, NULL, NULL),
(54, 1, 19, 0, 0, 0, NULL, NULL, 0, 0, 0, 0, 0, 0, 0, 0, 0, 0, NULL, NULL),
(54, 1, 20, 0, 0, 0, NULL, NULL, 0, 0, 0, 0, 0, 0, 0, 0, 0, 0, NULL, NULL),
(54, 1, 21, 0, 0, 0, NULL, NULL, 0, 0, 0, 0, 0, 0, 0, 0, 0, 0, NULL, NULL),
(54, 1, 22, 0, 0, 0, NULL, NULL, 0, 0, 0, 0, 0, 0, 0, 0, 0, 0, NULL, NULL),
(54, 1, 23, 0, 0, 0, NULL, NULL, 0, 0, 0, 0, 0, 0, 0, 0, 0, 0, NULL, NULL),
(54, 7, 147, 0, 0, 0, NULL, NULL, 0, 0, 0, 0, 0, 0, 0, 0, 0, 0, NULL, NULL),
(54, 7, 148, 0, 0, 0, NULL, NULL, 0, 0, 0, 0, 0, 0, 0, 0, 0, 0, NULL, NULL),
(54, 7, 149, 0, 0, 0, NULL, NULL, 0, 0, 0, 0, 0, 0, 0, 0, 0, 0, NULL, NULL),
(54, 7, 150, 0, 0, 0, NULL, NULL, 0, 0, 0, 0, 0, 0, 0, 0, 0, 0, NULL, NULL),
(54, 7, 151, 0, 0, 0, NULL, NULL, 0, 0, 0, 0, 0, 0, 0, 0, 0, 0, NULL, NULL),
(54, 7, 152, 0, 0, 0, NULL, NULL, 0, 0, 0, 0, 0, 0, 0, 0, 0, 0, NULL, NULL),
(54, 7, 153, 0, 0, 0, NULL, NULL, 0, 0, 0, 0, 0, 0, 0, 0, 0, 0, NULL, NULL),
(54, 7, 154, 0, 0, 0, NULL, NULL, 0, 0, 0, 0, 0, 0, 0, 0, 0, 0, NULL, NULL),
(54, 7, 155, 0, 0, 0, NULL, NULL, 0, 0, 0, 0, 0, 0, 0, 0, 0, 0, NULL, NULL),
(54, 7, 156, 0, 0, 0, NULL, NULL, 0, 0, 0, 0, 0, 0, 0, 0, 0, 0, NULL, NULL),
(54, 7, 157, 0, 0, 0, NULL, NULL, 0, 0, 0, 0, 0, 0, 0, 0, 0, 0, NULL, NULL),
(54, 7, 158, 0, 0, 0, NULL, NULL, 0, 0, 0, 0, 0, 0, 0, 0, 0, 0, NULL, NULL),
(54, 7, 159, 0, 0, 0, NULL, NULL, 0, 0, 0, 0, 0, 0, 0, 0, 0, 0, NULL, NULL),
(54, 7, 160, 0, 0, 0, NULL, NULL, 0, 0, 0, 0, 0, 0, 0, 0, 0, 0, NULL, NULL),
(54, 7, 161, 0, 0, 0, NULL, NULL, 0, 0, 0, 0, 0, 0, 0, 0, 0, 0, NULL, NULL),
(54, 7, 162, 0, 0, 0, NULL, NULL, 0, 0, 0, 0, 0, 0, 0, 0, 0, 0, NULL, NULL),
(54, 7, 163, 0, 0, 0, NULL, NULL, 0, 0, 0, 0, 0, 0, 0, 0, 0, 0, NULL, NULL),
(54, 7, 164, 0, 0, 0, NULL, NULL, 0, 0, 0, 0, 0, 0, 0, 0, 0, 0, NULL, NULL),
(54, 7, 165, 0, 0, 0, NULL, NULL, 0, 0, 0, 0, 0, 0, 0, 0, 0, 0, NULL, NULL),
(54, 7, 166, 0, 0, 0, NULL, NULL, 0, 0, 0, 0, 0, 0, 0, 0, 0, 0, NULL, NULL),
(54, 7, 167, 0, 0, 0, NULL, NULL, 0, 0, 0, 0, 0, 0, 0, 0, 0, 0, NULL, NULL),
(54, 7, 168, 0, 0, 0, NULL, NULL, 0, 0, 0, 0, 0, 0, 0, 0, 0, 0, NULL, NULL),
(54, 7, 169, 0, 0, 0, NULL, NULL, 0, 0, 0, 0, 0, 0, 0, 0, 0, 0, NULL, NULL),
(55, 6, 123, 0, 0, 0, NULL, NULL, 0, 0, 0, 0, 0, 0, 0, 0, 0, 0, NULL, NULL),
(55, 6, 124, 0, 0, 0, NULL, NULL, 0, 0, 0, 0, 0, 0, 0, 0, 0, 0, NULL, NULL),
(55, 6, 125, 0, 0, 0, NULL, NULL, 0, 0, 0, 0, 0, 0, 0, 0, 0, 0, NULL, NULL),
(55, 6, 126, 0, 0, 0, NULL, NULL, 0, 0, 0, 0, 0, 0, 0, 0, 0, 0, NULL, NULL),
(55, 6, 127, 0, 0, 0, NULL, NULL, 0, 0, 0, 0, 0, 0, 0, 0, 0, 0, NULL, NULL),
(55, 6, 128, 0, 0, 0, NULL, NULL, 0, 0, 0, 0, 0, 0, 0, 0, 0, 0, NULL, NULL),
(55, 6, 129, 0, 0, 0, NULL, NULL, 0, 0, 0, 0, 0, 0, 0, 0, 0, 0, NULL, NULL),
(55, 6, 130, 0, 0, 0, NULL, NULL, 0, 0, 0, 0, 0, 0, 0, 0, 0, 0, NULL, NULL),
(55, 6, 131, 0, 0, 0, NULL, NULL, 0, 0, 0, 0, 0, 0, 0, 0, 0, 0, NULL, NULL),
(55, 6, 132, 0, 0, 0, NULL, NULL, 0, 0, 0, 0, 0, 0, 0, 0, 0, 0, NULL, NULL),
(55, 6, 133, 0, 0, 0, NULL, NULL, 0, 0, 0, 0, 0, 0, 0, 0, 0, 0, NULL, NULL),
(55, 6, 134, 0, 0, 0, NULL, NULL, 0, 0, 0, 0, 0, 0, 0, 0, 0, 0, NULL, NULL),
(55, 6, 135, 0, 0, 0, NULL, NULL, 0, 0, 0, 0, 0, 0, 0, 0, 0, 0, NULL, NULL),
(55, 6, 136, 0, 0, 0, NULL, NULL, 0, 0, 0, 0, 0, 0, 0, 0, 0, 0, NULL, NULL),
(55, 6, 137, 0, 0, 0, NULL, NULL, 0, 0, 0, 0, 0, 0, 0, 0, 0, 0, NULL, NULL),
(55, 6, 138, 0, 0, 0, NULL, NULL, 0, 0, 0, 0, 0, 0, 0, 0, 0, 0, NULL, NULL),
(55, 6, 139, 0, 0, 0, NULL, NULL, 0, 0, 0, 0, 0, 0, 0, 0, 0, 0, NULL, NULL),
(55, 6, 140, 0, 0, 0, NULL, NULL, 0, 0, 0, 0, 0, 0, 0, 0, 0, 0, NULL, NULL),
(55, 6, 141, 0, 0, 0, NULL, NULL, 0, 0, 0, 0, 0, 0, 0, 0, 0, 0, NULL, NULL),
(55, 6, 142, 0, 0, 0, NULL, NULL, 0, 0, 0, 0, 0, 0, 0, 0, 0, 0, NULL, NULL),
(55, 6, 143, 0, 0, 0, NULL, NULL, 0, 0, 0, 0, 0, 0, 0, 0, 0, 0, NULL, NULL),
(55, 6, 144, 0, 0, 0, NULL, NULL, 0, 0, 0, 0, 0, 0, 0, 0, 0, 0, NULL, NULL),
(55, 6, 145, 0, 0, 0, NULL, NULL, 0, 0, 0, 0, 0, 0, 0, 0, 0, 0, NULL, NULL),
(55, 6, 146, 0, 0, 0, NULL, NULL, 0, 0, 0, 0, 0, 0, 0, 0, 0, 0, NULL, NULL),
(55, 8, 170, 0, 0, 0, NULL, NULL, 0, 0, 0, 0, 0, 0, 0, 0, 0, 0, NULL, NULL),
(55, 8, 171, 0, 0, 0, NULL, NULL, 0, 0, 0, 0, 0, 0, 0, 0, 0, 0, NULL, NULL),
(55, 8, 172, 0, 0, 0, NULL, NULL, 0, 0, 0, 0, 0, 0, 0, 0, 0, 0, NULL, NULL),
(55, 8, 173, 0, 0, 0, NULL, NULL, 0, 0, 0, 0, 0, 0, 0, 0, 0, 0, NULL, NULL),
(55, 8, 174, 0, 0, 0, NULL, NULL, 0, 0, 0, 0, 0, 0, 0, 0, 0, 0, NULL, NULL),
(55, 8, 175, 0, 0, 0, NULL, NULL, 0, 0, 0, 0, 0, 0, 0, 0, 0, 0, NULL, NULL),
(55, 8, 176, 0, 0, 0, NULL, NULL, 0, 0, 0, 0, 0, 0, 0, 0, 0, 0, NULL, NULL),
(55, 8, 177, 0, 0, 0, NULL, NULL, 0, 0, 0, 0, 0, 0, 0, 0, 0, 0, NULL, NULL),
(55, 8, 178, 0, 0, 0, NULL, NULL, 0, 0, 0, 0, 0, 0, 0, 0, 0, 0, NULL, NULL),
(55, 8, 179, 0, 0, 0, NULL, NULL, 0, 0, 0, 0, 0, 0, 0, 0, 0, 0, NULL, NULL),
(55, 8, 180, 0, 0, 0, NULL, NULL, 0, 0, 0, 0, 0, 0, 0, 0, 0, 0, NULL, NULL),
(55, 8, 181, 0, 0, 0, NULL, NULL, 0, 0, 0, 0, 0, 0, 0, 0, 0, 0, NULL, NULL),
(55, 8, 182, 0, 0, 0, NULL, NULL, 0, 0, 0, 0, 0, 0, 0, 0, 0, 0, NULL, NULL),
(55, 8, 183, 0, 0, 0, NULL, NULL, 0, 0, 0, 0, 0, 0, 0, 0, 0, 0, NULL, NULL),
(55, 8, 184, 0, 0, 0, NULL, NULL, 0, 0, 0, 0, 0, 0, 0, 0, 0, 0, NULL, NULL),
(55, 8, 185, 0, 0, 0, NULL, NULL, 0, 0, 0, 0, 0, 0, 0, 0, 0, 0, NULL, NULL),
(55, 8, 186, 0, 0, 0, NULL, NULL, 0, 0, 0, 0, 0, 0, 0, 0, 0, 0, NULL, NULL),
(55, 8, 187, 0, 0, 0, NULL, NULL, 0, 0, 0, 0, 0, 0, 0, 0, 0, 0, NULL, NULL),
(55, 8, 188, 0, 0, 0, NULL, NULL, 0, 0, 0, 0, 0, 0, 0, 0, 0, 0, NULL, NULL),
(55, 8, 189, 0, 0, 0, NULL, NULL, 0, 0, 0, 0, 0, 0, 0, 0, 0, 0, NULL, NULL),
(55, 8, 190, 0, 0, 0, NULL, NULL, 0, 0, 0, 0, 0, 0, 0, 0, 0, 0, NULL, NULL),
(55, 8, 191, 0, 0, 0, NULL, NULL, 0, 0, 0, 0, 0, 0, 0, 0, 0, 0, NULL, NULL),
(55, 8, 192, 0, 0, 0, NULL, NULL, 0, 0, 0, 0, 0, 0, 0, 0, 0, 0, NULL, NULL),
(55, 8, 193, 0, 0, 0, NULL, NULL, 0, 0, 0, 0, 0, 0, 0, 0, 0, 0, NULL, NULL),
(56, 2, 24, 0, 0, 0, NULL, NULL, 0, 0, 0, 0, 0, 0, 0, 0, 0, 0, NULL, NULL),
(56, 2, 25, 0, 0, 0, NULL, NULL, 0, 0, 0, 0, 0, 0, 0, 0, 0, 0, NULL, NULL),
(56, 2, 26, 0, 0, 0, NULL, NULL, 0, 0, 0, 0, 0, 0, 0, 0, 0, 0, NULL, NULL),
(56, 2, 27, 0, 0, 0, NULL, NULL, 0, 0, 0, 0, 0, 0, 0, 0, 0, 0, NULL, NULL),
(56, 2, 28, 0, 0, 0, NULL, NULL, 0, 0, 0, 0, 0, 0, 0, 0, 0, 0, NULL, NULL),
(56, 2, 29, 0, 0, 0, NULL, NULL, 0, 0, 0, 0, 0, 0, 0, 0, 0, 0, NULL, NULL),
(56, 2, 30, 0, 0, 0, NULL, NULL, 0, 0, 0, 0, 0, 0, 0, 0, 0, 0, NULL, NULL),
(56, 2, 31, 0, 0, 0, NULL, NULL, 0, 0, 0, 0, 0, 0, 0, 0, 0, 0, NULL, NULL),
(56, 2, 32, 0, 0, 0, NULL, NULL, 0, 0, 0, 0, 0, 0, 0, 0, 0, 0, NULL, NULL),
(56, 2, 33, 0, 0, 0, NULL, NULL, 0, 0, 0, 0, 0, 0, 0, 0, 0, 0, NULL, NULL),
(56, 2, 34, 0, 0, 0, NULL, NULL, 0, 0, 0, 0, 0, 0, 0, 0, 0, 0, NULL, NULL),
(56, 2, 35, 0, 0, 0, NULL, NULL, 0, 0, 0, 0, 0, 0, 0, 0, 0, 0, NULL, NULL),
(56, 2, 36, 0, 0, 0, NULL, NULL, 0, 0, 0, 0, 0, 0, 0, 0, 0, 0, NULL, NULL),
(56, 2, 37, 0, 0, 0, NULL, NULL, 0, 0, 0, 0, 0, 0, 0, 0, 0, 0, NULL, NULL),
(56, 2, 38, 0, 0, 0, NULL, NULL, 0, 0, 0, 0, 0, 0, 0, 0, 0, 0, NULL, NULL),
(56, 2, 39, 0, 0, 0, NULL, NULL, 0, 0, 0, 0, 0, 0, 0, 0, 0, 0, NULL, NULL),
(56, 2, 40, 0, 0, 0, NULL, NULL, 0, 0, 0, 0, 0, 0, 0, 0, 0, 0, NULL, NULL),
(56, 2, 41, 0, 0, 0, NULL, NULL, 0, 0, 0, 0, 0, 0, 0, 0, 0, 0, NULL, NULL),
(56, 2, 42, 0, 0, 0, NULL, NULL, 0, 0, 0, 0, 0, 0, 0, 0, 0, 0, NULL, NULL),
(56, 2, 43, 0, 0, 0, NULL, NULL, 0, 0, 0, 0, 0, 0, 0, 0, 0, 0, NULL, NULL),
(56, 2, 44, 0, 0, 0, NULL, NULL, 0, 0, 0, 0, 0, 0, 0, 0, 0, 0, NULL, NULL),
(56, 2, 45, 0, 0, 0, NULL, NULL, 0, 0, 0, 0, 0, 0, 0, 0, 0, 0, NULL, NULL),
(56, 2, 46, 0, 0, 0, NULL, NULL, 0, 0, 0, 0, 0, 0, 0, 0, 0, 0, NULL, NULL),
(56, 2, 47, 0, 0, 0, NULL, NULL, 0, 0, 0, 0, 0, 0, 0, 0, 0, 0, NULL, NULL),
(56, 2, 48, 0, 0, 0, NULL, NULL, 0, 0, 0, 0, 0, 0, 0, 0, 0, 0, NULL, NULL),
(56, 3, 49, 0, 0, 0, NULL, NULL, 0, 0, 0, 0, 0, 0, 0, 0, 0, 0, NULL, NULL),
(56, 3, 50, 0, 0, 0, NULL, NULL, 0, 0, 0, 0, 0, 0, 0, 0, 0, 0, NULL, NULL),
(56, 3, 51, 0, 0, 0, NULL, NULL, 0, 0, 0, 0, 0, 0, 0, 0, 0, 0, NULL, NULL),
(56, 3, 52, 0, 0, 0, NULL, NULL, 0, 0, 0, 0, 0, 0, 0, 0, 0, 0, NULL, NULL),
(56, 3, 53, 0, 0, 0, NULL, NULL, 0, 0, 0, 0, 0, 0, 0, 0, 0, 0, NULL, NULL),
(56, 3, 54, 0, 0, 0, NULL, NULL, 0, 0, 0, 0, 0, 0, 0, 0, 0, 0, NULL, NULL),
(56, 3, 55, 0, 0, 0, NULL, NULL, 0, 0, 0, 0, 0, 0, 0, 0, 0, 0, NULL, NULL),
(56, 3, 56, 0, 0, 0, NULL, NULL, 0, 0, 0, 0, 0, 0, 0, 0, 0, 0, NULL, NULL),
(56, 3, 57, 0, 0, 0, NULL, NULL, 0, 0, 0, 0, 0, 0, 0, 0, 0, 0, NULL, NULL),
(56, 3, 58, 0, 0, 0, NULL, NULL, 0, 0, 0, 0, 0, 0, 0, 0, 0, 0, NULL, NULL),
(56, 3, 59, 0, 0, 0, NULL, NULL, 0, 0, 0, 0, 0, 0, 0, 0, 0, 0, NULL, NULL),
(56, 3, 60, 0, 0, 0, NULL, NULL, 0, 0, 0, 0, 0, 0, 0, 0, 0, 0, NULL, NULL),
(56, 3, 61, 0, 0, 0, NULL, NULL, 0, 0, 0, 0, 0, 0, 0, 0, 0, 0, NULL, NULL),
(56, 3, 62, 0, 0, 0, NULL, NULL, 0, 0, 0, 0, 0, 0, 0, 0, 0, 0, NULL, NULL),
(56, 3, 63, 0, 0, 0, NULL, NULL, 0, 0, 0, 0, 0, 0, 0, 0, 0, 0, NULL, NULL),
(56, 3, 64, 0, 0, 0, NULL, NULL, 0, 0, 0, 0, 0, 0, 0, 0, 0, 0, NULL, NULL),
(56, 3, 65, 0, 0, 0, NULL, NULL, 0, 0, 0, 0, 0, 0, 0, 0, 0, 0, NULL, NULL),
(56, 3, 66, 0, 0, 0, NULL, NULL, 0, 0, 0, 0, 0, 0, 0, 0, 0, 0, NULL, NULL),
(56, 3, 67, 0, 0, 0, NULL, NULL, 0, 0, 0, 0, 0, 0, 0, 0, 0, 0, NULL, NULL),
(56, 3, 68, 0, 0, 0, NULL, NULL, 0, 0, 0, 0, 0, 0, 0, 0, 0, 0, NULL, NULL),
(56, 3, 69, 0, 0, 0, NULL, NULL, 0, 0, 0, 0, 0, 0, 0, 0, 0, 0, NULL, NULL),
(56, 3, 70, 0, 0, 0, NULL, NULL, 0, 0, 0, 0, 0, 0, 0, 0, 0, 0, NULL, NULL),
(56, 3, 71, 0, 0, 0, NULL, NULL, 0, 0, 0, 0, 0, 0, 0, 0, 0, 0, NULL, NULL),
(56, 3, 72, 0, 0, 0, NULL, NULL, 0, 0, 0, 0, 0, 0, 0, 0, 0, 0, NULL, NULL),
(56, 3, 73, 0, 0, 0, NULL, NULL, 0, 0, 0, 0, 0, 0, 0, 0, 0, 0, NULL, NULL),
(57, 9, 194, 0, 0, 0, NULL, NULL, 0, 0, 0, 0, 0, 0, 0, 0, 0, 0, NULL, NULL),
(57, 9, 195, 0, 0, 0, NULL, NULL, 0, 0, 0, 0, 0, 0, 0, 0, 0, 0, NULL, NULL),
(57, 9, 196, 0, 0, 0, NULL, NULL, 0, 0, 0, 0, 0, 0, 0, 0, 0, 0, NULL, NULL),
(57, 9, 197, 0, 0, 0, NULL, NULL, 0, 0, 0, 0, 0, 0, 0, 0, 0, 0, NULL, NULL),
(57, 9, 198, 0, 0, 0, NULL, NULL, 0, 0, 0, 0, 0, 0, 0, 0, 0, 0, NULL, NULL),
(57, 9, 199, 0, 0, 0, NULL, NULL, 0, 0, 0, 0, 0, 0, 0, 0, 0, 0, NULL, NULL),
(57, 9, 200, 0, 0, 0, NULL, NULL, 0, 0, 0, 0, 0, 0, 0, 0, 0, 0, NULL, NULL),
(57, 9, 201, 0, 0, 0, NULL, NULL, 0, 0, 0, 0, 0, 0, 0, 0, 0, 0, NULL, NULL),
(57, 9, 202, 0, 0, 0, NULL, NULL, 0, 0, 0, 0, 0, 0, 0, 0, 0, 0, NULL, NULL);
INSERT INTO `match_players` (`matchId`, `competitorId`, `playerId`, `isSelected`, `isCaptain`, `isWicketKeeper`, `order`, `points`, `runsPoints`, `foursPoints`, `sixesPoints`, `numberRunsPoints`, `numberWicketPoints`, `wicketPoints`, `maidenOverPoints`, `lbwOrBowledPoints`, `catchesPoints`, `runOutPoints`, `economyPoints`, `strikeRatePoints`) VALUES
(57, 9, 203, 0, 0, 0, NULL, NULL, 0, 0, 0, 0, 0, 0, 0, 0, 0, 0, NULL, NULL),
(57, 9, 204, 0, 0, 0, NULL, NULL, 0, 0, 0, 0, 0, 0, 0, 0, 0, 0, NULL, NULL),
(57, 9, 205, 0, 0, 0, NULL, NULL, 0, 0, 0, 0, 0, 0, 0, 0, 0, 0, NULL, NULL),
(57, 9, 206, 0, 0, 0, NULL, NULL, 0, 0, 0, 0, 0, 0, 0, 0, 0, 0, NULL, NULL),
(57, 9, 207, 0, 0, 0, NULL, NULL, 0, 0, 0, 0, 0, 0, 0, 0, 0, 0, NULL, NULL),
(57, 9, 208, 0, 0, 0, NULL, NULL, 0, 0, 0, 0, 0, 0, 0, 0, 0, 0, NULL, NULL),
(57, 9, 209, 0, 0, 0, NULL, NULL, 0, 0, 0, 0, 0, 0, 0, 0, 0, 0, NULL, NULL),
(57, 9, 210, 0, 0, 0, NULL, NULL, 0, 0, 0, 0, 0, 0, 0, 0, 0, 0, NULL, NULL),
(57, 9, 211, 0, 0, 0, NULL, NULL, 0, 0, 0, 0, 0, 0, 0, 0, 0, 0, NULL, NULL),
(57, 9, 212, 0, 0, 0, NULL, NULL, 0, 0, 0, 0, 0, 0, 0, 0, 0, 0, NULL, NULL),
(57, 9, 213, 0, 0, 0, NULL, NULL, 0, 0, 0, 0, 0, 0, 0, 0, 0, 0, NULL, NULL),
(57, 9, 214, 0, 0, 0, NULL, NULL, 0, 0, 0, 0, 0, 0, 0, 0, 0, 0, NULL, NULL),
(57, 9, 215, 0, 0, 0, NULL, NULL, 0, 0, 0, 0, 0, 0, 0, 0, 0, 0, NULL, NULL),
(57, 9, 216, 0, 0, 0, NULL, NULL, 0, 0, 0, 0, 0, 0, 0, 0, 0, 0, NULL, NULL),
(57, 10, 217, 0, 0, 0, NULL, NULL, 0, 0, 0, 0, 0, 0, 0, 0, 0, 0, NULL, NULL),
(57, 10, 218, 0, 0, 0, NULL, NULL, 0, 0, 0, 0, 0, 0, 0, 0, 0, 0, NULL, NULL),
(57, 10, 219, 0, 0, 0, NULL, NULL, 0, 0, 0, 0, 0, 0, 0, 0, 0, 0, NULL, NULL),
(57, 10, 220, 0, 0, 0, NULL, NULL, 0, 0, 0, 0, 0, 0, 0, 0, 0, 0, NULL, NULL),
(57, 10, 221, 0, 0, 0, NULL, NULL, 0, 0, 0, 0, 0, 0, 0, 0, 0, 0, NULL, NULL),
(57, 10, 222, 0, 0, 0, NULL, NULL, 0, 0, 0, 0, 0, 0, 0, 0, 0, 0, NULL, NULL),
(57, 10, 223, 0, 0, 0, NULL, NULL, 0, 0, 0, 0, 0, 0, 0, 0, 0, 0, NULL, NULL),
(57, 10, 224, 0, 0, 0, NULL, NULL, 0, 0, 0, 0, 0, 0, 0, 0, 0, 0, NULL, NULL),
(57, 10, 225, 0, 0, 0, NULL, NULL, 0, 0, 0, 0, 0, 0, 0, 0, 0, 0, NULL, NULL),
(57, 10, 226, 0, 0, 0, NULL, NULL, 0, 0, 0, 0, 0, 0, 0, 0, 0, 0, NULL, NULL),
(57, 10, 227, 0, 0, 0, NULL, NULL, 0, 0, 0, 0, 0, 0, 0, 0, 0, 0, NULL, NULL),
(57, 10, 228, 0, 0, 0, NULL, NULL, 0, 0, 0, 0, 0, 0, 0, 0, 0, 0, NULL, NULL),
(57, 10, 229, 0, 0, 0, NULL, NULL, 0, 0, 0, 0, 0, 0, 0, 0, 0, 0, NULL, NULL),
(57, 10, 230, 0, 0, 0, NULL, NULL, 0, 0, 0, 0, 0, 0, 0, 0, 0, 0, NULL, NULL),
(57, 10, 231, 0, 0, 0, NULL, NULL, 0, 0, 0, 0, 0, 0, 0, 0, 0, 0, NULL, NULL),
(57, 10, 232, 0, 0, 0, NULL, NULL, 0, 0, 0, 0, 0, 0, 0, 0, 0, 0, NULL, NULL),
(57, 10, 233, 0, 0, 0, NULL, NULL, 0, 0, 0, 0, 0, 0, 0, 0, 0, 0, NULL, NULL),
(57, 10, 234, 0, 0, 0, NULL, NULL, 0, 0, 0, 0, 0, 0, 0, 0, 0, 0, NULL, NULL),
(57, 10, 235, 0, 0, 0, NULL, NULL, 0, 0, 0, 0, 0, 0, 0, 0, 0, 0, NULL, NULL),
(57, 10, 236, 0, 0, 0, NULL, NULL, 0, 0, 0, 0, 0, 0, 0, 0, 0, 0, NULL, NULL),
(57, 10, 237, 0, 0, 0, NULL, NULL, 0, 0, 0, 0, 0, 0, 0, 0, 0, 0, NULL, NULL),
(58, 5, 99, 0, 0, 0, NULL, NULL, 0, 0, 0, 0, 0, 0, 0, 0, 0, 0, NULL, NULL),
(58, 5, 100, 0, 0, 0, NULL, NULL, 0, 0, 0, 0, 0, 0, 0, 0, 0, 0, NULL, NULL),
(58, 5, 101, 0, 0, 0, NULL, NULL, 0, 0, 0, 0, 0, 0, 0, 0, 0, 0, NULL, NULL),
(58, 5, 102, 0, 0, 0, NULL, NULL, 0, 0, 0, 0, 0, 0, 0, 0, 0, 0, NULL, NULL),
(58, 5, 103, 0, 0, 0, NULL, NULL, 0, 0, 0, 0, 0, 0, 0, 0, 0, 0, NULL, NULL),
(58, 5, 104, 0, 0, 0, NULL, NULL, 0, 0, 0, 0, 0, 0, 0, 0, 0, 0, NULL, NULL),
(58, 5, 105, 0, 0, 0, NULL, NULL, 0, 0, 0, 0, 0, 0, 0, 0, 0, 0, NULL, NULL),
(58, 5, 106, 0, 0, 0, NULL, NULL, 0, 0, 0, 0, 0, 0, 0, 0, 0, 0, NULL, NULL),
(58, 5, 107, 0, 0, 0, NULL, NULL, 0, 0, 0, 0, 0, 0, 0, 0, 0, 0, NULL, NULL),
(58, 5, 108, 0, 0, 0, NULL, NULL, 0, 0, 0, 0, 0, 0, 0, 0, 0, 0, NULL, NULL),
(58, 5, 109, 0, 0, 0, NULL, NULL, 0, 0, 0, 0, 0, 0, 0, 0, 0, 0, NULL, NULL),
(58, 5, 110, 0, 0, 0, NULL, NULL, 0, 0, 0, 0, 0, 0, 0, 0, 0, 0, NULL, NULL),
(58, 5, 111, 0, 0, 0, NULL, NULL, 0, 0, 0, 0, 0, 0, 0, 0, 0, 0, NULL, NULL),
(58, 5, 112, 0, 0, 0, NULL, NULL, 0, 0, 0, 0, 0, 0, 0, 0, 0, 0, NULL, NULL),
(58, 5, 113, 0, 0, 0, NULL, NULL, 0, 0, 0, 0, 0, 0, 0, 0, 0, 0, NULL, NULL),
(58, 5, 114, 0, 0, 0, NULL, NULL, 0, 0, 0, 0, 0, 0, 0, 0, 0, 0, NULL, NULL),
(58, 5, 115, 0, 0, 0, NULL, NULL, 0, 0, 0, 0, 0, 0, 0, 0, 0, 0, NULL, NULL),
(58, 5, 116, 0, 0, 0, NULL, NULL, 0, 0, 0, 0, 0, 0, 0, 0, 0, 0, NULL, NULL),
(58, 5, 117, 0, 0, 0, NULL, NULL, 0, 0, 0, 0, 0, 0, 0, 0, 0, 0, NULL, NULL),
(58, 5, 118, 0, 0, 0, NULL, NULL, 0, 0, 0, 0, 0, 0, 0, 0, 0, 0, NULL, NULL),
(58, 5, 119, 0, 0, 0, NULL, NULL, 0, 0, 0, 0, 0, 0, 0, 0, 0, 0, NULL, NULL),
(58, 5, 120, 0, 0, 0, NULL, NULL, 0, 0, 0, 0, 0, 0, 0, 0, 0, 0, NULL, NULL),
(58, 5, 121, 0, 0, 0, NULL, NULL, 0, 0, 0, 0, 0, 0, 0, 0, 0, 0, NULL, NULL),
(58, 5, 122, 0, 0, 0, NULL, NULL, 0, 0, 0, 0, 0, 0, 0, 0, 0, 0, NULL, NULL),
(58, 8, 170, 0, 0, 0, NULL, NULL, 0, 0, 0, 0, 0, 0, 0, 0, 0, 0, NULL, NULL),
(58, 8, 171, 0, 0, 0, NULL, NULL, 0, 0, 0, 0, 0, 0, 0, 0, 0, 0, NULL, NULL),
(58, 8, 172, 0, 0, 0, NULL, NULL, 0, 0, 0, 0, 0, 0, 0, 0, 0, 0, NULL, NULL),
(58, 8, 173, 0, 0, 0, NULL, NULL, 0, 0, 0, 0, 0, 0, 0, 0, 0, 0, NULL, NULL),
(58, 8, 174, 0, 0, 0, NULL, NULL, 0, 0, 0, 0, 0, 0, 0, 0, 0, 0, NULL, NULL),
(58, 8, 175, 0, 0, 0, NULL, NULL, 0, 0, 0, 0, 0, 0, 0, 0, 0, 0, NULL, NULL),
(58, 8, 176, 0, 0, 0, NULL, NULL, 0, 0, 0, 0, 0, 0, 0, 0, 0, 0, NULL, NULL),
(58, 8, 177, 0, 0, 0, NULL, NULL, 0, 0, 0, 0, 0, 0, 0, 0, 0, 0, NULL, NULL),
(58, 8, 178, 0, 0, 0, NULL, NULL, 0, 0, 0, 0, 0, 0, 0, 0, 0, 0, NULL, NULL),
(58, 8, 179, 0, 0, 0, NULL, NULL, 0, 0, 0, 0, 0, 0, 0, 0, 0, 0, NULL, NULL),
(58, 8, 180, 0, 0, 0, NULL, NULL, 0, 0, 0, 0, 0, 0, 0, 0, 0, 0, NULL, NULL),
(58, 8, 181, 0, 0, 0, NULL, NULL, 0, 0, 0, 0, 0, 0, 0, 0, 0, 0, NULL, NULL),
(58, 8, 182, 0, 0, 0, NULL, NULL, 0, 0, 0, 0, 0, 0, 0, 0, 0, 0, NULL, NULL),
(58, 8, 183, 0, 0, 0, NULL, NULL, 0, 0, 0, 0, 0, 0, 0, 0, 0, 0, NULL, NULL),
(58, 8, 184, 0, 0, 0, NULL, NULL, 0, 0, 0, 0, 0, 0, 0, 0, 0, 0, NULL, NULL),
(58, 8, 185, 0, 0, 0, NULL, NULL, 0, 0, 0, 0, 0, 0, 0, 0, 0, 0, NULL, NULL),
(58, 8, 186, 0, 0, 0, NULL, NULL, 0, 0, 0, 0, 0, 0, 0, 0, 0, 0, NULL, NULL),
(58, 8, 187, 0, 0, 0, NULL, NULL, 0, 0, 0, 0, 0, 0, 0, 0, 0, 0, NULL, NULL),
(58, 8, 188, 0, 0, 0, NULL, NULL, 0, 0, 0, 0, 0, 0, 0, 0, 0, 0, NULL, NULL),
(58, 8, 189, 0, 0, 0, NULL, NULL, 0, 0, 0, 0, 0, 0, 0, 0, 0, 0, NULL, NULL),
(58, 8, 190, 0, 0, 0, NULL, NULL, 0, 0, 0, 0, 0, 0, 0, 0, 0, 0, NULL, NULL),
(58, 8, 191, 0, 0, 0, NULL, NULL, 0, 0, 0, 0, 0, 0, 0, 0, 0, 0, NULL, NULL),
(58, 8, 192, 0, 0, 0, NULL, NULL, 0, 0, 0, 0, 0, 0, 0, 0, 0, 0, NULL, NULL),
(58, 8, 193, 0, 0, 0, NULL, NULL, 0, 0, 0, 0, 0, 0, 0, 0, 0, 0, NULL, NULL),
(59, 2, 24, 0, 0, 0, NULL, NULL, 0, 0, 0, 0, 0, 0, 0, 0, 0, 0, NULL, NULL),
(59, 2, 25, 0, 0, 0, NULL, NULL, 0, 0, 0, 0, 0, 0, 0, 0, 0, 0, NULL, NULL),
(59, 2, 26, 0, 0, 0, NULL, NULL, 0, 0, 0, 0, 0, 0, 0, 0, 0, 0, NULL, NULL),
(59, 2, 27, 0, 0, 0, NULL, NULL, 0, 0, 0, 0, 0, 0, 0, 0, 0, 0, NULL, NULL),
(59, 2, 28, 0, 0, 0, NULL, NULL, 0, 0, 0, 0, 0, 0, 0, 0, 0, 0, NULL, NULL),
(59, 2, 29, 0, 0, 0, NULL, NULL, 0, 0, 0, 0, 0, 0, 0, 0, 0, 0, NULL, NULL),
(59, 2, 30, 0, 0, 0, NULL, NULL, 0, 0, 0, 0, 0, 0, 0, 0, 0, 0, NULL, NULL),
(59, 2, 31, 0, 0, 0, NULL, NULL, 0, 0, 0, 0, 0, 0, 0, 0, 0, 0, NULL, NULL),
(59, 2, 32, 0, 0, 0, NULL, NULL, 0, 0, 0, 0, 0, 0, 0, 0, 0, 0, NULL, NULL),
(59, 2, 33, 0, 0, 0, NULL, NULL, 0, 0, 0, 0, 0, 0, 0, 0, 0, 0, NULL, NULL),
(59, 2, 34, 0, 0, 0, NULL, NULL, 0, 0, 0, 0, 0, 0, 0, 0, 0, 0, NULL, NULL),
(59, 2, 35, 0, 0, 0, NULL, NULL, 0, 0, 0, 0, 0, 0, 0, 0, 0, 0, NULL, NULL),
(59, 2, 36, 0, 0, 0, NULL, NULL, 0, 0, 0, 0, 0, 0, 0, 0, 0, 0, NULL, NULL),
(59, 2, 37, 0, 0, 0, NULL, NULL, 0, 0, 0, 0, 0, 0, 0, 0, 0, 0, NULL, NULL),
(59, 2, 38, 0, 0, 0, NULL, NULL, 0, 0, 0, 0, 0, 0, 0, 0, 0, 0, NULL, NULL),
(59, 2, 39, 0, 0, 0, NULL, NULL, 0, 0, 0, 0, 0, 0, 0, 0, 0, 0, NULL, NULL),
(59, 2, 40, 0, 0, 0, NULL, NULL, 0, 0, 0, 0, 0, 0, 0, 0, 0, 0, NULL, NULL),
(59, 2, 41, 0, 0, 0, NULL, NULL, 0, 0, 0, 0, 0, 0, 0, 0, 0, 0, NULL, NULL),
(59, 2, 42, 0, 0, 0, NULL, NULL, 0, 0, 0, 0, 0, 0, 0, 0, 0, 0, NULL, NULL),
(59, 2, 43, 0, 0, 0, NULL, NULL, 0, 0, 0, 0, 0, 0, 0, 0, 0, 0, NULL, NULL),
(59, 2, 44, 0, 0, 0, NULL, NULL, 0, 0, 0, 0, 0, 0, 0, 0, 0, 0, NULL, NULL),
(59, 2, 45, 0, 0, 0, NULL, NULL, 0, 0, 0, 0, 0, 0, 0, 0, 0, 0, NULL, NULL),
(59, 2, 46, 0, 0, 0, NULL, NULL, 0, 0, 0, 0, 0, 0, 0, 0, 0, 0, NULL, NULL),
(59, 2, 47, 0, 0, 0, NULL, NULL, 0, 0, 0, 0, 0, 0, 0, 0, 0, 0, NULL, NULL),
(59, 2, 48, 0, 0, 0, NULL, NULL, 0, 0, 0, 0, 0, 0, 0, 0, 0, 0, NULL, NULL),
(59, 6, 123, 0, 0, 0, NULL, NULL, 0, 0, 0, 0, 0, 0, 0, 0, 0, 0, NULL, NULL),
(59, 6, 124, 0, 0, 0, NULL, NULL, 0, 0, 0, 0, 0, 0, 0, 0, 0, 0, NULL, NULL),
(59, 6, 125, 0, 0, 0, NULL, NULL, 0, 0, 0, 0, 0, 0, 0, 0, 0, 0, NULL, NULL),
(59, 6, 126, 0, 0, 0, NULL, NULL, 0, 0, 0, 0, 0, 0, 0, 0, 0, 0, NULL, NULL),
(59, 6, 127, 0, 0, 0, NULL, NULL, 0, 0, 0, 0, 0, 0, 0, 0, 0, 0, NULL, NULL),
(59, 6, 128, 0, 0, 0, NULL, NULL, 0, 0, 0, 0, 0, 0, 0, 0, 0, 0, NULL, NULL),
(59, 6, 129, 0, 0, 0, NULL, NULL, 0, 0, 0, 0, 0, 0, 0, 0, 0, 0, NULL, NULL),
(59, 6, 130, 0, 0, 0, NULL, NULL, 0, 0, 0, 0, 0, 0, 0, 0, 0, 0, NULL, NULL),
(59, 6, 131, 0, 0, 0, NULL, NULL, 0, 0, 0, 0, 0, 0, 0, 0, 0, 0, NULL, NULL),
(59, 6, 132, 0, 0, 0, NULL, NULL, 0, 0, 0, 0, 0, 0, 0, 0, 0, 0, NULL, NULL),
(59, 6, 133, 0, 0, 0, NULL, NULL, 0, 0, 0, 0, 0, 0, 0, 0, 0, 0, NULL, NULL),
(59, 6, 134, 0, 0, 0, NULL, NULL, 0, 0, 0, 0, 0, 0, 0, 0, 0, 0, NULL, NULL),
(59, 6, 135, 0, 0, 0, NULL, NULL, 0, 0, 0, 0, 0, 0, 0, 0, 0, 0, NULL, NULL),
(59, 6, 136, 0, 0, 0, NULL, NULL, 0, 0, 0, 0, 0, 0, 0, 0, 0, 0, NULL, NULL),
(59, 6, 137, 0, 0, 0, NULL, NULL, 0, 0, 0, 0, 0, 0, 0, 0, 0, 0, NULL, NULL),
(59, 6, 138, 0, 0, 0, NULL, NULL, 0, 0, 0, 0, 0, 0, 0, 0, 0, 0, NULL, NULL),
(59, 6, 139, 0, 0, 0, NULL, NULL, 0, 0, 0, 0, 0, 0, 0, 0, 0, 0, NULL, NULL),
(59, 6, 140, 0, 0, 0, NULL, NULL, 0, 0, 0, 0, 0, 0, 0, 0, 0, 0, NULL, NULL),
(59, 6, 141, 0, 0, 0, NULL, NULL, 0, 0, 0, 0, 0, 0, 0, 0, 0, 0, NULL, NULL),
(59, 6, 142, 0, 0, 0, NULL, NULL, 0, 0, 0, 0, 0, 0, 0, 0, 0, 0, NULL, NULL),
(59, 6, 143, 0, 0, 0, NULL, NULL, 0, 0, 0, 0, 0, 0, 0, 0, 0, 0, NULL, NULL),
(59, 6, 144, 0, 0, 0, NULL, NULL, 0, 0, 0, 0, 0, 0, 0, 0, 0, 0, NULL, NULL),
(59, 6, 145, 0, 0, 0, NULL, NULL, 0, 0, 0, 0, 0, 0, 0, 0, 0, 0, NULL, NULL),
(59, 6, 146, 0, 0, 0, NULL, NULL, 0, 0, 0, 0, 0, 0, 0, 0, 0, 0, NULL, NULL),
(60, 4, 74, 0, 0, 0, NULL, NULL, 0, 0, 0, 0, 0, 0, 0, 0, 0, 0, NULL, NULL),
(60, 4, 75, 0, 0, 0, NULL, NULL, 0, 0, 0, 0, 0, 0, 0, 0, 0, 0, NULL, NULL),
(60, 4, 76, 0, 0, 0, NULL, NULL, 0, 0, 0, 0, 0, 0, 0, 0, 0, 0, NULL, NULL),
(60, 4, 77, 0, 0, 0, NULL, NULL, 0, 0, 0, 0, 0, 0, 0, 0, 0, 0, NULL, NULL),
(60, 4, 78, 0, 0, 0, NULL, NULL, 0, 0, 0, 0, 0, 0, 0, 0, 0, 0, NULL, NULL),
(60, 4, 79, 0, 0, 0, NULL, NULL, 0, 0, 0, 0, 0, 0, 0, 0, 0, 0, NULL, NULL),
(60, 4, 80, 0, 0, 0, NULL, NULL, 0, 0, 0, 0, 0, 0, 0, 0, 0, 0, NULL, NULL),
(60, 4, 81, 0, 0, 0, NULL, NULL, 0, 0, 0, 0, 0, 0, 0, 0, 0, 0, NULL, NULL),
(60, 4, 82, 0, 0, 0, NULL, NULL, 0, 0, 0, 0, 0, 0, 0, 0, 0, 0, NULL, NULL),
(60, 4, 83, 0, 0, 0, NULL, NULL, 0, 0, 0, 0, 0, 0, 0, 0, 0, 0, NULL, NULL),
(60, 4, 84, 0, 0, 0, NULL, NULL, 0, 0, 0, 0, 0, 0, 0, 0, 0, 0, NULL, NULL),
(60, 4, 85, 0, 0, 0, NULL, NULL, 0, 0, 0, 0, 0, 0, 0, 0, 0, 0, NULL, NULL),
(60, 4, 86, 0, 0, 0, NULL, NULL, 0, 0, 0, 0, 0, 0, 0, 0, 0, 0, NULL, NULL),
(60, 4, 87, 0, 0, 0, NULL, NULL, 0, 0, 0, 0, 0, 0, 0, 0, 0, 0, NULL, NULL),
(60, 4, 88, 0, 0, 0, NULL, NULL, 0, 0, 0, 0, 0, 0, 0, 0, 0, 0, NULL, NULL),
(60, 4, 89, 0, 0, 0, NULL, NULL, 0, 0, 0, 0, 0, 0, 0, 0, 0, 0, NULL, NULL),
(60, 4, 90, 0, 0, 0, NULL, NULL, 0, 0, 0, 0, 0, 0, 0, 0, 0, 0, NULL, NULL),
(60, 4, 91, 0, 0, 0, NULL, NULL, 0, 0, 0, 0, 0, 0, 0, 0, 0, 0, NULL, NULL),
(60, 4, 92, 0, 0, 0, NULL, NULL, 0, 0, 0, 0, 0, 0, 0, 0, 0, 0, NULL, NULL),
(60, 4, 93, 0, 0, 0, NULL, NULL, 0, 0, 0, 0, 0, 0, 0, 0, 0, 0, NULL, NULL),
(60, 4, 94, 0, 0, 0, NULL, NULL, 0, 0, 0, 0, 0, 0, 0, 0, 0, 0, NULL, NULL),
(60, 4, 95, 0, 0, 0, NULL, NULL, 0, 0, 0, 0, 0, 0, 0, 0, 0, 0, NULL, NULL),
(60, 4, 96, 0, 0, 0, NULL, NULL, 0, 0, 0, 0, 0, 0, 0, 0, 0, 0, NULL, NULL),
(60, 4, 97, 0, 0, 0, NULL, NULL, 0, 0, 0, 0, 0, 0, 0, 0, 0, 0, NULL, NULL),
(60, 4, 98, 0, 0, 0, NULL, NULL, 0, 0, 0, 0, 0, 0, 0, 0, 0, 0, NULL, NULL),
(60, 7, 147, 0, 0, 0, NULL, NULL, 0, 0, 0, 0, 0, 0, 0, 0, 0, 0, NULL, NULL),
(60, 7, 148, 0, 0, 0, NULL, NULL, 0, 0, 0, 0, 0, 0, 0, 0, 0, 0, NULL, NULL),
(60, 7, 149, 0, 0, 0, NULL, NULL, 0, 0, 0, 0, 0, 0, 0, 0, 0, 0, NULL, NULL),
(60, 7, 150, 0, 0, 0, NULL, NULL, 0, 0, 0, 0, 0, 0, 0, 0, 0, 0, NULL, NULL),
(60, 7, 151, 0, 0, 0, NULL, NULL, 0, 0, 0, 0, 0, 0, 0, 0, 0, 0, NULL, NULL),
(60, 7, 152, 0, 0, 0, NULL, NULL, 0, 0, 0, 0, 0, 0, 0, 0, 0, 0, NULL, NULL),
(60, 7, 153, 0, 0, 0, NULL, NULL, 0, 0, 0, 0, 0, 0, 0, 0, 0, 0, NULL, NULL),
(60, 7, 154, 0, 0, 0, NULL, NULL, 0, 0, 0, 0, 0, 0, 0, 0, 0, 0, NULL, NULL),
(60, 7, 155, 0, 0, 0, NULL, NULL, 0, 0, 0, 0, 0, 0, 0, 0, 0, 0, NULL, NULL),
(60, 7, 156, 0, 0, 0, NULL, NULL, 0, 0, 0, 0, 0, 0, 0, 0, 0, 0, NULL, NULL),
(60, 7, 157, 0, 0, 0, NULL, NULL, 0, 0, 0, 0, 0, 0, 0, 0, 0, 0, NULL, NULL),
(60, 7, 158, 0, 0, 0, NULL, NULL, 0, 0, 0, 0, 0, 0, 0, 0, 0, 0, NULL, NULL),
(60, 7, 159, 0, 0, 0, NULL, NULL, 0, 0, 0, 0, 0, 0, 0, 0, 0, 0, NULL, NULL),
(60, 7, 160, 0, 0, 0, NULL, NULL, 0, 0, 0, 0, 0, 0, 0, 0, 0, 0, NULL, NULL),
(60, 7, 161, 0, 0, 0, NULL, NULL, 0, 0, 0, 0, 0, 0, 0, 0, 0, 0, NULL, NULL),
(60, 7, 162, 0, 0, 0, NULL, NULL, 0, 0, 0, 0, 0, 0, 0, 0, 0, 0, NULL, NULL),
(60, 7, 163, 0, 0, 0, NULL, NULL, 0, 0, 0, 0, 0, 0, 0, 0, 0, 0, NULL, NULL),
(60, 7, 164, 0, 0, 0, NULL, NULL, 0, 0, 0, 0, 0, 0, 0, 0, 0, 0, NULL, NULL),
(60, 7, 165, 0, 0, 0, NULL, NULL, 0, 0, 0, 0, 0, 0, 0, 0, 0, 0, NULL, NULL),
(60, 7, 166, 0, 0, 0, NULL, NULL, 0, 0, 0, 0, 0, 0, 0, 0, 0, 0, NULL, NULL),
(60, 7, 167, 0, 0, 0, NULL, NULL, 0, 0, 0, 0, 0, 0, 0, 0, 0, 0, NULL, NULL),
(60, 7, 168, 0, 0, 0, NULL, NULL, 0, 0, 0, 0, 0, 0, 0, 0, 0, 0, NULL, NULL),
(60, 7, 169, 0, 0, 0, NULL, NULL, 0, 0, 0, 0, 0, 0, 0, 0, 0, 0, NULL, NULL),
(61, 1, 1, 0, 0, 0, NULL, NULL, 0, 0, 0, 0, 0, 0, 0, 0, 0, 0, NULL, NULL),
(61, 1, 2, 0, 0, 0, NULL, NULL, 0, 0, 0, 0, 0, 0, 0, 0, 0, 0, NULL, NULL),
(61, 1, 3, 0, 0, 0, NULL, NULL, 0, 0, 0, 0, 0, 0, 0, 0, 0, 0, NULL, NULL),
(61, 1, 4, 0, 0, 0, NULL, NULL, 0, 0, 0, 0, 0, 0, 0, 0, 0, 0, NULL, NULL),
(61, 1, 5, 0, 0, 0, NULL, NULL, 0, 0, 0, 0, 0, 0, 0, 0, 0, 0, NULL, NULL),
(61, 1, 6, 0, 0, 0, NULL, NULL, 0, 0, 0, 0, 0, 0, 0, 0, 0, 0, NULL, NULL),
(61, 1, 7, 0, 0, 0, NULL, NULL, 0, 0, 0, 0, 0, 0, 0, 0, 0, 0, NULL, NULL),
(61, 1, 8, 0, 0, 0, NULL, NULL, 0, 0, 0, 0, 0, 0, 0, 0, 0, 0, NULL, NULL),
(61, 1, 9, 0, 0, 0, NULL, NULL, 0, 0, 0, 0, 0, 0, 0, 0, 0, 0, NULL, NULL),
(61, 1, 10, 0, 0, 0, NULL, NULL, 0, 0, 0, 0, 0, 0, 0, 0, 0, 0, NULL, NULL),
(61, 1, 11, 0, 0, 0, NULL, NULL, 0, 0, 0, 0, 0, 0, 0, 0, 0, 0, NULL, NULL),
(61, 1, 12, 0, 0, 0, NULL, NULL, 0, 0, 0, 0, 0, 0, 0, 0, 0, 0, NULL, NULL),
(61, 1, 13, 0, 0, 0, NULL, NULL, 0, 0, 0, 0, 0, 0, 0, 0, 0, 0, NULL, NULL),
(61, 1, 14, 0, 0, 0, NULL, NULL, 0, 0, 0, 0, 0, 0, 0, 0, 0, 0, NULL, NULL),
(61, 1, 15, 0, 0, 0, NULL, NULL, 0, 0, 0, 0, 0, 0, 0, 0, 0, 0, NULL, NULL),
(61, 1, 16, 0, 0, 0, NULL, NULL, 0, 0, 0, 0, 0, 0, 0, 0, 0, 0, NULL, NULL),
(61, 1, 17, 0, 0, 0, NULL, NULL, 0, 0, 0, 0, 0, 0, 0, 0, 0, 0, NULL, NULL),
(61, 1, 18, 0, 0, 0, NULL, NULL, 0, 0, 0, 0, 0, 0, 0, 0, 0, 0, NULL, NULL),
(61, 1, 19, 0, 0, 0, NULL, NULL, 0, 0, 0, 0, 0, 0, 0, 0, 0, 0, NULL, NULL),
(61, 1, 20, 0, 0, 0, NULL, NULL, 0, 0, 0, 0, 0, 0, 0, 0, 0, 0, NULL, NULL),
(61, 1, 21, 0, 0, 0, NULL, NULL, 0, 0, 0, 0, 0, 0, 0, 0, 0, 0, NULL, NULL),
(61, 1, 22, 0, 0, 0, NULL, NULL, 0, 0, 0, 0, 0, 0, 0, 0, 0, 0, NULL, NULL),
(61, 1, 23, 0, 0, 0, NULL, NULL, 0, 0, 0, 0, 0, 0, 0, 0, 0, 0, NULL, NULL),
(61, 3, 49, 0, 0, 0, NULL, NULL, 0, 0, 0, 0, 0, 0, 0, 0, 0, 0, NULL, NULL),
(61, 3, 50, 0, 0, 0, NULL, NULL, 0, 0, 0, 0, 0, 0, 0, 0, 0, 0, NULL, NULL),
(61, 3, 51, 0, 0, 0, NULL, NULL, 0, 0, 0, 0, 0, 0, 0, 0, 0, 0, NULL, NULL),
(61, 3, 52, 0, 0, 0, NULL, NULL, 0, 0, 0, 0, 0, 0, 0, 0, 0, 0, NULL, NULL),
(61, 3, 53, 0, 0, 0, NULL, NULL, 0, 0, 0, 0, 0, 0, 0, 0, 0, 0, NULL, NULL),
(61, 3, 54, 0, 0, 0, NULL, NULL, 0, 0, 0, 0, 0, 0, 0, 0, 0, 0, NULL, NULL),
(61, 3, 55, 0, 0, 0, NULL, NULL, 0, 0, 0, 0, 0, 0, 0, 0, 0, 0, NULL, NULL),
(61, 3, 56, 0, 0, 0, NULL, NULL, 0, 0, 0, 0, 0, 0, 0, 0, 0, 0, NULL, NULL),
(61, 3, 57, 0, 0, 0, NULL, NULL, 0, 0, 0, 0, 0, 0, 0, 0, 0, 0, NULL, NULL),
(61, 3, 58, 0, 0, 0, NULL, NULL, 0, 0, 0, 0, 0, 0, 0, 0, 0, 0, NULL, NULL),
(61, 3, 59, 0, 0, 0, NULL, NULL, 0, 0, 0, 0, 0, 0, 0, 0, 0, 0, NULL, NULL),
(61, 3, 60, 0, 0, 0, NULL, NULL, 0, 0, 0, 0, 0, 0, 0, 0, 0, 0, NULL, NULL),
(61, 3, 61, 0, 0, 0, NULL, NULL, 0, 0, 0, 0, 0, 0, 0, 0, 0, 0, NULL, NULL),
(61, 3, 62, 0, 0, 0, NULL, NULL, 0, 0, 0, 0, 0, 0, 0, 0, 0, 0, NULL, NULL),
(61, 3, 63, 0, 0, 0, NULL, NULL, 0, 0, 0, 0, 0, 0, 0, 0, 0, 0, NULL, NULL),
(61, 3, 64, 0, 0, 0, NULL, NULL, 0, 0, 0, 0, 0, 0, 0, 0, 0, 0, NULL, NULL),
(61, 3, 65, 0, 0, 0, NULL, NULL, 0, 0, 0, 0, 0, 0, 0, 0, 0, 0, NULL, NULL),
(61, 3, 66, 0, 0, 0, NULL, NULL, 0, 0, 0, 0, 0, 0, 0, 0, 0, 0, NULL, NULL),
(61, 3, 67, 0, 0, 0, NULL, NULL, 0, 0, 0, 0, 0, 0, 0, 0, 0, 0, NULL, NULL),
(61, 3, 68, 0, 0, 0, NULL, NULL, 0, 0, 0, 0, 0, 0, 0, 0, 0, 0, NULL, NULL),
(61, 3, 69, 0, 0, 0, NULL, NULL, 0, 0, 0, 0, 0, 0, 0, 0, 0, 0, NULL, NULL),
(61, 3, 70, 0, 0, 0, NULL, NULL, 0, 0, 0, 0, 0, 0, 0, 0, 0, 0, NULL, NULL),
(61, 3, 71, 0, 0, 0, NULL, NULL, 0, 0, 0, 0, 0, 0, 0, 0, 0, 0, NULL, NULL),
(61, 3, 72, 0, 0, 0, NULL, NULL, 0, 0, 0, 0, 0, 0, 0, 0, 0, 0, NULL, NULL),
(61, 3, 73, 0, 0, 0, NULL, NULL, 0, 0, 0, 0, 0, 0, 0, 0, 0, 0, NULL, NULL),
(62, 6, 123, 0, 0, 0, NULL, NULL, 0, 0, 0, 0, 0, 0, 0, 0, 0, 0, NULL, NULL),
(62, 6, 124, 0, 0, 0, NULL, NULL, 0, 0, 0, 0, 0, 0, 0, 0, 0, 0, NULL, NULL),
(62, 6, 125, 0, 0, 0, NULL, NULL, 0, 0, 0, 0, 0, 0, 0, 0, 0, 0, NULL, NULL),
(62, 6, 126, 0, 0, 0, NULL, NULL, 0, 0, 0, 0, 0, 0, 0, 0, 0, 0, NULL, NULL),
(62, 6, 127, 0, 0, 0, NULL, NULL, 0, 0, 0, 0, 0, 0, 0, 0, 0, 0, NULL, NULL),
(62, 6, 128, 0, 0, 0, NULL, NULL, 0, 0, 0, 0, 0, 0, 0, 0, 0, 0, NULL, NULL),
(62, 6, 129, 0, 0, 0, NULL, NULL, 0, 0, 0, 0, 0, 0, 0, 0, 0, 0, NULL, NULL),
(62, 6, 130, 0, 0, 0, NULL, NULL, 0, 0, 0, 0, 0, 0, 0, 0, 0, 0, NULL, NULL),
(62, 6, 131, 0, 0, 0, NULL, NULL, 0, 0, 0, 0, 0, 0, 0, 0, 0, 0, NULL, NULL),
(62, 6, 132, 0, 0, 0, NULL, NULL, 0, 0, 0, 0, 0, 0, 0, 0, 0, 0, NULL, NULL),
(62, 6, 133, 0, 0, 0, NULL, NULL, 0, 0, 0, 0, 0, 0, 0, 0, 0, 0, NULL, NULL),
(62, 6, 134, 0, 0, 0, NULL, NULL, 0, 0, 0, 0, 0, 0, 0, 0, 0, 0, NULL, NULL),
(62, 6, 135, 0, 0, 0, NULL, NULL, 0, 0, 0, 0, 0, 0, 0, 0, 0, 0, NULL, NULL),
(62, 6, 136, 0, 0, 0, NULL, NULL, 0, 0, 0, 0, 0, 0, 0, 0, 0, 0, NULL, NULL),
(62, 6, 137, 0, 0, 0, NULL, NULL, 0, 0, 0, 0, 0, 0, 0, 0, 0, 0, NULL, NULL),
(62, 6, 138, 0, 0, 0, NULL, NULL, 0, 0, 0, 0, 0, 0, 0, 0, 0, 0, NULL, NULL),
(62, 6, 139, 0, 0, 0, NULL, NULL, 0, 0, 0, 0, 0, 0, 0, 0, 0, 0, NULL, NULL),
(62, 6, 140, 0, 0, 0, NULL, NULL, 0, 0, 0, 0, 0, 0, 0, 0, 0, 0, NULL, NULL),
(62, 6, 141, 0, 0, 0, NULL, NULL, 0, 0, 0, 0, 0, 0, 0, 0, 0, 0, NULL, NULL),
(62, 6, 142, 0, 0, 0, NULL, NULL, 0, 0, 0, 0, 0, 0, 0, 0, 0, 0, NULL, NULL),
(62, 6, 143, 0, 0, 0, NULL, NULL, 0, 0, 0, 0, 0, 0, 0, 0, 0, 0, NULL, NULL),
(62, 6, 144, 0, 0, 0, NULL, NULL, 0, 0, 0, 0, 0, 0, 0, 0, 0, 0, NULL, NULL),
(62, 6, 145, 0, 0, 0, NULL, NULL, 0, 0, 0, 0, 0, 0, 0, 0, 0, 0, NULL, NULL),
(62, 6, 146, 0, 0, 0, NULL, NULL, 0, 0, 0, 0, 0, 0, 0, 0, 0, 0, NULL, NULL),
(62, 9, 194, 0, 0, 0, NULL, NULL, 0, 0, 0, 0, 0, 0, 0, 0, 0, 0, NULL, NULL),
(62, 9, 195, 0, 0, 0, NULL, NULL, 0, 0, 0, 0, 0, 0, 0, 0, 0, 0, NULL, NULL),
(62, 9, 196, 0, 0, 0, NULL, NULL, 0, 0, 0, 0, 0, 0, 0, 0, 0, 0, NULL, NULL),
(62, 9, 197, 0, 0, 0, NULL, NULL, 0, 0, 0, 0, 0, 0, 0, 0, 0, 0, NULL, NULL),
(62, 9, 198, 0, 0, 0, NULL, NULL, 0, 0, 0, 0, 0, 0, 0, 0, 0, 0, NULL, NULL),
(62, 9, 199, 0, 0, 0, NULL, NULL, 0, 0, 0, 0, 0, 0, 0, 0, 0, 0, NULL, NULL),
(62, 9, 200, 0, 0, 0, NULL, NULL, 0, 0, 0, 0, 0, 0, 0, 0, 0, 0, NULL, NULL),
(62, 9, 201, 0, 0, 0, NULL, NULL, 0, 0, 0, 0, 0, 0, 0, 0, 0, 0, NULL, NULL),
(62, 9, 202, 0, 0, 0, NULL, NULL, 0, 0, 0, 0, 0, 0, 0, 0, 0, 0, NULL, NULL),
(62, 9, 203, 0, 0, 0, NULL, NULL, 0, 0, 0, 0, 0, 0, 0, 0, 0, 0, NULL, NULL),
(62, 9, 204, 0, 0, 0, NULL, NULL, 0, 0, 0, 0, 0, 0, 0, 0, 0, 0, NULL, NULL),
(62, 9, 205, 0, 0, 0, NULL, NULL, 0, 0, 0, 0, 0, 0, 0, 0, 0, 0, NULL, NULL),
(62, 9, 206, 0, 0, 0, NULL, NULL, 0, 0, 0, 0, 0, 0, 0, 0, 0, 0, NULL, NULL),
(62, 9, 207, 0, 0, 0, NULL, NULL, 0, 0, 0, 0, 0, 0, 0, 0, 0, 0, NULL, NULL),
(62, 9, 208, 0, 0, 0, NULL, NULL, 0, 0, 0, 0, 0, 0, 0, 0, 0, 0, NULL, NULL),
(62, 9, 209, 0, 0, 0, NULL, NULL, 0, 0, 0, 0, 0, 0, 0, 0, 0, 0, NULL, NULL),
(62, 9, 210, 0, 0, 0, NULL, NULL, 0, 0, 0, 0, 0, 0, 0, 0, 0, 0, NULL, NULL),
(62, 9, 211, 0, 0, 0, NULL, NULL, 0, 0, 0, 0, 0, 0, 0, 0, 0, 0, NULL, NULL),
(62, 9, 212, 0, 0, 0, NULL, NULL, 0, 0, 0, 0, 0, 0, 0, 0, 0, 0, NULL, NULL),
(62, 9, 213, 0, 0, 0, NULL, NULL, 0, 0, 0, 0, 0, 0, 0, 0, 0, 0, NULL, NULL),
(62, 9, 214, 0, 0, 0, NULL, NULL, 0, 0, 0, 0, 0, 0, 0, 0, 0, 0, NULL, NULL),
(62, 9, 215, 0, 0, 0, NULL, NULL, 0, 0, 0, 0, 0, 0, 0, 0, 0, 0, NULL, NULL),
(62, 9, 216, 0, 0, 0, NULL, NULL, 0, 0, 0, 0, 0, 0, 0, 0, 0, 0, NULL, NULL),
(63, 5, 99, 0, 0, 0, NULL, NULL, 0, 0, 0, 0, 0, 0, 0, 0, 0, 0, NULL, NULL),
(63, 5, 100, 0, 0, 0, NULL, NULL, 0, 0, 0, 0, 0, 0, 0, 0, 0, 0, NULL, NULL),
(63, 5, 101, 0, 0, 0, NULL, NULL, 0, 0, 0, 0, 0, 0, 0, 0, 0, 0, NULL, NULL),
(63, 5, 102, 0, 0, 0, NULL, NULL, 0, 0, 0, 0, 0, 0, 0, 0, 0, 0, NULL, NULL),
(63, 5, 103, 0, 0, 0, NULL, NULL, 0, 0, 0, 0, 0, 0, 0, 0, 0, 0, NULL, NULL),
(63, 5, 104, 0, 0, 0, NULL, NULL, 0, 0, 0, 0, 0, 0, 0, 0, 0, 0, NULL, NULL),
(63, 5, 105, 0, 0, 0, NULL, NULL, 0, 0, 0, 0, 0, 0, 0, 0, 0, 0, NULL, NULL),
(63, 5, 106, 0, 0, 0, NULL, NULL, 0, 0, 0, 0, 0, 0, 0, 0, 0, 0, NULL, NULL),
(63, 5, 107, 0, 0, 0, NULL, NULL, 0, 0, 0, 0, 0, 0, 0, 0, 0, 0, NULL, NULL),
(63, 5, 108, 0, 0, 0, NULL, NULL, 0, 0, 0, 0, 0, 0, 0, 0, 0, 0, NULL, NULL),
(63, 5, 109, 0, 0, 0, NULL, NULL, 0, 0, 0, 0, 0, 0, 0, 0, 0, 0, NULL, NULL),
(63, 5, 110, 0, 0, 0, NULL, NULL, 0, 0, 0, 0, 0, 0, 0, 0, 0, 0, NULL, NULL),
(63, 5, 111, 0, 0, 0, NULL, NULL, 0, 0, 0, 0, 0, 0, 0, 0, 0, 0, NULL, NULL),
(63, 5, 112, 0, 0, 0, NULL, NULL, 0, 0, 0, 0, 0, 0, 0, 0, 0, 0, NULL, NULL),
(63, 5, 113, 0, 0, 0, NULL, NULL, 0, 0, 0, 0, 0, 0, 0, 0, 0, 0, NULL, NULL),
(63, 5, 114, 0, 0, 0, NULL, NULL, 0, 0, 0, 0, 0, 0, 0, 0, 0, 0, NULL, NULL),
(63, 5, 115, 0, 0, 0, NULL, NULL, 0, 0, 0, 0, 0, 0, 0, 0, 0, 0, NULL, NULL),
(63, 5, 116, 0, 0, 0, NULL, NULL, 0, 0, 0, 0, 0, 0, 0, 0, 0, 0, NULL, NULL),
(63, 5, 117, 0, 0, 0, NULL, NULL, 0, 0, 0, 0, 0, 0, 0, 0, 0, 0, NULL, NULL),
(63, 5, 118, 0, 0, 0, NULL, NULL, 0, 0, 0, 0, 0, 0, 0, 0, 0, 0, NULL, NULL),
(63, 5, 119, 0, 0, 0, NULL, NULL, 0, 0, 0, 0, 0, 0, 0, 0, 0, 0, NULL, NULL),
(63, 5, 120, 0, 0, 0, NULL, NULL, 0, 0, 0, 0, 0, 0, 0, 0, 0, 0, NULL, NULL),
(63, 5, 121, 0, 0, 0, NULL, NULL, 0, 0, 0, 0, 0, 0, 0, 0, 0, 0, NULL, NULL),
(63, 5, 122, 0, 0, 0, NULL, NULL, 0, 0, 0, 0, 0, 0, 0, 0, 0, 0, NULL, NULL),
(63, 10, 217, 0, 0, 0, NULL, NULL, 0, 0, 0, 0, 0, 0, 0, 0, 0, 0, NULL, NULL),
(63, 10, 218, 0, 0, 0, NULL, NULL, 0, 0, 0, 0, 0, 0, 0, 0, 0, 0, NULL, NULL),
(63, 10, 219, 0, 0, 0, NULL, NULL, 0, 0, 0, 0, 0, 0, 0, 0, 0, 0, NULL, NULL),
(63, 10, 220, 0, 0, 0, NULL, NULL, 0, 0, 0, 0, 0, 0, 0, 0, 0, 0, NULL, NULL),
(63, 10, 221, 0, 0, 0, NULL, NULL, 0, 0, 0, 0, 0, 0, 0, 0, 0, 0, NULL, NULL),
(63, 10, 222, 0, 0, 0, NULL, NULL, 0, 0, 0, 0, 0, 0, 0, 0, 0, 0, NULL, NULL),
(63, 10, 223, 0, 0, 0, NULL, NULL, 0, 0, 0, 0, 0, 0, 0, 0, 0, 0, NULL, NULL),
(63, 10, 224, 0, 0, 0, NULL, NULL, 0, 0, 0, 0, 0, 0, 0, 0, 0, 0, NULL, NULL),
(63, 10, 225, 0, 0, 0, NULL, NULL, 0, 0, 0, 0, 0, 0, 0, 0, 0, 0, NULL, NULL),
(63, 10, 226, 0, 0, 0, NULL, NULL, 0, 0, 0, 0, 0, 0, 0, 0, 0, 0, NULL, NULL),
(63, 10, 227, 0, 0, 0, NULL, NULL, 0, 0, 0, 0, 0, 0, 0, 0, 0, 0, NULL, NULL),
(63, 10, 228, 0, 0, 0, NULL, NULL, 0, 0, 0, 0, 0, 0, 0, 0, 0, 0, NULL, NULL),
(63, 10, 229, 0, 0, 0, NULL, NULL, 0, 0, 0, 0, 0, 0, 0, 0, 0, 0, NULL, NULL),
(63, 10, 230, 0, 0, 0, NULL, NULL, 0, 0, 0, 0, 0, 0, 0, 0, 0, 0, NULL, NULL),
(63, 10, 231, 0, 0, 0, NULL, NULL, 0, 0, 0, 0, 0, 0, 0, 0, 0, 0, NULL, NULL),
(63, 10, 232, 0, 0, 0, NULL, NULL, 0, 0, 0, 0, 0, 0, 0, 0, 0, 0, NULL, NULL),
(63, 10, 233, 0, 0, 0, NULL, NULL, 0, 0, 0, 0, 0, 0, 0, 0, 0, 0, NULL, NULL),
(63, 10, 234, 0, 0, 0, NULL, NULL, 0, 0, 0, 0, 0, 0, 0, 0, 0, 0, NULL, NULL),
(63, 10, 235, 0, 0, 0, NULL, NULL, 0, 0, 0, 0, 0, 0, 0, 0, 0, 0, NULL, NULL),
(63, 10, 236, 0, 0, 0, NULL, NULL, 0, 0, 0, 0, 0, 0, 0, 0, 0, 0, NULL, NULL),
(63, 10, 237, 0, 0, 0, NULL, NULL, 0, 0, 0, 0, 0, 0, 0, 0, 0, 0, NULL, NULL),
(64, 4, 74, 0, 0, 0, NULL, NULL, 0, 0, 0, 0, 0, 0, 0, 0, 0, 0, NULL, NULL),
(64, 4, 75, 0, 0, 0, NULL, NULL, 0, 0, 0, 0, 0, 0, 0, 0, 0, 0, NULL, NULL),
(64, 4, 76, 0, 0, 0, NULL, NULL, 0, 0, 0, 0, 0, 0, 0, 0, 0, 0, NULL, NULL),
(64, 4, 77, 0, 0, 0, NULL, NULL, 0, 0, 0, 0, 0, 0, 0, 0, 0, 0, NULL, NULL),
(64, 4, 78, 0, 0, 0, NULL, NULL, 0, 0, 0, 0, 0, 0, 0, 0, 0, 0, NULL, NULL),
(64, 4, 79, 0, 0, 0, NULL, NULL, 0, 0, 0, 0, 0, 0, 0, 0, 0, 0, NULL, NULL),
(64, 4, 80, 0, 0, 0, NULL, NULL, 0, 0, 0, 0, 0, 0, 0, 0, 0, 0, NULL, NULL),
(64, 4, 81, 0, 0, 0, NULL, NULL, 0, 0, 0, 0, 0, 0, 0, 0, 0, 0, NULL, NULL),
(64, 4, 82, 0, 0, 0, NULL, NULL, 0, 0, 0, 0, 0, 0, 0, 0, 0, 0, NULL, NULL),
(64, 4, 83, 0, 0, 0, NULL, NULL, 0, 0, 0, 0, 0, 0, 0, 0, 0, 0, NULL, NULL),
(64, 4, 84, 0, 0, 0, NULL, NULL, 0, 0, 0, 0, 0, 0, 0, 0, 0, 0, NULL, NULL),
(64, 4, 85, 0, 0, 0, NULL, NULL, 0, 0, 0, 0, 0, 0, 0, 0, 0, 0, NULL, NULL),
(64, 4, 86, 0, 0, 0, NULL, NULL, 0, 0, 0, 0, 0, 0, 0, 0, 0, 0, NULL, NULL),
(64, 4, 87, 0, 0, 0, NULL, NULL, 0, 0, 0, 0, 0, 0, 0, 0, 0, 0, NULL, NULL),
(64, 4, 88, 0, 0, 0, NULL, NULL, 0, 0, 0, 0, 0, 0, 0, 0, 0, 0, NULL, NULL),
(64, 4, 89, 0, 0, 0, NULL, NULL, 0, 0, 0, 0, 0, 0, 0, 0, 0, 0, NULL, NULL),
(64, 4, 90, 0, 0, 0, NULL, NULL, 0, 0, 0, 0, 0, 0, 0, 0, 0, 0, NULL, NULL),
(64, 4, 91, 0, 0, 0, NULL, NULL, 0, 0, 0, 0, 0, 0, 0, 0, 0, 0, NULL, NULL),
(64, 4, 92, 0, 0, 0, NULL, NULL, 0, 0, 0, 0, 0, 0, 0, 0, 0, 0, NULL, NULL),
(64, 4, 93, 0, 0, 0, NULL, NULL, 0, 0, 0, 0, 0, 0, 0, 0, 0, 0, NULL, NULL),
(64, 4, 94, 0, 0, 0, NULL, NULL, 0, 0, 0, 0, 0, 0, 0, 0, 0, 0, NULL, NULL),
(64, 4, 95, 0, 0, 0, NULL, NULL, 0, 0, 0, 0, 0, 0, 0, 0, 0, 0, NULL, NULL),
(64, 4, 96, 0, 0, 0, NULL, NULL, 0, 0, 0, 0, 0, 0, 0, 0, 0, 0, NULL, NULL),
(64, 4, 97, 0, 0, 0, NULL, NULL, 0, 0, 0, 0, 0, 0, 0, 0, 0, 0, NULL, NULL),
(64, 4, 98, 0, 0, 0, NULL, NULL, 0, 0, 0, 0, 0, 0, 0, 0, 0, 0, NULL, NULL),
(64, 8, 170, 0, 0, 0, NULL, NULL, 0, 0, 0, 0, 0, 0, 0, 0, 0, 0, NULL, NULL),
(64, 8, 171, 0, 0, 0, NULL, NULL, 0, 0, 0, 0, 0, 0, 0, 0, 0, 0, NULL, NULL),
(64, 8, 172, 0, 0, 0, NULL, NULL, 0, 0, 0, 0, 0, 0, 0, 0, 0, 0, NULL, NULL),
(64, 8, 173, 0, 0, 0, NULL, NULL, 0, 0, 0, 0, 0, 0, 0, 0, 0, 0, NULL, NULL),
(64, 8, 174, 0, 0, 0, NULL, NULL, 0, 0, 0, 0, 0, 0, 0, 0, 0, 0, NULL, NULL),
(64, 8, 175, 0, 0, 0, NULL, NULL, 0, 0, 0, 0, 0, 0, 0, 0, 0, 0, NULL, NULL),
(64, 8, 176, 0, 0, 0, NULL, NULL, 0, 0, 0, 0, 0, 0, 0, 0, 0, 0, NULL, NULL),
(64, 8, 177, 0, 0, 0, NULL, NULL, 0, 0, 0, 0, 0, 0, 0, 0, 0, 0, NULL, NULL),
(64, 8, 178, 0, 0, 0, NULL, NULL, 0, 0, 0, 0, 0, 0, 0, 0, 0, 0, NULL, NULL),
(64, 8, 179, 0, 0, 0, NULL, NULL, 0, 0, 0, 0, 0, 0, 0, 0, 0, 0, NULL, NULL),
(64, 8, 180, 0, 0, 0, NULL, NULL, 0, 0, 0, 0, 0, 0, 0, 0, 0, 0, NULL, NULL),
(64, 8, 181, 0, 0, 0, NULL, NULL, 0, 0, 0, 0, 0, 0, 0, 0, 0, 0, NULL, NULL),
(64, 8, 182, 0, 0, 0, NULL, NULL, 0, 0, 0, 0, 0, 0, 0, 0, 0, 0, NULL, NULL),
(64, 8, 183, 0, 0, 0, NULL, NULL, 0, 0, 0, 0, 0, 0, 0, 0, 0, 0, NULL, NULL),
(64, 8, 184, 0, 0, 0, NULL, NULL, 0, 0, 0, 0, 0, 0, 0, 0, 0, 0, NULL, NULL),
(64, 8, 185, 0, 0, 0, NULL, NULL, 0, 0, 0, 0, 0, 0, 0, 0, 0, 0, NULL, NULL),
(64, 8, 186, 0, 0, 0, NULL, NULL, 0, 0, 0, 0, 0, 0, 0, 0, 0, 0, NULL, NULL),
(64, 8, 187, 0, 0, 0, NULL, NULL, 0, 0, 0, 0, 0, 0, 0, 0, 0, 0, NULL, NULL),
(64, 8, 188, 0, 0, 0, NULL, NULL, 0, 0, 0, 0, 0, 0, 0, 0, 0, 0, NULL, NULL),
(64, 8, 189, 0, 0, 0, NULL, NULL, 0, 0, 0, 0, 0, 0, 0, 0, 0, 0, NULL, NULL),
(64, 8, 190, 0, 0, 0, NULL, NULL, 0, 0, 0, 0, 0, 0, 0, 0, 0, 0, NULL, NULL),
(64, 8, 191, 0, 0, 0, NULL, NULL, 0, 0, 0, 0, 0, 0, 0, 0, 0, 0, NULL, NULL),
(64, 8, 192, 0, 0, 0, NULL, NULL, 0, 0, 0, 0, 0, 0, 0, 0, 0, 0, NULL, NULL),
(64, 8, 193, 0, 0, 0, NULL, NULL, 0, 0, 0, 0, 0, 0, 0, 0, 0, 0, NULL, NULL),
(65, 1, 1, 0, 0, 0, NULL, NULL, 0, 0, 0, 0, 0, 0, 0, 0, 0, 0, NULL, NULL),
(65, 1, 2, 0, 0, 0, NULL, NULL, 0, 0, 0, 0, 0, 0, 0, 0, 0, 0, NULL, NULL),
(65, 1, 3, 0, 0, 0, NULL, NULL, 0, 0, 0, 0, 0, 0, 0, 0, 0, 0, NULL, NULL),
(65, 1, 4, 0, 0, 0, NULL, NULL, 0, 0, 0, 0, 0, 0, 0, 0, 0, 0, NULL, NULL),
(65, 1, 5, 0, 0, 0, NULL, NULL, 0, 0, 0, 0, 0, 0, 0, 0, 0, 0, NULL, NULL),
(65, 1, 6, 0, 0, 0, NULL, NULL, 0, 0, 0, 0, 0, 0, 0, 0, 0, 0, NULL, NULL),
(65, 1, 7, 0, 0, 0, NULL, NULL, 0, 0, 0, 0, 0, 0, 0, 0, 0, 0, NULL, NULL),
(65, 1, 8, 0, 0, 0, NULL, NULL, 0, 0, 0, 0, 0, 0, 0, 0, 0, 0, NULL, NULL),
(65, 1, 9, 0, 0, 0, NULL, NULL, 0, 0, 0, 0, 0, 0, 0, 0, 0, 0, NULL, NULL),
(65, 1, 10, 0, 0, 0, NULL, NULL, 0, 0, 0, 0, 0, 0, 0, 0, 0, 0, NULL, NULL),
(65, 1, 11, 0, 0, 0, NULL, NULL, 0, 0, 0, 0, 0, 0, 0, 0, 0, 0, NULL, NULL),
(65, 1, 12, 0, 0, 0, NULL, NULL, 0, 0, 0, 0, 0, 0, 0, 0, 0, 0, NULL, NULL),
(65, 1, 13, 0, 0, 0, NULL, NULL, 0, 0, 0, 0, 0, 0, 0, 0, 0, 0, NULL, NULL),
(65, 1, 14, 0, 0, 0, NULL, NULL, 0, 0, 0, 0, 0, 0, 0, 0, 0, 0, NULL, NULL),
(65, 1, 15, 0, 0, 0, NULL, NULL, 0, 0, 0, 0, 0, 0, 0, 0, 0, 0, NULL, NULL),
(65, 1, 16, 0, 0, 0, NULL, NULL, 0, 0, 0, 0, 0, 0, 0, 0, 0, 0, NULL, NULL),
(65, 1, 17, 0, 0, 0, NULL, NULL, 0, 0, 0, 0, 0, 0, 0, 0, 0, 0, NULL, NULL),
(65, 1, 18, 0, 0, 0, NULL, NULL, 0, 0, 0, 0, 0, 0, 0, 0, 0, 0, NULL, NULL),
(65, 1, 19, 0, 0, 0, NULL, NULL, 0, 0, 0, 0, 0, 0, 0, 0, 0, 0, NULL, NULL),
(65, 1, 20, 0, 0, 0, NULL, NULL, 0, 0, 0, 0, 0, 0, 0, 0, 0, 0, NULL, NULL),
(65, 1, 21, 0, 0, 0, NULL, NULL, 0, 0, 0, 0, 0, 0, 0, 0, 0, 0, NULL, NULL),
(65, 1, 22, 0, 0, 0, NULL, NULL, 0, 0, 0, 0, 0, 0, 0, 0, 0, 0, NULL, NULL),
(65, 1, 23, 0, 0, 0, NULL, NULL, 0, 0, 0, 0, 0, 0, 0, 0, 0, 0, NULL, NULL),
(65, 2, 24, 0, 0, 0, NULL, NULL, 0, 0, 0, 0, 0, 0, 0, 0, 0, 0, NULL, NULL),
(65, 2, 25, 0, 0, 0, NULL, NULL, 0, 0, 0, 0, 0, 0, 0, 0, 0, 0, NULL, NULL),
(65, 2, 26, 0, 0, 0, NULL, NULL, 0, 0, 0, 0, 0, 0, 0, 0, 0, 0, NULL, NULL),
(65, 2, 27, 0, 0, 0, NULL, NULL, 0, 0, 0, 0, 0, 0, 0, 0, 0, 0, NULL, NULL),
(65, 2, 28, 0, 0, 0, NULL, NULL, 0, 0, 0, 0, 0, 0, 0, 0, 0, 0, NULL, NULL),
(65, 2, 29, 0, 0, 0, NULL, NULL, 0, 0, 0, 0, 0, 0, 0, 0, 0, 0, NULL, NULL),
(65, 2, 30, 0, 0, 0, NULL, NULL, 0, 0, 0, 0, 0, 0, 0, 0, 0, 0, NULL, NULL),
(65, 2, 31, 0, 0, 0, NULL, NULL, 0, 0, 0, 0, 0, 0, 0, 0, 0, 0, NULL, NULL),
(65, 2, 32, 0, 0, 0, NULL, NULL, 0, 0, 0, 0, 0, 0, 0, 0, 0, 0, NULL, NULL),
(65, 2, 33, 0, 0, 0, NULL, NULL, 0, 0, 0, 0, 0, 0, 0, 0, 0, 0, NULL, NULL),
(65, 2, 34, 0, 0, 0, NULL, NULL, 0, 0, 0, 0, 0, 0, 0, 0, 0, 0, NULL, NULL),
(65, 2, 35, 0, 0, 0, NULL, NULL, 0, 0, 0, 0, 0, 0, 0, 0, 0, 0, NULL, NULL),
(65, 2, 36, 0, 0, 0, NULL, NULL, 0, 0, 0, 0, 0, 0, 0, 0, 0, 0, NULL, NULL),
(65, 2, 37, 0, 0, 0, NULL, NULL, 0, 0, 0, 0, 0, 0, 0, 0, 0, 0, NULL, NULL),
(65, 2, 38, 0, 0, 0, NULL, NULL, 0, 0, 0, 0, 0, 0, 0, 0, 0, 0, NULL, NULL),
(65, 2, 39, 0, 0, 0, NULL, NULL, 0, 0, 0, 0, 0, 0, 0, 0, 0, 0, NULL, NULL),
(65, 2, 40, 0, 0, 0, NULL, NULL, 0, 0, 0, 0, 0, 0, 0, 0, 0, 0, NULL, NULL),
(65, 2, 41, 0, 0, 0, NULL, NULL, 0, 0, 0, 0, 0, 0, 0, 0, 0, 0, NULL, NULL),
(65, 2, 42, 0, 0, 0, NULL, NULL, 0, 0, 0, 0, 0, 0, 0, 0, 0, 0, NULL, NULL),
(65, 2, 43, 0, 0, 0, NULL, NULL, 0, 0, 0, 0, 0, 0, 0, 0, 0, 0, NULL, NULL),
(65, 2, 44, 0, 0, 0, NULL, NULL, 0, 0, 0, 0, 0, 0, 0, 0, 0, 0, NULL, NULL),
(65, 2, 45, 0, 0, 0, NULL, NULL, 0, 0, 0, 0, 0, 0, 0, 0, 0, 0, NULL, NULL),
(65, 2, 46, 0, 0, 0, NULL, NULL, 0, 0, 0, 0, 0, 0, 0, 0, 0, 0, NULL, NULL),
(65, 2, 47, 0, 0, 0, NULL, NULL, 0, 0, 0, 0, 0, 0, 0, 0, 0, 0, NULL, NULL),
(65, 2, 48, 0, 0, 0, NULL, NULL, 0, 0, 0, 0, 0, 0, 0, 0, 0, 0, NULL, NULL),
(66, 3, 49, 0, 0, 0, NULL, NULL, 0, 0, 0, 0, 0, 0, 0, 0, 0, 0, NULL, NULL),
(66, 3, 50, 0, 0, 0, NULL, NULL, 0, 0, 0, 0, 0, 0, 0, 0, 0, 0, NULL, NULL),
(66, 3, 51, 0, 0, 0, NULL, NULL, 0, 0, 0, 0, 0, 0, 0, 0, 0, 0, NULL, NULL),
(66, 3, 52, 0, 0, 0, NULL, NULL, 0, 0, 0, 0, 0, 0, 0, 0, 0, 0, NULL, NULL),
(66, 3, 53, 0, 0, 0, NULL, NULL, 0, 0, 0, 0, 0, 0, 0, 0, 0, 0, NULL, NULL),
(66, 3, 54, 0, 0, 0, NULL, NULL, 0, 0, 0, 0, 0, 0, 0, 0, 0, 0, NULL, NULL),
(66, 3, 55, 0, 0, 0, NULL, NULL, 0, 0, 0, 0, 0, 0, 0, 0, 0, 0, NULL, NULL),
(66, 3, 56, 0, 0, 0, NULL, NULL, 0, 0, 0, 0, 0, 0, 0, 0, 0, 0, NULL, NULL),
(66, 3, 57, 0, 0, 0, NULL, NULL, 0, 0, 0, 0, 0, 0, 0, 0, 0, 0, NULL, NULL),
(66, 3, 58, 0, 0, 0, NULL, NULL, 0, 0, 0, 0, 0, 0, 0, 0, 0, 0, NULL, NULL),
(66, 3, 59, 0, 0, 0, NULL, NULL, 0, 0, 0, 0, 0, 0, 0, 0, 0, 0, NULL, NULL),
(66, 3, 60, 0, 0, 0, NULL, NULL, 0, 0, 0, 0, 0, 0, 0, 0, 0, 0, NULL, NULL),
(66, 3, 61, 0, 0, 0, NULL, NULL, 0, 0, 0, 0, 0, 0, 0, 0, 0, 0, NULL, NULL),
(66, 3, 62, 0, 0, 0, NULL, NULL, 0, 0, 0, 0, 0, 0, 0, 0, 0, 0, NULL, NULL),
(66, 3, 63, 0, 0, 0, NULL, NULL, 0, 0, 0, 0, 0, 0, 0, 0, 0, 0, NULL, NULL),
(66, 3, 64, 0, 0, 0, NULL, NULL, 0, 0, 0, 0, 0, 0, 0, 0, 0, 0, NULL, NULL),
(66, 3, 65, 0, 0, 0, NULL, NULL, 0, 0, 0, 0, 0, 0, 0, 0, 0, 0, NULL, NULL),
(66, 3, 66, 0, 0, 0, NULL, NULL, 0, 0, 0, 0, 0, 0, 0, 0, 0, 0, NULL, NULL),
(66, 3, 67, 0, 0, 0, NULL, NULL, 0, 0, 0, 0, 0, 0, 0, 0, 0, 0, NULL, NULL),
(66, 3, 68, 0, 0, 0, NULL, NULL, 0, 0, 0, 0, 0, 0, 0, 0, 0, 0, NULL, NULL),
(66, 3, 69, 0, 0, 0, NULL, NULL, 0, 0, 0, 0, 0, 0, 0, 0, 0, 0, NULL, NULL),
(66, 3, 70, 0, 0, 0, NULL, NULL, 0, 0, 0, 0, 0, 0, 0, 0, 0, 0, NULL, NULL),
(66, 3, 71, 0, 0, 0, NULL, NULL, 0, 0, 0, 0, 0, 0, 0, 0, 0, 0, NULL, NULL),
(66, 3, 72, 0, 0, 0, NULL, NULL, 0, 0, 0, 0, 0, 0, 0, 0, 0, 0, NULL, NULL),
(66, 3, 73, 0, 0, 0, NULL, NULL, 0, 0, 0, 0, 0, 0, 0, 0, 0, 0, NULL, NULL),
(66, 10, 217, 0, 0, 0, NULL, NULL, 0, 0, 0, 0, 0, 0, 0, 0, 0, 0, NULL, NULL),
(66, 10, 218, 0, 0, 0, NULL, NULL, 0, 0, 0, 0, 0, 0, 0, 0, 0, 0, NULL, NULL),
(66, 10, 219, 0, 0, 0, NULL, NULL, 0, 0, 0, 0, 0, 0, 0, 0, 0, 0, NULL, NULL),
(66, 10, 220, 0, 0, 0, NULL, NULL, 0, 0, 0, 0, 0, 0, 0, 0, 0, 0, NULL, NULL),
(66, 10, 221, 0, 0, 0, NULL, NULL, 0, 0, 0, 0, 0, 0, 0, 0, 0, 0, NULL, NULL),
(66, 10, 222, 0, 0, 0, NULL, NULL, 0, 0, 0, 0, 0, 0, 0, 0, 0, 0, NULL, NULL),
(66, 10, 223, 0, 0, 0, NULL, NULL, 0, 0, 0, 0, 0, 0, 0, 0, 0, 0, NULL, NULL),
(66, 10, 224, 0, 0, 0, NULL, NULL, 0, 0, 0, 0, 0, 0, 0, 0, 0, 0, NULL, NULL),
(66, 10, 225, 0, 0, 0, NULL, NULL, 0, 0, 0, 0, 0, 0, 0, 0, 0, 0, NULL, NULL),
(66, 10, 226, 0, 0, 0, NULL, NULL, 0, 0, 0, 0, 0, 0, 0, 0, 0, 0, NULL, NULL),
(66, 10, 227, 0, 0, 0, NULL, NULL, 0, 0, 0, 0, 0, 0, 0, 0, 0, 0, NULL, NULL),
(66, 10, 228, 0, 0, 0, NULL, NULL, 0, 0, 0, 0, 0, 0, 0, 0, 0, 0, NULL, NULL),
(66, 10, 229, 0, 0, 0, NULL, NULL, 0, 0, 0, 0, 0, 0, 0, 0, 0, 0, NULL, NULL),
(66, 10, 230, 0, 0, 0, NULL, NULL, 0, 0, 0, 0, 0, 0, 0, 0, 0, 0, NULL, NULL),
(66, 10, 231, 0, 0, 0, NULL, NULL, 0, 0, 0, 0, 0, 0, 0, 0, 0, 0, NULL, NULL),
(66, 10, 232, 0, 0, 0, NULL, NULL, 0, 0, 0, 0, 0, 0, 0, 0, 0, 0, NULL, NULL),
(66, 10, 233, 0, 0, 0, NULL, NULL, 0, 0, 0, 0, 0, 0, 0, 0, 0, 0, NULL, NULL),
(66, 10, 234, 0, 0, 0, NULL, NULL, 0, 0, 0, 0, 0, 0, 0, 0, 0, 0, NULL, NULL),
(66, 10, 235, 0, 0, 0, NULL, NULL, 0, 0, 0, 0, 0, 0, 0, 0, 0, 0, NULL, NULL),
(66, 10, 236, 0, 0, 0, NULL, NULL, 0, 0, 0, 0, 0, 0, 0, 0, 0, 0, NULL, NULL),
(66, 10, 237, 0, 0, 0, NULL, NULL, 0, 0, 0, 0, 0, 0, 0, 0, 0, 0, NULL, NULL),
(67, 7, 147, 0, 0, 0, NULL, NULL, 0, 0, 0, 0, 0, 0, 0, 0, 0, 0, NULL, NULL),
(67, 7, 148, 0, 0, 0, NULL, NULL, 0, 0, 0, 0, 0, 0, 0, 0, 0, 0, NULL, NULL),
(67, 7, 149, 0, 0, 0, NULL, NULL, 0, 0, 0, 0, 0, 0, 0, 0, 0, 0, NULL, NULL),
(67, 7, 150, 0, 0, 0, NULL, NULL, 0, 0, 0, 0, 0, 0, 0, 0, 0, 0, NULL, NULL),
(67, 7, 151, 0, 0, 0, NULL, NULL, 0, 0, 0, 0, 0, 0, 0, 0, 0, 0, NULL, NULL),
(67, 7, 152, 0, 0, 0, NULL, NULL, 0, 0, 0, 0, 0, 0, 0, 0, 0, 0, NULL, NULL),
(67, 7, 153, 0, 0, 0, NULL, NULL, 0, 0, 0, 0, 0, 0, 0, 0, 0, 0, NULL, NULL),
(67, 7, 154, 0, 0, 0, NULL, NULL, 0, 0, 0, 0, 0, 0, 0, 0, 0, 0, NULL, NULL),
(67, 7, 155, 0, 0, 0, NULL, NULL, 0, 0, 0, 0, 0, 0, 0, 0, 0, 0, NULL, NULL),
(67, 7, 156, 0, 0, 0, NULL, NULL, 0, 0, 0, 0, 0, 0, 0, 0, 0, 0, NULL, NULL),
(67, 7, 157, 0, 0, 0, NULL, NULL, 0, 0, 0, 0, 0, 0, 0, 0, 0, 0, NULL, NULL),
(67, 7, 158, 0, 0, 0, NULL, NULL, 0, 0, 0, 0, 0, 0, 0, 0, 0, 0, NULL, NULL),
(67, 7, 159, 0, 0, 0, NULL, NULL, 0, 0, 0, 0, 0, 0, 0, 0, 0, 0, NULL, NULL),
(67, 7, 160, 0, 0, 0, NULL, NULL, 0, 0, 0, 0, 0, 0, 0, 0, 0, 0, NULL, NULL),
(67, 7, 161, 0, 0, 0, NULL, NULL, 0, 0, 0, 0, 0, 0, 0, 0, 0, 0, NULL, NULL),
(67, 7, 162, 0, 0, 0, NULL, NULL, 0, 0, 0, 0, 0, 0, 0, 0, 0, 0, NULL, NULL),
(67, 7, 163, 0, 0, 0, NULL, NULL, 0, 0, 0, 0, 0, 0, 0, 0, 0, 0, NULL, NULL),
(67, 7, 164, 0, 0, 0, NULL, NULL, 0, 0, 0, 0, 0, 0, 0, 0, 0, 0, NULL, NULL),
(67, 7, 165, 0, 0, 0, NULL, NULL, 0, 0, 0, 0, 0, 0, 0, 0, 0, 0, NULL, NULL),
(67, 7, 166, 0, 0, 0, NULL, NULL, 0, 0, 0, 0, 0, 0, 0, 0, 0, 0, NULL, NULL),
(67, 7, 167, 0, 0, 0, NULL, NULL, 0, 0, 0, 0, 0, 0, 0, 0, 0, 0, NULL, NULL),
(67, 7, 168, 0, 0, 0, NULL, NULL, 0, 0, 0, 0, 0, 0, 0, 0, 0, 0, NULL, NULL),
(67, 7, 169, 0, 0, 0, NULL, NULL, 0, 0, 0, 0, 0, 0, 0, 0, 0, 0, NULL, NULL),
(67, 9, 194, 0, 0, 0, NULL, NULL, 0, 0, 0, 0, 0, 0, 0, 0, 0, 0, NULL, NULL),
(67, 9, 195, 0, 0, 0, NULL, NULL, 0, 0, 0, 0, 0, 0, 0, 0, 0, 0, NULL, NULL),
(67, 9, 196, 0, 0, 0, NULL, NULL, 0, 0, 0, 0, 0, 0, 0, 0, 0, 0, NULL, NULL),
(67, 9, 197, 0, 0, 0, NULL, NULL, 0, 0, 0, 0, 0, 0, 0, 0, 0, 0, NULL, NULL),
(67, 9, 198, 0, 0, 0, NULL, NULL, 0, 0, 0, 0, 0, 0, 0, 0, 0, 0, NULL, NULL),
(67, 9, 199, 0, 0, 0, NULL, NULL, 0, 0, 0, 0, 0, 0, 0, 0, 0, 0, NULL, NULL),
(67, 9, 200, 0, 0, 0, NULL, NULL, 0, 0, 0, 0, 0, 0, 0, 0, 0, 0, NULL, NULL),
(67, 9, 201, 0, 0, 0, NULL, NULL, 0, 0, 0, 0, 0, 0, 0, 0, 0, 0, NULL, NULL),
(67, 9, 202, 0, 0, 0, NULL, NULL, 0, 0, 0, 0, 0, 0, 0, 0, 0, 0, NULL, NULL),
(67, 9, 203, 0, 0, 0, NULL, NULL, 0, 0, 0, 0, 0, 0, 0, 0, 0, 0, NULL, NULL),
(67, 9, 204, 0, 0, 0, NULL, NULL, 0, 0, 0, 0, 0, 0, 0, 0, 0, 0, NULL, NULL),
(67, 9, 205, 0, 0, 0, NULL, NULL, 0, 0, 0, 0, 0, 0, 0, 0, 0, 0, NULL, NULL),
(67, 9, 206, 0, 0, 0, NULL, NULL, 0, 0, 0, 0, 0, 0, 0, 0, 0, 0, NULL, NULL),
(67, 9, 207, 0, 0, 0, NULL, NULL, 0, 0, 0, 0, 0, 0, 0, 0, 0, 0, NULL, NULL),
(67, 9, 208, 0, 0, 0, NULL, NULL, 0, 0, 0, 0, 0, 0, 0, 0, 0, 0, NULL, NULL),
(67, 9, 209, 0, 0, 0, NULL, NULL, 0, 0, 0, 0, 0, 0, 0, 0, 0, 0, NULL, NULL),
(67, 9, 210, 0, 0, 0, NULL, NULL, 0, 0, 0, 0, 0, 0, 0, 0, 0, 0, NULL, NULL),
(67, 9, 211, 0, 0, 0, NULL, NULL, 0, 0, 0, 0, 0, 0, 0, 0, 0, 0, NULL, NULL),
(67, 9, 212, 0, 0, 0, NULL, NULL, 0, 0, 0, 0, 0, 0, 0, 0, 0, 0, NULL, NULL),
(67, 9, 213, 0, 0, 0, NULL, NULL, 0, 0, 0, 0, 0, 0, 0, 0, 0, 0, NULL, NULL),
(67, 9, 214, 0, 0, 0, NULL, NULL, 0, 0, 0, 0, 0, 0, 0, 0, 0, 0, NULL, NULL),
(67, 9, 215, 0, 0, 0, NULL, NULL, 0, 0, 0, 0, 0, 0, 0, 0, 0, 0, NULL, NULL),
(67, 9, 216, 0, 0, 0, NULL, NULL, 0, 0, 0, 0, 0, 0, 0, 0, 0, 0, NULL, NULL),
(68, 5, 99, 0, 0, 0, NULL, NULL, 0, 0, 0, 0, 0, 0, 0, 0, 0, 0, NULL, NULL),
(68, 5, 100, 0, 0, 0, NULL, NULL, 0, 0, 0, 0, 0, 0, 0, 0, 0, 0, NULL, NULL),
(68, 5, 101, 0, 0, 0, NULL, NULL, 0, 0, 0, 0, 0, 0, 0, 0, 0, 0, NULL, NULL),
(68, 5, 102, 0, 0, 0, NULL, NULL, 0, 0, 0, 0, 0, 0, 0, 0, 0, 0, NULL, NULL),
(68, 5, 103, 0, 0, 0, NULL, NULL, 0, 0, 0, 0, 0, 0, 0, 0, 0, 0, NULL, NULL),
(68, 5, 104, 0, 0, 0, NULL, NULL, 0, 0, 0, 0, 0, 0, 0, 0, 0, 0, NULL, NULL),
(68, 5, 105, 0, 0, 0, NULL, NULL, 0, 0, 0, 0, 0, 0, 0, 0, 0, 0, NULL, NULL),
(68, 5, 106, 0, 0, 0, NULL, NULL, 0, 0, 0, 0, 0, 0, 0, 0, 0, 0, NULL, NULL),
(68, 5, 107, 0, 0, 0, NULL, NULL, 0, 0, 0, 0, 0, 0, 0, 0, 0, 0, NULL, NULL),
(68, 5, 108, 0, 0, 0, NULL, NULL, 0, 0, 0, 0, 0, 0, 0, 0, 0, 0, NULL, NULL),
(68, 5, 109, 0, 0, 0, NULL, NULL, 0, 0, 0, 0, 0, 0, 0, 0, 0, 0, NULL, NULL),
(68, 5, 110, 0, 0, 0, NULL, NULL, 0, 0, 0, 0, 0, 0, 0, 0, 0, 0, NULL, NULL),
(68, 5, 111, 0, 0, 0, NULL, NULL, 0, 0, 0, 0, 0, 0, 0, 0, 0, 0, NULL, NULL),
(68, 5, 112, 0, 0, 0, NULL, NULL, 0, 0, 0, 0, 0, 0, 0, 0, 0, 0, NULL, NULL),
(68, 5, 113, 0, 0, 0, NULL, NULL, 0, 0, 0, 0, 0, 0, 0, 0, 0, 0, NULL, NULL),
(68, 5, 114, 0, 0, 0, NULL, NULL, 0, 0, 0, 0, 0, 0, 0, 0, 0, 0, NULL, NULL),
(68, 5, 115, 0, 0, 0, NULL, NULL, 0, 0, 0, 0, 0, 0, 0, 0, 0, 0, NULL, NULL),
(68, 5, 116, 0, 0, 0, NULL, NULL, 0, 0, 0, 0, 0, 0, 0, 0, 0, 0, NULL, NULL),
(68, 5, 117, 0, 0, 0, NULL, NULL, 0, 0, 0, 0, 0, 0, 0, 0, 0, 0, NULL, NULL),
(68, 5, 118, 0, 0, 0, NULL, NULL, 0, 0, 0, 0, 0, 0, 0, 0, 0, 0, NULL, NULL),
(68, 5, 119, 0, 0, 0, NULL, NULL, 0, 0, 0, 0, 0, 0, 0, 0, 0, 0, NULL, NULL),
(68, 5, 120, 0, 0, 0, NULL, NULL, 0, 0, 0, 0, 0, 0, 0, 0, 0, 0, NULL, NULL),
(68, 5, 121, 0, 0, 0, NULL, NULL, 0, 0, 0, 0, 0, 0, 0, 0, 0, 0, NULL, NULL),
(68, 5, 122, 0, 0, 0, NULL, NULL, 0, 0, 0, 0, 0, 0, 0, 0, 0, 0, NULL, NULL),
(68, 6, 123, 0, 0, 0, NULL, NULL, 0, 0, 0, 0, 0, 0, 0, 0, 0, 0, NULL, NULL),
(68, 6, 124, 0, 0, 0, NULL, NULL, 0, 0, 0, 0, 0, 0, 0, 0, 0, 0, NULL, NULL),
(68, 6, 125, 0, 0, 0, NULL, NULL, 0, 0, 0, 0, 0, 0, 0, 0, 0, 0, NULL, NULL),
(68, 6, 126, 0, 0, 0, NULL, NULL, 0, 0, 0, 0, 0, 0, 0, 0, 0, 0, NULL, NULL),
(68, 6, 127, 0, 0, 0, NULL, NULL, 0, 0, 0, 0, 0, 0, 0, 0, 0, 0, NULL, NULL),
(68, 6, 128, 0, 0, 0, NULL, NULL, 0, 0, 0, 0, 0, 0, 0, 0, 0, 0, NULL, NULL),
(68, 6, 129, 0, 0, 0, NULL, NULL, 0, 0, 0, 0, 0, 0, 0, 0, 0, 0, NULL, NULL),
(68, 6, 130, 0, 0, 0, NULL, NULL, 0, 0, 0, 0, 0, 0, 0, 0, 0, 0, NULL, NULL),
(68, 6, 131, 0, 0, 0, NULL, NULL, 0, 0, 0, 0, 0, 0, 0, 0, 0, 0, NULL, NULL),
(68, 6, 132, 0, 0, 0, NULL, NULL, 0, 0, 0, 0, 0, 0, 0, 0, 0, 0, NULL, NULL),
(68, 6, 133, 0, 0, 0, NULL, NULL, 0, 0, 0, 0, 0, 0, 0, 0, 0, 0, NULL, NULL),
(68, 6, 134, 0, 0, 0, NULL, NULL, 0, 0, 0, 0, 0, 0, 0, 0, 0, 0, NULL, NULL),
(68, 6, 135, 0, 0, 0, NULL, NULL, 0, 0, 0, 0, 0, 0, 0, 0, 0, 0, NULL, NULL),
(68, 6, 136, 0, 0, 0, NULL, NULL, 0, 0, 0, 0, 0, 0, 0, 0, 0, 0, NULL, NULL),
(68, 6, 137, 0, 0, 0, NULL, NULL, 0, 0, 0, 0, 0, 0, 0, 0, 0, 0, NULL, NULL),
(68, 6, 138, 0, 0, 0, NULL, NULL, 0, 0, 0, 0, 0, 0, 0, 0, 0, 0, NULL, NULL),
(68, 6, 139, 0, 0, 0, NULL, NULL, 0, 0, 0, 0, 0, 0, 0, 0, 0, 0, NULL, NULL),
(68, 6, 140, 0, 0, 0, NULL, NULL, 0, 0, 0, 0, 0, 0, 0, 0, 0, 0, NULL, NULL),
(68, 6, 141, 0, 0, 0, NULL, NULL, 0, 0, 0, 0, 0, 0, 0, 0, 0, 0, NULL, NULL),
(68, 6, 142, 0, 0, 0, NULL, NULL, 0, 0, 0, 0, 0, 0, 0, 0, 0, 0, NULL, NULL),
(68, 6, 143, 0, 0, 0, NULL, NULL, 0, 0, 0, 0, 0, 0, 0, 0, 0, 0, NULL, NULL),
(68, 6, 144, 0, 0, 0, NULL, NULL, 0, 0, 0, 0, 0, 0, 0, 0, 0, 0, NULL, NULL),
(68, 6, 145, 0, 0, 0, NULL, NULL, 0, 0, 0, 0, 0, 0, 0, 0, 0, 0, NULL, NULL),
(68, 6, 146, 0, 0, 0, NULL, NULL, 0, 0, 0, 0, 0, 0, 0, 0, 0, 0, NULL, NULL),
(69, 2, 24, 0, 0, 0, NULL, NULL, 0, 0, 0, 0, 0, 0, 0, 0, 0, 0, NULL, NULL),
(69, 2, 25, 0, 0, 0, NULL, NULL, 0, 0, 0, 0, 0, 0, 0, 0, 0, 0, NULL, NULL),
(69, 2, 26, 0, 0, 0, NULL, NULL, 0, 0, 0, 0, 0, 0, 0, 0, 0, 0, NULL, NULL),
(69, 2, 27, 0, 0, 0, NULL, NULL, 0, 0, 0, 0, 0, 0, 0, 0, 0, 0, NULL, NULL),
(69, 2, 28, 0, 0, 0, NULL, NULL, 0, 0, 0, 0, 0, 0, 0, 0, 0, 0, NULL, NULL),
(69, 2, 29, 0, 0, 0, NULL, NULL, 0, 0, 0, 0, 0, 0, 0, 0, 0, 0, NULL, NULL),
(69, 2, 30, 0, 0, 0, NULL, NULL, 0, 0, 0, 0, 0, 0, 0, 0, 0, 0, NULL, NULL),
(69, 2, 31, 0, 0, 0, NULL, NULL, 0, 0, 0, 0, 0, 0, 0, 0, 0, 0, NULL, NULL),
(69, 2, 32, 0, 0, 0, NULL, NULL, 0, 0, 0, 0, 0, 0, 0, 0, 0, 0, NULL, NULL),
(69, 2, 33, 0, 0, 0, NULL, NULL, 0, 0, 0, 0, 0, 0, 0, 0, 0, 0, NULL, NULL),
(69, 2, 34, 0, 0, 0, NULL, NULL, 0, 0, 0, 0, 0, 0, 0, 0, 0, 0, NULL, NULL),
(69, 2, 35, 0, 0, 0, NULL, NULL, 0, 0, 0, 0, 0, 0, 0, 0, 0, 0, NULL, NULL),
(69, 2, 36, 0, 0, 0, NULL, NULL, 0, 0, 0, 0, 0, 0, 0, 0, 0, 0, NULL, NULL),
(69, 2, 37, 0, 0, 0, NULL, NULL, 0, 0, 0, 0, 0, 0, 0, 0, 0, 0, NULL, NULL),
(69, 2, 38, 0, 0, 0, NULL, NULL, 0, 0, 0, 0, 0, 0, 0, 0, 0, 0, NULL, NULL),
(69, 2, 39, 0, 0, 0, NULL, NULL, 0, 0, 0, 0, 0, 0, 0, 0, 0, 0, NULL, NULL),
(69, 2, 40, 0, 0, 0, NULL, NULL, 0, 0, 0, 0, 0, 0, 0, 0, 0, 0, NULL, NULL),
(69, 2, 41, 0, 0, 0, NULL, NULL, 0, 0, 0, 0, 0, 0, 0, 0, 0, 0, NULL, NULL),
(69, 2, 42, 0, 0, 0, NULL, NULL, 0, 0, 0, 0, 0, 0, 0, 0, 0, 0, NULL, NULL),
(69, 2, 43, 0, 0, 0, NULL, NULL, 0, 0, 0, 0, 0, 0, 0, 0, 0, 0, NULL, NULL),
(69, 2, 44, 0, 0, 0, NULL, NULL, 0, 0, 0, 0, 0, 0, 0, 0, 0, 0, NULL, NULL),
(69, 2, 45, 0, 0, 0, NULL, NULL, 0, 0, 0, 0, 0, 0, 0, 0, 0, 0, NULL, NULL),
(69, 2, 46, 0, 0, 0, NULL, NULL, 0, 0, 0, 0, 0, 0, 0, 0, 0, 0, NULL, NULL),
(69, 2, 47, 0, 0, 0, NULL, NULL, 0, 0, 0, 0, 0, 0, 0, 0, 0, 0, NULL, NULL),
(69, 2, 48, 0, 0, 0, NULL, NULL, 0, 0, 0, 0, 0, 0, 0, 0, 0, 0, NULL, NULL),
(69, 8, 170, 0, 0, 0, NULL, NULL, 0, 0, 0, 0, 0, 0, 0, 0, 0, 0, NULL, NULL),
(69, 8, 171, 0, 0, 0, NULL, NULL, 0, 0, 0, 0, 0, 0, 0, 0, 0, 0, NULL, NULL),
(69, 8, 172, 0, 0, 0, NULL, NULL, 0, 0, 0, 0, 0, 0, 0, 0, 0, 0, NULL, NULL),
(69, 8, 173, 0, 0, 0, NULL, NULL, 0, 0, 0, 0, 0, 0, 0, 0, 0, 0, NULL, NULL),
(69, 8, 174, 0, 0, 0, NULL, NULL, 0, 0, 0, 0, 0, 0, 0, 0, 0, 0, NULL, NULL),
(69, 8, 175, 0, 0, 0, NULL, NULL, 0, 0, 0, 0, 0, 0, 0, 0, 0, 0, NULL, NULL),
(69, 8, 176, 0, 0, 0, NULL, NULL, 0, 0, 0, 0, 0, 0, 0, 0, 0, 0, NULL, NULL),
(69, 8, 177, 0, 0, 0, NULL, NULL, 0, 0, 0, 0, 0, 0, 0, 0, 0, 0, NULL, NULL),
(69, 8, 178, 0, 0, 0, NULL, NULL, 0, 0, 0, 0, 0, 0, 0, 0, 0, 0, NULL, NULL),
(69, 8, 179, 0, 0, 0, NULL, NULL, 0, 0, 0, 0, 0, 0, 0, 0, 0, 0, NULL, NULL),
(69, 8, 180, 0, 0, 0, NULL, NULL, 0, 0, 0, 0, 0, 0, 0, 0, 0, 0, NULL, NULL),
(69, 8, 181, 0, 0, 0, NULL, NULL, 0, 0, 0, 0, 0, 0, 0, 0, 0, 0, NULL, NULL),
(69, 8, 182, 0, 0, 0, NULL, NULL, 0, 0, 0, 0, 0, 0, 0, 0, 0, 0, NULL, NULL),
(69, 8, 183, 0, 0, 0, NULL, NULL, 0, 0, 0, 0, 0, 0, 0, 0, 0, 0, NULL, NULL),
(69, 8, 184, 0, 0, 0, NULL, NULL, 0, 0, 0, 0, 0, 0, 0, 0, 0, 0, NULL, NULL),
(69, 8, 185, 0, 0, 0, NULL, NULL, 0, 0, 0, 0, 0, 0, 0, 0, 0, 0, NULL, NULL),
(69, 8, 186, 0, 0, 0, NULL, NULL, 0, 0, 0, 0, 0, 0, 0, 0, 0, 0, NULL, NULL),
(69, 8, 187, 0, 0, 0, NULL, NULL, 0, 0, 0, 0, 0, 0, 0, 0, 0, 0, NULL, NULL),
(69, 8, 188, 0, 0, 0, NULL, NULL, 0, 0, 0, 0, 0, 0, 0, 0, 0, 0, NULL, NULL),
(69, 8, 189, 0, 0, 0, NULL, NULL, 0, 0, 0, 0, 0, 0, 0, 0, 0, 0, NULL, NULL),
(69, 8, 190, 0, 0, 0, NULL, NULL, 0, 0, 0, 0, 0, 0, 0, 0, 0, 0, NULL, NULL),
(69, 8, 191, 0, 0, 0, NULL, NULL, 0, 0, 0, 0, 0, 0, 0, 0, 0, 0, NULL, NULL),
(69, 8, 192, 0, 0, 0, NULL, NULL, 0, 0, 0, 0, 0, 0, 0, 0, 0, 0, NULL, NULL),
(69, 8, 193, 0, 0, 0, NULL, NULL, 0, 0, 0, 0, 0, 0, 0, 0, 0, 0, NULL, NULL),
(70, 1, 1, 0, 0, 0, NULL, NULL, 0, 0, 0, 0, 0, 0, 0, 0, 0, 0, NULL, NULL),
(70, 1, 2, 0, 0, 0, NULL, NULL, 0, 0, 0, 0, 0, 0, 0, 0, 0, 0, NULL, NULL),
(70, 1, 3, 0, 0, 0, NULL, NULL, 0, 0, 0, 0, 0, 0, 0, 0, 0, 0, NULL, NULL),
(70, 1, 4, 0, 0, 0, NULL, NULL, 0, 0, 0, 0, 0, 0, 0, 0, 0, 0, NULL, NULL),
(70, 1, 5, 0, 0, 0, NULL, NULL, 0, 0, 0, 0, 0, 0, 0, 0, 0, 0, NULL, NULL),
(70, 1, 6, 0, 0, 0, NULL, NULL, 0, 0, 0, 0, 0, 0, 0, 0, 0, 0, NULL, NULL),
(70, 1, 7, 0, 0, 0, NULL, NULL, 0, 0, 0, 0, 0, 0, 0, 0, 0, 0, NULL, NULL),
(70, 1, 8, 0, 0, 0, NULL, NULL, 0, 0, 0, 0, 0, 0, 0, 0, 0, 0, NULL, NULL),
(70, 1, 9, 0, 0, 0, NULL, NULL, 0, 0, 0, 0, 0, 0, 0, 0, 0, 0, NULL, NULL),
(70, 1, 10, 0, 0, 0, NULL, NULL, 0, 0, 0, 0, 0, 0, 0, 0, 0, 0, NULL, NULL),
(70, 1, 11, 0, 0, 0, NULL, NULL, 0, 0, 0, 0, 0, 0, 0, 0, 0, 0, NULL, NULL),
(70, 1, 12, 0, 0, 0, NULL, NULL, 0, 0, 0, 0, 0, 0, 0, 0, 0, 0, NULL, NULL),
(70, 1, 13, 0, 0, 0, NULL, NULL, 0, 0, 0, 0, 0, 0, 0, 0, 0, 0, NULL, NULL),
(70, 1, 14, 0, 0, 0, NULL, NULL, 0, 0, 0, 0, 0, 0, 0, 0, 0, 0, NULL, NULL),
(70, 1, 15, 0, 0, 0, NULL, NULL, 0, 0, 0, 0, 0, 0, 0, 0, 0, 0, NULL, NULL),
(70, 1, 16, 0, 0, 0, NULL, NULL, 0, 0, 0, 0, 0, 0, 0, 0, 0, 0, NULL, NULL),
(70, 1, 17, 0, 0, 0, NULL, NULL, 0, 0, 0, 0, 0, 0, 0, 0, 0, 0, NULL, NULL),
(70, 1, 18, 0, 0, 0, NULL, NULL, 0, 0, 0, 0, 0, 0, 0, 0, 0, 0, NULL, NULL),
(70, 1, 19, 0, 0, 0, NULL, NULL, 0, 0, 0, 0, 0, 0, 0, 0, 0, 0, NULL, NULL),
(70, 1, 20, 0, 0, 0, NULL, NULL, 0, 0, 0, 0, 0, 0, 0, 0, 0, 0, NULL, NULL),
(70, 1, 21, 0, 0, 0, NULL, NULL, 0, 0, 0, 0, 0, 0, 0, 0, 0, 0, NULL, NULL),
(70, 1, 22, 0, 0, 0, NULL, NULL, 0, 0, 0, 0, 0, 0, 0, 0, 0, 0, NULL, NULL),
(70, 1, 23, 0, 0, 0, NULL, NULL, 0, 0, 0, 0, 0, 0, 0, 0, 0, 0, NULL, NULL),
(70, 4, 74, 0, 0, 0, NULL, NULL, 0, 0, 0, 0, 0, 0, 0, 0, 0, 0, NULL, NULL),
(70, 4, 75, 0, 0, 0, NULL, NULL, 0, 0, 0, 0, 0, 0, 0, 0, 0, 0, NULL, NULL),
(70, 4, 76, 0, 0, 0, NULL, NULL, 0, 0, 0, 0, 0, 0, 0, 0, 0, 0, NULL, NULL),
(70, 4, 77, 0, 0, 0, NULL, NULL, 0, 0, 0, 0, 0, 0, 0, 0, 0, 0, NULL, NULL),
(70, 4, 78, 0, 0, 0, NULL, NULL, 0, 0, 0, 0, 0, 0, 0, 0, 0, 0, NULL, NULL),
(70, 4, 79, 0, 0, 0, NULL, NULL, 0, 0, 0, 0, 0, 0, 0, 0, 0, 0, NULL, NULL),
(70, 4, 80, 0, 0, 0, NULL, NULL, 0, 0, 0, 0, 0, 0, 0, 0, 0, 0, NULL, NULL),
(70, 4, 81, 0, 0, 0, NULL, NULL, 0, 0, 0, 0, 0, 0, 0, 0, 0, 0, NULL, NULL),
(70, 4, 82, 0, 0, 0, NULL, NULL, 0, 0, 0, 0, 0, 0, 0, 0, 0, 0, NULL, NULL),
(70, 4, 83, 0, 0, 0, NULL, NULL, 0, 0, 0, 0, 0, 0, 0, 0, 0, 0, NULL, NULL),
(70, 4, 84, 0, 0, 0, NULL, NULL, 0, 0, 0, 0, 0, 0, 0, 0, 0, 0, NULL, NULL),
(70, 4, 85, 0, 0, 0, NULL, NULL, 0, 0, 0, 0, 0, 0, 0, 0, 0, 0, NULL, NULL),
(70, 4, 86, 0, 0, 0, NULL, NULL, 0, 0, 0, 0, 0, 0, 0, 0, 0, 0, NULL, NULL),
(70, 4, 87, 0, 0, 0, NULL, NULL, 0, 0, 0, 0, 0, 0, 0, 0, 0, 0, NULL, NULL),
(70, 4, 88, 0, 0, 0, NULL, NULL, 0, 0, 0, 0, 0, 0, 0, 0, 0, 0, NULL, NULL),
(70, 4, 89, 0, 0, 0, NULL, NULL, 0, 0, 0, 0, 0, 0, 0, 0, 0, 0, NULL, NULL),
(70, 4, 90, 0, 0, 0, NULL, NULL, 0, 0, 0, 0, 0, 0, 0, 0, 0, 0, NULL, NULL),
(70, 4, 91, 0, 0, 0, NULL, NULL, 0, 0, 0, 0, 0, 0, 0, 0, 0, 0, NULL, NULL),
(70, 4, 92, 0, 0, 0, NULL, NULL, 0, 0, 0, 0, 0, 0, 0, 0, 0, 0, NULL, NULL),
(70, 4, 93, 0, 0, 0, NULL, NULL, 0, 0, 0, 0, 0, 0, 0, 0, 0, 0, NULL, NULL),
(70, 4, 94, 0, 0, 0, NULL, NULL, 0, 0, 0, 0, 0, 0, 0, 0, 0, 0, NULL, NULL),
(70, 4, 95, 0, 0, 0, NULL, NULL, 0, 0, 0, 0, 0, 0, 0, 0, 0, 0, NULL, NULL),
(70, 4, 96, 0, 0, 0, NULL, NULL, 0, 0, 0, 0, 0, 0, 0, 0, 0, 0, NULL, NULL),
(70, 4, 97, 0, 0, 0, NULL, NULL, 0, 0, 0, 0, 0, 0, 0, 0, 0, 0, NULL, NULL),
(70, 4, 98, 0, 0, 0, NULL, NULL, 0, 0, 0, 0, 0, 0, 0, 0, 0, 0, NULL, NULL);

-- --------------------------------------------------------

--
-- Table structure for table `match_status`
--

CREATE TABLE `match_status` (
  `statusId` int NOT NULL,
  `statusString` tinytext NOT NULL
) ENGINE=InnoDB ;

--
-- Dumping data for table `match_status`
--

INSERT INTO `match_status` (`statusId`, `statusString`) VALUES
(1, 'closed'),
(2, 'live'),
(3, 'not_started'),
(4, 'ended');

-- --------------------------------------------------------

--
-- Table structure for table `notifications`
--

CREATE TABLE `notifications` (
  `notificationId` int NOT NULL,
  `userId` int NOT NULL,
  `isReaded` tinyint(1) NOT NULL DEFAULT '0',
  `notificationType` int NOT NULL,
  `notificationMessage` varchar(2000) NOT NULL,
  `creationTime` timestamp NOT NULL DEFAULT CURRENT_TIMESTAMP
) ENGINE=InnoDB ;

-- --------------------------------------------------------

--
-- Table structure for table `notification_type`
--

CREATE TABLE `notification_type` (
  `notificationType` int NOT NULL,
  `notificationTypeString` varchar(30) NOT NULL
) ENGINE=InnoDB ;

-- --------------------------------------------------------

--
-- Table structure for table `players`
--

CREATE TABLE `players` (
  `playerId` int NOT NULL,
  `playerRadarId` int NOT NULL,
  `playerFirstName` varchar(200) NOT NULL,
  `playerLastName` varchar(200) NOT NULL,
  `playerCountryCode` varchar(30) DEFAULT NULL,
  `playerRole` int NOT NULL DEFAULT '0',
  `playerDOB` date DEFAULT NULL,
  `playerBattingStyleId` int DEFAULT NULL,
  `playerBowlingStyleId` int DEFAULT NULL,
  `playerCountry` varchar(50) DEFAULT NULL
) ENGINE=InnoDB ;

--
-- Dumping data for table `players`
--

INSERT INTO `players` (`playerId`, `playerRadarId`, `playerFirstName`, `playerLastName`, `playerCountryCode`, `playerRole`, `playerDOB`, `playerBattingStyleId`, `playerBowlingStyleId`, `playerCountry`) VALUES
(1, 649634, 'Kane', 'Williamson', 'NZL', 1, '1990-08-08', 1, 1, 'New Zealand'),
(2, 663662, 'Bhuvneshwar', 'Kumar', 'IND', 2, '1990-02-05', 1, 2, 'India'),
(3, 670856, 'Shreyas', 'Gopal', 'IND', 4, '1993-09-04', 1, 3, 'India'),
(4, 673874, 'Rahul', 'Tripathi', 'IND', 1, '1991-03-02', 1, 2, 'India'),
(5, 679826, 'Shashank', 'Singh', 'IND', 1, '1991-11-21', 1, 1, 'India'),
(6, 686052, 'Sean', 'Abbott', 'AUS', 2, '1992-02-29', 1, 2, 'Australia'),
(7, 707784, 'Ravikumar', 'Samarth', 'IND', 1, '1993-01-22', 1, 2, 'India'),
(8, 722888, 'Jagadeesha', 'Suchith', 'IND', 2, '1994-01-16', 2, 1, 'India'),
(9, 737528, 'Aiden', 'Markram', 'ZAF', 1, '1994-10-04', 1, 1, 'South Africa'),
(10, 737834, 'Nicholas', 'Pooran', 'TTO', 3, '1995-10-02', 2, NULL, 'Trinidad and Tobago'),
(11, 743416, 'Marco', 'Jansen', 'ZAF', 4, '2000-05-01', 1, 4, 'South Africa'),
(12, 745140, 'Washington', 'Sundar', 'IND', 4, '1999-10-05', 2, 1, 'India'),
(13, 746000, 'Vishnu', 'Vinod', 'IND', 3, '1993-12-02', 1, NULL, 'India'),
(14, 1026435, 'T', 'Natarajan', 'IND', 2, '1991-05-27', 2, 5, 'India'),
(15, 1097786, 'Abhishek', 'Sharma', 'IND', 4, '2000-09-04', 2, 6, 'India'),
(16, 1097832, 'Priyam K', 'Garg', 'IND', 1, '2000-11-30', 1, 2, 'India'),
(17, 1103865, 'Glenn', 'Phillips', 'NZL', 3, '1996-12-06', 1, NULL, 'New Zealand'),
(18, 1323358, 'Abdul', 'Samad Farooq', 'IND', 1, '2001-10-28', NULL, NULL, 'India'),
(19, 1325582, 'Kartik', 'Tyagi', 'IND', 2, '2000-11-08', NULL, NULL, 'India'),
(20, 1403809, 'Romario', 'Shepherd', 'GUY', 2, '1994-11-26', NULL, NULL, 'Guyana'),
(21, 1975057, 'Saurabh', 'Dubey', 'IND', 2, '1998-01-23', NULL, NULL, 'India'),
(22, 2116784, 'Umran', 'Malik', 'IND', 2, '1999-11-22', NULL, NULL, 'India'),
(23, 2288183, 'Fazalhaq', 'Farooqi', 'AFG', 2, '2000-09-22', NULL, NULL, 'Afghanistan'),
(24, 637822, 'Kieron', 'Pollard', 'TTO', 4, '1987-05-12', 1, 7, 'Trinidad and Tobago'),
(25, 670112, 'Rohit', 'Sharma', 'IND', 1, '1987-04-30', 1, 1, 'India'),
(26, 683872, 'Jaydev', 'Unadkat', 'IND', 2, '1991-10-18', 1, 5, 'India'),
(27, 702744, 'Tymal', 'Mills', 'ENG', 2, '1992-08-12', 1, 4, 'England'),
(28, 722998, 'Murugan', 'Ashwin', 'IND', 2, '1990-09-08', 1, 8, 'India'),
(29, 738634, 'Jasprit', 'Bumrah', 'IND', 2, '1993-12-06', 1, 2, 'India'),
(30, 741558, 'Jofra', 'Archer', 'ENG', 2, '1995-04-01', 1, 9, 'England'),
(31, 741568, 'Fabian', 'Allen', 'JAM', 4, '1995-05-07', 1, 6, 'Jamaica'),
(32, 745168, 'Ishan', 'Kishan', 'IND', 3, '1998-07-18', 2, NULL, 'India'),
(33, 745998, 'Basil', 'Thampi', 'IND', 2, '1993-09-11', 1, 2, 'India'),
(34, 768813, 'Suryakumar', 'Yadav', 'IND', 1, '1990-09-14', 1, 2, 'India'),
(35, 1026491, 'Sanjay', 'Yadav', 'IND', 4, '1995-05-10', 2, 6, 'India'),
(36, 1234912, 'Ramandeep', 'Singh', 'IND', 1, '1997-04-13', NULL, NULL, 'India'),
(37, 1315052, 'Riley', 'Meredith', 'AUS', 2, '1996-06-21', NULL, NULL, 'Australia'),
(38, 1326030, 'Anmolpreet', 'Singh', 'IND', 1, '1998-03-28', 1, 1, 'India'),
(39, 1354830, 'Daniel', 'Sams', 'AUS', 4, '1992-10-27', NULL, NULL, 'Australia'),
(40, 1378659, 'Aryan', 'Juyal', 'IND', 3, NULL, NULL, NULL, 'India'),
(41, 1384327, 'Tim', 'David', 'SGP', 1, '1996-03-16', NULL, NULL, 'Singapore'),
(42, 1430019, 'Mayank', 'Markande', 'IND', 2, '1997-11-11', 1, NULL, 'India'),
(43, 1604018, 'Kumar', 'Kartikeya', 'IND', 2, NULL, 2, 6, 'India'),
(44, 1712061, 'Tilak', 'Varma', 'IND', 1, '2002-11-08', NULL, NULL, 'India'),
(45, 1742825, 'Arjun Sachin', 'Tendulkar', 'IND', 2, '1999-09-24', NULL, NULL, 'India'),
(46, 1884232, 'Hrithik Rakesh', 'Shokeen', 'IND', 2, '2000-01-18', NULL, NULL, 'India'),
(47, 2001895, 'Rahul Ravinder', 'Buddhi', NULL, 1, '1997-09-20', NULL, NULL, NULL),
(48, 2138442, 'Dewald', 'Brevis', NULL, 4, '2003-04-29', NULL, NULL, NULL),
(49, 637820, 'Sunil', 'Narine', 'TTO', 4, '1988-05-26', 2, 1, 'Trinidad and Tobago'),
(50, 638286, 'Tim', 'Southee', 'NZL', 2, '1988-12-11', 1, 7, 'New Zealand'),
(51, 639596, 'Sheldon', 'Jackson', 'IND', 3, '1986-09-27', 1, NULL, 'India'),
(52, 644342, 'Mohammad', 'Nabi', 'AFG', 4, '1985-01-01', 1, 1, 'Afghanistan'),
(53, 649232, 'Andre', 'Russell', 'JAM', 4, '1988-04-29', 1, 10, 'Jamaica'),
(54, 649652, 'Ajinkya', 'Rahane', 'IND', 1, '1988-06-06', 1, 2, 'India'),
(55, 655096, 'Sam', 'Billings', 'ENG', 3, '1991-06-15', 1, NULL, 'England'),
(56, 674582, 'Venkatesh', 'Iyer', 'IND', 4, '1994-12-25', NULL, NULL, 'India'),
(57, 708488, 'Baba', 'Indrajith', 'IND', 1, '1994-07-08', 1, 11, 'India'),
(58, 737848, 'Nitish', 'Rana', 'IND', 1, '1993-12-27', 2, 6, 'India'),
(59, 738490, 'Chamika', 'Karunaratne', 'LKA', 4, '1996-05-29', 1, 7, 'Sri Lanka'),
(60, 740150, 'Shreyas', 'Iyer', 'IND', 1, '1994-12-06', 1, 1, 'India'),
(61, 745468, 'Rinku', 'Singh', 'IND', 1, '1997-10-12', 2, 1, 'India'),
(62, 768811, 'Umesh', 'Yadav', 'IND', 2, '1987-10-25', 1, 9, 'India'),
(63, 768815, 'Pat', 'Cummins', 'AUS', 2, '1993-05-08', 1, 10, 'Australia'),
(64, 768865, 'Aaron', 'Finch', 'AUS', 1, '1986-11-17', 1, 5, 'Australia'),
(65, 1119673, 'Pratham', 'Singh', 'IND', 1, '1992-08-31', 2, 1, 'India'),
(66, 1233364, 'Varun', 'Chakravarthy', 'IND', 2, '1991-08-29', NULL, NULL, 'India'),
(67, 1234840, 'Abhijeet', 'Tomar', 'IND', 1, '1995-03-14', 1, NULL, 'India'),
(68, 1378655, 'Shivam', 'Mavi', 'IND', 2, '1998-11-26', NULL, NULL, 'India'),
(69, 1389131, 'Anukul', 'Roy', 'IND', 4, '1998-11-30', NULL, NULL, 'India'),
(70, 1423817, 'Aman Hakim', 'Khan', NULL, 4, '1996-11-23', NULL, NULL, NULL),
(71, 2301683, 'Ramesh', 'Kumar', 'IND', 4, '1999-01-01', NULL, NULL, 'India'),
(72, 2301685, 'Ashok', 'Sharma', 'IND', 2, '2002-06-17', NULL, NULL, 'India'),
(73, 2333889, 'Harshit', 'Rana', 'IND', 2, NULL, NULL, NULL, 'India'),
(74, 633516, 'Benny', 'Howell', 'ENG', 4, '1988-10-05', 1, 7, 'England'),
(75, 650706, 'Shikhar', 'Dhawan', 'IND', 1, '1985-12-05', 2, 1, 'India'),
(76, 652464, 'Rishi', 'Dhawan', 'IND', 4, '1990-02-19', 1, 7, 'India'),
(77, 654928, 'Jonny', 'Bairstow', 'ENG', 3, '1989-09-26', 1, 2, 'England'),
(78, 670438, 'Bhanuka', 'Rajapaksa', 'LKA', 1, '1991-10-24', 2, 2, 'Sri Lanka'),
(79, 672724, 'Prab Simran', 'Singh', 'IND', 3, '2000-08-10', NULL, NULL, 'India'),
(80, 685992, 'Mayank', 'Agarwal', 'IND', 1, '1991-02-16', 1, NULL, 'India'),
(81, 687410, 'Liam', 'Livingstone', 'ENG', 4, '1993-08-04', 1, 3, 'England'),
(82, 697254, 'Sandeep', 'Sharma', 'IND', 2, '1993-05-18', 1, 2, 'India'),
(83, 722766, 'Baltej', 'Singh', 'IND', 2, '1990-11-04', 1, 2, 'India'),
(84, 728930, 'Kagiso', 'Rabada', 'ZAF', 2, '1995-05-25', 2, 10, 'South Africa'),
(85, 744100, 'Writtick', 'Chatterjee', 'IND', 4, '1992-09-28', 1, 1, 'India'),
(86, 745144, 'Shahrukh', 'Khan', 'IND', 1, '1995-05-27', 1, 1, 'India'),
(87, 745214, 'Jitesh', 'Sharma', 'IND', 3, '1993-10-22', 1, NULL, 'India'),
(88, 1097814, 'Rahul', 'Chahar', 'IND', 2, '1999-08-04', 1, 12, 'India'),
(89, 1097856, 'Ishan', 'Porel', 'IND', 2, '1998-09-05', 1, 2, 'India'),
(90, 1142404, 'Vaibhav', 'Arora', NULL, 2, NULL, NULL, NULL, NULL),
(91, 1246368, 'Odean', 'Smith', 'JAM', 2, '1996-11-01', NULL, NULL, 'Jamaica'),
(92, 1378657, 'Arshdeep', 'Singh', 'IND', 2, '1999-02-05', NULL, NULL, 'India'),
(93, 1603274, 'Atharwa', 'Taide', 'IND', 1, '2000-04-26', NULL, NULL, 'India'),
(94, 1603620, 'Prerak', 'Mankad', 'IND', 4, '1994-03-23', 1, 7, 'India'),
(95, 1609704, 'Nathan', 'Ellis', 'AUS', 2, '1994-09-22', 1, 2, 'Australia'),
(96, 1710289, 'Harpreet', 'Brar', 'IND', 2, '1995-09-16', NULL, NULL, 'India'),
(97, 2114204, 'Ansh P', 'Patel', NULL, 2, NULL, NULL, NULL, NULL),
(98, 2276005, 'Raj Angad', 'Bawa', NULL, 4, '2002-11-12', NULL, NULL, NULL),
(99, 645482, 'Ravichandran', 'Ashwin', 'IND', 4, '1986-09-17', 1, 1, 'India'),
(100, 649644, 'Trent', 'Boult', 'NZL', 2, '1989-07-22', 1, 13, 'New Zealand'),
(101, 658988, 'Jos', 'Buttler', 'ENG', 3, '1990-09-08', 1, NULL, 'England'),
(102, 667796, 'Rassie', 'van der Dussen', 'ZAF', 1, '1989-02-07', 1, 3, 'South Africa'),
(103, 673864, 'Jimmy', 'Neesham', 'NZL', 4, '1990-09-17', 2, 2, 'New Zealand'),
(104, 681428, 'Daryl', 'Mitchell', 'NZL', 4, '1991-05-20', 1, 2, 'New Zealand'),
(105, 685994, 'Karun', 'Nair', 'IND', 1, '1991-12-06', 1, 14, 'India'),
(106, 693396, 'Sanju', 'Samson', 'IND', 3, '1994-11-11', 1, NULL, 'India'),
(107, 695120, 'Yuzvendra', 'Chahal', 'IND', 2, '1990-07-23', 1, 11, 'India'),
(108, 741576, 'Shimron', 'Hetmyer', 'GUY', 1, '1996-12-26', 2, NULL, 'Guyana'),
(109, 744204, 'Navdeep', 'Saini', 'IND', 2, '1992-11-23', 1, 2, 'India'),
(110, 768825, 'Nathan', 'Coulter-Nile', 'AUS', 2, '1987-10-11', 1, 10, 'Australia'),
(111, 980953, 'KC', 'Cariappa', 'IND', 2, '1994-04-13', 1, 3, 'India'),
(112, 1117851, 'Prasidh', 'Krishna', 'IND', 2, '1996-02-19', 1, 2, 'India'),
(113, 1119679, 'Tejas Singh', 'Baroka', 'IND', 2, '1996-02-01', 1, 12, 'India'),
(114, 1246972, 'Obed', 'McCoy', NULL, 2, '1997-01-04', NULL, NULL, NULL),
(115, 1276214, 'Devdutt Babunu', 'Padikkal', 'IND', 1, '2000-07-07', NULL, NULL, 'India'),
(116, 1357108, 'Riyan', 'Parag', 'IND', 1, '2001-11-10', NULL, NULL, 'India'),
(117, 1423793, 'Yashasvi', 'Jaiswal', 'IND', 1, '2001-12-28', NULL, NULL, 'India'),
(118, 1604256, 'Anunay', 'Singh', 'IND', 2, '1993-01-03', NULL, NULL, 'India'),
(119, 1641650, 'Kuldeep', 'Sen', 'IND', 2, '1996-10-22', NULL, NULL, 'India'),
(120, 1868936, 'Dhruv Chand', 'Jurel', 'IND', 3, '2001-01-21', NULL, NULL, 'India'),
(121, 1975081, 'Kuldip', 'Yadav', NULL, 2, '1996-10-15', 2, 5, NULL),
(122, 2250263, 'Shubham', 'Garhwal', 'IND', 4, '1995-05-14', NULL, NULL, 'India'),
(123, 638948, 'Ravindra', 'Jadeja', 'IND', 4, '1988-12-06', 2, 6, 'India'),
(124, 650386, 'MS', 'Dhoni', 'IND', 3, '1981-07-07', 1, 2, 'India'),
(125, 652062, 'Chris', 'Jordan', 'ENG', 2, '1988-10-04', 1, 9, 'England'),
(126, 664282, 'Dwaine', 'Pretorius', 'ZAF', 4, '1989-03-29', 1, 7, 'South Africa'),
(127, 665660, 'Ambati', 'Rayudu', 'IND', 1, '1985-09-23', 1, 1, 'India'),
(128, 673998, 'Robin', 'Uthappa', 'IND', 3, '1985-11-11', 1, 2, 'India'),
(129, 680246, 'Devon', 'Conway', 'NZL', 1, '1991-07-08', 2, 2, 'New Zealand'),
(130, 715672, 'Mitchell', 'Santner', 'NZL', 4, '1992-02-05', 2, 6, 'New Zealand'),
(131, 718468, 'Dwayne', 'Bravo', 'TTO', 4, '1983-10-07', 1, 7, 'Trinidad and Tobago'),
(132, 744748, 'Shivam', 'Dube', 'IND', 4, '1993-06-26', 2, 2, 'India'),
(133, 750794, 'Moeen', 'Ali', 'ENG', 4, '1987-06-18', 2, 1, 'England'),
(134, 1026433, 'Narayan', 'Jagadeesan', 'IND', 3, '1995-12-24', 1, NULL, 'India'),
(135, 1026475, 'C Hari', 'Nishanth', 'IND', 1, '1996-08-16', 2, 1, 'India'),
(136, 1117849, 'Ruturaj', 'Gaikwad', 'IND', 1, '1997-01-31', 1, 1, 'India'),
(137, 1235038, 'Prashant', 'Solanki', 'IND', 2, '2000-02-22', NULL, NULL, 'India'),
(138, 1321344, 'Subhranshu', 'Senapati', 'IND', 1, '1996-12-30', NULL, NULL, 'India'),
(139, 1354770, 'Mukesh', 'Choudhary', 'IND', 2, '1986-07-06', 2, 5, 'India'),
(140, 1423857, 'Tushar', 'Deshpande', 'IND', 2, '1995-05-15', NULL, NULL, 'India'),
(141, 1429671, 'KM', 'Asif', 'IND', 2, '1993-07-24', 1, 2, 'India'),
(142, 1600670, 'Simarjeet', 'Singh', 'IND', 2, '1998-01-17', NULL, NULL, 'India'),
(143, 1707115, 'Rajvardhan', 'Hangargekar', NULL, 2, '2002-11-10', NULL, NULL, NULL),
(144, 1726626, 'Morawakage Maheesh', 'Theekshana', 'LKA', 2, '2000-08-01', NULL, NULL, 'Sri Lanka'),
(145, 1969109, 'Matheesha', 'Pathirana', 'LKA', 2, '2002-12-18', NULL, NULL, 'Sri Lanka'),
(146, 2129114, 'K Bhagath', 'Varma', NULL, 4, '1998-09-21', NULL, NULL, NULL),
(147, 643154, 'Virat', 'Kohli', 'IND', 1, '1988-11-05', 1, 2, 'India'),
(148, 648088, 'Jason', 'Behrendorff', 'AUS', 2, '1990-04-20', 1, 13, 'Australia'),
(149, 655834, 'Dinesh', 'Karthik', 'IND', 3, '1985-06-01', 1, NULL, 'India'),
(150, 656636, 'Karn', 'Sharma', 'IND', 2, '1987-10-23', 2, 11, 'India'),
(151, 658586, 'David', 'Willey', 'ENG', 2, '1990-02-28', 2, 13, 'England'),
(152, 663378, 'Glenn', 'Maxwell', 'AUS', 4, '1988-10-14', 1, 1, 'Australia'),
(153, 663664, 'Siddarth', 'Kaul', 'IND', 2, '1990-05-19', 1, 2, 'India'),
(154, 683870, 'Harshal', 'Patel', 'IND', 2, '1990-11-23', 1, 2, 'India'),
(155, 699754, 'Faf', 'du Plessis', 'ZAF', 1, '1984-07-13', 1, 3, 'South Africa'),
(156, 737892, 'Chama', 'Milind', 'IND', 2, '1994-09-04', 2, 5, 'India'),
(157, 774669, 'Josh', 'Hazlewood', 'AUS', 2, '1991-01-08', 2, 9, 'Australia'),
(158, 980915, 'Mahipal', 'Lomror', 'IND', 4, '1999-11-16', 2, 6, 'India'),
(159, 1021407, 'Wanindu', 'Hasaranga', 'LKA', 4, '1997-07-29', NULL, NULL, 'Sri Lanka'),
(160, 1104247, 'Mohammed', 'Siraj', 'IND', 2, '1994-03-13', 1, 7, 'India'),
(161, 1322738, 'Rajat', 'Patidar', 'IND', 1, '1993-06-01', NULL, NULL, 'India'),
(162, 1325934, 'Anuj', 'Rawat', 'IND', 3, '1999-10-17', NULL, NULL, 'India'),
(163, 1344854, 'Sherfane', 'Rutherford', 'GUY', 1, '1998-08-15', NULL, NULL, 'Guyana'),
(164, 1389507, 'Finn', 'Allen', 'NZL', 3, '1999-04-22', NULL, NULL, 'New Zealand'),
(165, 1565222, 'Luvnith', 'Sisodia', 'IND', 3, '2000-01-15', NULL, NULL, 'India'),
(166, 1602982, 'Shahbaz', 'Ahmed', 'IND', 1, '1994-12-12', NULL, NULL, 'India'),
(167, 1602994, 'Suyash', 'Prabhudessai', 'IND', 1, '1997-12-06', NULL, NULL, 'India'),
(168, 1717659, 'Akash', 'Deep', NULL, 2, '1996-12-15', NULL, NULL, NULL),
(169, 2275737, '', 'Aneeshwar Gautam', NULL, 2, NULL, NULL, NULL, NULL),
(170, 648048, 'Mitchell', 'Marsh', 'AUS', 4, '1991-10-20', 1, 2, 'Australia'),
(171, 661550, 'Mustafizur', 'Rahman', 'BGD', 2, '1995-09-06', 2, 5, 'Bangladesh'),
(172, 686010, 'Mandeep', 'Singh', 'IND', 1, '1991-12-18', 1, 2, 'India'),
(173, 708026, 'Shardul', 'Thakur', 'IND', 2, '1991-10-16', 1, 2, 'India'),
(174, 709706, 'Anrich', 'Nortje', 'ZAF', 2, '1993-11-16', 1, 10, 'South Africa'),
(175, 723400, 'Srikar', 'Bharat', 'IND', 3, '1993-10-03', 1, NULL, 'India'),
(176, 726868, 'Lungi', 'Ngidi', 'ZAF', 2, '1996-03-29', 1, 7, 'South Africa'),
(177, 730072, 'Axar', 'Patel', 'IND', 4, '1994-01-20', 2, 6, 'India'),
(178, 731200, 'Kuldeep', 'Yadav', 'IND', 2, '1994-12-14', 2, 15, 'India'),
(179, 738744, 'Tim', 'Seifert', 'NZL', 3, '1994-12-14', 1, NULL, 'New Zealand'),
(180, 740154, 'Sarfaraz', 'Khan', 'IND', 1, '1997-10-27', 1, 1, 'India'),
(181, 748464, 'Praveen', 'Dubey', 'IND', 2, '1993-07-01', 1, 11, 'India'),
(182, 768877, 'David', 'Warner', 'AUS', 1, '1986-10-27', 2, 3, 'Australia'),
(183, 980911, 'Khaleel', 'Ahmed', 'IND', 2, '1997-12-05', 1, 5, 'India'),
(184, 980925, 'Rishabh', 'Pant', 'IND', 3, '1997-10-04', 2, NULL, 'India'),
(185, 1005501, 'Rovman', 'Powell', 'JAM', 1, '1993-07-23', 1, 9, 'Jamaica'),
(186, 1097792, 'Kamlesh', 'Nagarkoti', 'IND', 2, '1999-12-28', 1, 7, 'India'),
(187, 1097858, 'Prithvi', 'Shaw', 'IND', 1, '1999-11-09', 1, 1, 'India'),
(188, 1321352, 'Ashwin', 'Hebbar', 'IND', 4, '1995-11-15', NULL, NULL, 'India'),
(189, 1693393, 'Chetan', 'Sakariya', 'IND', 2, '1998-08-20', 2, 16, 'India'),
(190, 1889638, 'Ripal', 'Patel', 'IND', 1, '1995-09-28', NULL, NULL, 'India'),
(191, 1976535, 'Yash', 'Dhull', NULL, 1, NULL, NULL, NULL, NULL),
(192, 2029291, 'Lalit', 'Yadav', 'IND', 4, '1997-01-03', NULL, NULL, 'India'),
(193, 2275735, 'Vicky', 'Ostwal', NULL, 2, NULL, NULL, NULL, NULL),
(194, 650072, 'Pradeep', 'Sangwan', 'IND', 2, '1990-11-05', 1, 5, 'India'),
(195, 650188, 'Wriddhiman', 'Saha', 'IND', 3, '1984-10-24', 1, NULL, 'India'),
(196, 662292, 'David', 'Miller', 'ZAF', 1, '1989-06-10', 2, 1, 'South Africa'),
(197, 675214, 'Varun', 'Aaron', 'IND', 2, '1989-10-29', 1, 10, 'India'),
(198, 692718, 'Rahul', 'Tewatia', 'IND', 4, '1993-05-20', 2, 3, 'India'),
(199, 708454, 'Vijay', 'Shankar', 'IND', 4, '1991-01-26', 1, 1, 'India'),
(200, 709682, 'Mohammed', 'Shami', 'IND', 2, '1990-03-09', 1, 2, 'India'),
(201, 713202, 'Lockie', 'Ferguson', 'NZL', 2, '1991-06-13', 1, 10, 'New Zealand'),
(202, 725770, 'Gurkeerat', 'Singh', 'IND', 1, '1990-06-29', 1, 1, 'India'),
(203, 738620, 'Hardik', 'Pandya', 'IND', 4, '1993-10-11', 1, 16, 'India'),
(204, 741580, 'Alzarri', 'Joseph', 'ATG', 2, '1996-11-20', 1, 9, 'Antigua and Barbuda'),
(205, 774609, 'Matthew', 'Wade', 'AUS', 3, '1987-12-26', 2, 2, 'Australia'),
(206, 815518, 'Jayant', 'Yadav', 'IND', 2, '1990-01-22', 1, 14, 'India'),
(207, 968267, 'Rashid', 'Khan', 'AFG', 2, '1998-09-20', 1, 11, 'Afghanistan'),
(208, 1026129, 'R Sai', 'Kishore', 'IND', 4, '1996-11-06', 2, 6, 'India'),
(209, 1097864, 'Shubman', 'Gill', 'IND', 1, '1999-09-08', 1, 1, 'India'),
(210, 1381037, 'Rahmanullah', 'Gurbaz', 'AFG', 3, '2001-11-28', NULL, NULL, 'Afghanistan'),
(211, 1410673, 'Dominic', 'Drakes', 'BRB', 2, '1998-02-06', NULL, NULL, 'Barbados'),
(212, 1511871, 'Sai', 'Sudharsan', 'IND', 1, NULL, 2, 8, 'India'),
(213, 1603338, 'Yash', 'Dayal', 'IND', 2, '1997-12-13', NULL, NULL, 'India'),
(214, 1610942, 'Darshan', 'Nalkande', 'IND', 2, '1998-10-04', NULL, NULL, 'India'),
(215, 1712951, 'Noor', 'Ahmad', 'AFG', 2, '2005-01-03', NULL, NULL, 'Afghanistan'),
(216, 2323707, 'Abhinav', 'Sadarangani', 'IND', 1, '1994-09-16', NULL, NULL, 'India'),
(217, 652380, 'Manish', 'Pandey', 'IND', 1, '1989-09-10', 1, 1, 'India'),
(218, 661284, 'Shahbaz', 'Nadeem', 'IND', 2, '1989-08-12', 1, 6, 'India'),
(219, 663358, 'Marcus', 'Stoinis', 'AUS', 4, '1989-08-16', 1, 2, 'Australia'),
(220, 671908, 'Kyle', 'Mayers', 'BRB', 1, '1992-09-08', 2, 2, 'Barbados'),
(221, 680252, 'Quinton', 'de Kock', 'ZAF', 3, '1992-12-17', 2, NULL, 'South Africa'),
(222, 684188, 'Jason', 'Holder', 'BRB', 4, '1991-11-05', 1, 7, 'Barbados'),
(223, 692218, 'KL', 'Rahul', 'IND', 3, '1992-04-18', 1, NULL, 'India'),
(224, 692972, 'Krishnappa', 'Gowtham', 'IND', 4, '1988-10-20', 1, 1, 'India'),
(225, 695604, 'Evin', 'Lewis', 'TTO', 1, '1991-12-27', 2, NULL, 'Trinidad and Tobago'),
(226, 702818, 'Andrew', 'Tye', 'AUS', 2, '1986-12-12', 1, 7, 'Australia'),
(227, 706710, 'Krunal', 'Pandya', 'IND', 4, '1991-03-24', 2, 6, 'India'),
(228, 713934, 'Deepak', 'Hooda', 'IND', 4, '1995-04-19', 1, 1, 'India'),
(229, 724436, 'Manan', 'Vohra', 'IND', 1, '1993-07-18', 1, 2, 'India'),
(230, 729354, 'Dushmantha', 'Chameera', 'LKA', 2, '1992-01-11', 1, 7, 'Sri Lanka'),
(231, 735160, 'Ankit', 'Rajpoot', 'IND', 2, '1993-12-04', 1, 2, 'India'),
(232, 743036, 'Avesh', 'Khan', 'IND', 2, '1996-12-13', 1, 2, 'India'),
(233, 1430021, 'Mohsin', 'Khan', 'IND', 2, '1998-07-15', 2, 4, 'India'),
(234, 1710461, 'Ravi', 'Bishnoi', 'IND', 2, '2000-09-05', NULL, NULL, 'India'),
(235, 2114916, 'Ayush', 'Badoni', NULL, 1, '1999-12-03', NULL, NULL, NULL),
(236, 2115474, 'Karan', 'Sharma', 'IND', 4, '1998-10-31', NULL, NULL, 'India'),
(237, 2269801, 'Mayank', 'Yadav', NULL, 2, NULL, NULL, NULL, NULL),
(238, 700388, 'Adam', 'Milne', 'NZL', 2, '1992-04-13', 1, 9, 'New Zealand');

-- --------------------------------------------------------

--
-- Table structure for table `player_batting_style`
--

CREATE TABLE `player_batting_style` (
  `playerBattingStyleId` int NOT NULL,
  `battingStyleString` varchar(50) NOT NULL
) ENGINE=InnoDB ;

--
-- Dumping data for table `player_batting_style`
--

INSERT INTO `player_batting_style` (`playerBattingStyleId`, `battingStyleString`) VALUES
(2, 'left_handed_batsman'),
(1, 'right_handed_batsman');

-- --------------------------------------------------------

--
-- Table structure for table `player_bowling_style`
--

CREATE TABLE `player_bowling_style` (
  `playerBowlingStyleId` int NOT NULL,
  `playerBowlingStyleString` varchar(50) NOT NULL
) ENGINE=InnoDB ;

--
-- Dumping data for table `player_bowling_style`
--

INSERT INTO `player_bowling_style` (`playerBowlingStyleId`, `playerBowlingStyleString`) VALUES
(4, 'left_arm_fast'),
(13, 'left_arm_fast_medium'),
(5, 'left_arm_medium'),
(16, 'left_arm_medium_fast'),
(8, 'leg_break'),
(12, 'leg_break_googly'),
(11, 'leg_break_googly_right_arm'),
(3, 'leg_break_right_arm'),
(1, 'off_break_right_arm'),
(14, 'off_spin'),
(10, 'right_arm_fast'),
(9, 'right_arm_fast_medium'),
(2, 'right_arm_medium'),
(7, 'right_arm_medium_fast'),
(15, 'slow_left_arm_chinaman'),
(6, 'slow_left_arm_orthodox');

-- --------------------------------------------------------

--
-- Table structure for table `player_roles`
--

CREATE TABLE `player_roles` (
  `roleId` int NOT NULL,
  `roleString` tinytext NOT NULL
) ENGINE=InnoDB ;

--
-- Dumping data for table `player_roles`
--

INSERT INTO `player_roles` (`roleId`, `roleString`) VALUES
(1, 'batsman'),
(2, 'bowler'),
(3, 'wicket_keeper'),
(4, 'all_rounder');

-- --------------------------------------------------------

--
-- Table structure for table `player_statistics_batting`
--

CREATE TABLE `player_statistics_batting` (
  `playerId` int NOT NULL,
  `type` varchar(30) NOT NULL,
  `matches` int DEFAULT NULL,
  `innings` int DEFAULT NULL,
  `ballFaced` int DEFAULT NULL,
  `notOuts` int DEFAULT NULL,
  `runs` int DEFAULT NULL,
  `average` float DEFAULT NULL,
  `strikeRate` float DEFAULT NULL,
  `highestScore` int DEFAULT NULL,
  `hundreds` int DEFAULT NULL,
  `fifties` int DEFAULT NULL,
  `fours` int DEFAULT NULL,
  `sixes` int DEFAULT NULL
) ENGINE=InnoDB ;

--
-- Dumping data for table `player_statistics_batting`
--

INSERT INTO `player_statistics_batting` (`playerId`, `type`, `matches`, `innings`, `ballFaced`, `notOuts`, `runs`, `average`, `strikeRate`, `highestScore`, `hundreds`, `fifties`, `fours`, `sixes`) VALUES
(1, 'first_class', 154, 263, 23259, 21, 12083, 49.92, 51.94, 284, 34, 60, 1416, 37),
(1, 'list_a', 212, 201, 10194, 22, 8294, 46.33, 81.36, 148, 17, 51, 729, 70),
(1, 'odi', 151, 144, 7551, 14, 6173, 47.48, 81.75, 148, 13, 39, 563, 49),
(1, 't20', 227, 218, 4694, 35, 5793, 31.65, 123.41, 101, 1, 41, 538, 146),
(1, 't20i', 74, 72, 1630, 10, 2021, 32.59, 123.98, 95, 0, 14, 202, 46),
(1, 'test', 86, 150, 14143, 14, 7272, 53.47, 51.41, 251, 24, 33, 803, 17),
(2, 'first_class', 70, 101, 5691, 11, 2433, 27.03, 42.75, 128, 1, 14, 314, 8),
(2, 'list_a', 168, 92, 0, 33, 1198, 20.3, 0, 72, 0, 3, 110, 13),
(2, 'odi', 121, 55, 747, 16, 552, 14.15, 73.89, 53, 0, 1, 46, 8),
(2, 't20', 215, 75, 390, 40, 361, 10.31, 92.56, 24, 0, 0, 24, 6),
(2, 't20i', 59, 13, 76, 8, 57, 11.4, 75, 16, 0, 0, 0, 0),
(2, 'test', 21, 29, 1225, 4, 552, 22.08, 45.06, 63, 0, 3, 77, 1),
(3, 'first_class', 67, 100, 5530, 18, 2718, 33.14, 49.15, 150, 4, 11, 314, 9),
(3, 'list_a', 47, 30, 465, 10, 434, 21.7, 93.33, 38, 0, 0, 38, 7),
(3, 't20', 82, 34, 316, 9, 380, 15.2, 120.25, 47, 0, 0, 37, 7),
(4, 'first_class', 47, 79, 4595, 4, 2540, 33.86, 55.27, 132, 7, 13, 310, 51),
(4, 'list_a', 43, 42, 1400, 3, 1209, 31, 86.35, 125, 1, 8, 114, 25),
(4, 't20', 112, 108, 1831, 17, 2443, 26.84, 133.42, 93, 0, 14, 229, 90),
(5, 'first_class', 9, 10, 833, 0, 436, 43.6, 52.34, 122, 1, 3, 55, 11),
(5, 'list_a', 23, 21, 540, 3, 536, 29.77, 99.25, 63, 0, 2, 39, 23),
(5, 't20', 38, 28, 304, 7, 449, 21.38, 147.69, 61, 0, 3, 33, 25),
(6, 'first_class', 66, 97, 3662, 9, 1935, 21.98, 52.84, 102, 1, 10, 198, 42),
(6, 'list_a', 70, 49, 737, 6, 766, 17.81, 103.93, 50, 0, 1, 58, 32),
(6, 'odi', 5, 5, 81, 0, 98, 19.6, 120.98, 49, 0, 0, 12, 1),
(6, 't20', 109, 66, 511, 17, 564, 11.51, 110.37, 41, 0, 0, 33, 22),
(6, 't20i', 8, 3, 17, 1, 17, 8.5, 100, 12, 0, 0, 1, 1),
(7, 'first_class', 69, 120, 8874, 7, 4419, 39.1, 49.79, 235, 10, 23, 510, 12),
(7, 'list_a', 45, 43, 2381, 5, 2078, 54.68, 87.27, 192, 7, 11, 208, 10),
(7, 't20', 23, 21, 291, 1, 275, 13.75, 94.5, 40, 0, 0, 27, 3),
(8, 'first_class', 17, 26, 880, 8, 284, 15.77, 32.27, 41, 0, 0, 24, 4),
(8, 'list_a', 27, 19, 284, 4, 233, 15.53, 82.04, 46, 0, 0, 22, 3),
(8, 't20', 70, 34, 230, 17, 297, 17.47, 129.13, 34, 0, 0, 24, 11),
(9, 'first_class', 84, 145, 10195, 8, 5973, 43.59, 58.58, 204, 17, 27, 850, 47),
(9, 'list_a', 85, 81, 3379, 3, 3276, 42, 96.95, 183, 10, 9, 345, 71),
(9, 'odi', 38, 35, 1038, 2, 899, 27.24, 86.6, 96, 0, 3, 99, 19),
(9, 't20', 78, 70, 1509, 14, 1978, 35.32, 131.08, 82, 0, 17, 174, 66),
(9, 't20i', 20, 18, 400, 3, 588, 39.2, 147, 70, 0, 6, 45, 28),
(9, 'test', 31, 57, 3403, 1, 1973, 35.23, 57.97, 152, 5, 9, 286, 10),
(10, 'first_class', 5, 10, 473, 0, 319, 31.9, 67.44, 69, 0, 2, 39, 10),
(10, 'list_a', 62, 57, 0, 10, 1784, 37.95, 0, 118, 1, 12, 158, 62),
(10, 'odi', 37, 34, 1134, 6, 1121, 40.03, 98.85, 118, 1, 8, 100, 36),
(10, 't20', 225, 204, 3112, 33, 4410, 25.78, 141.71, 100, 1, 23, 285, 300),
(10, 't20i', 57, 50, 925, 7, 1193, 27.74, 128.97, 70, 0, 8, 86, 69),
(11, 'first_class', 24, 40, 1228, 7, 751, 22.75, 61.15, 87, 0, 5, 114, 10),
(11, 'list_a', 16, 10, 122, 5, 119, 23.8, 97.54, 43, 0, 0, 14, 2),
(11, 'odi', 2, 1, 4, 0, 2, 2, 50, 2, 0, 0, 0, 0),
(11, 't20', 19, 10, 68, 2, 79, 9.87, 116.17, 47, 0, 0, 4, 5),
(11, 'test', 5, 8, 249, 2, 118, 19.66, 47.38, 37, 0, 0, 17, 0),
(12, 'first_class', 17, 24, 1523, 2, 798, 36.27, 52.39, 159, 1, 5, 90, 13),
(12, 'list_a', 50, 37, 797, 7, 632, 21.06, 79.29, 70, 0, 1, 42, 8),
(12, 'odi', 4, 2, 75, 0, 57, 28.5, 76, 33, 0, 0, 3, 1),
(12, 't20', 103, 64, 762, 19, 927, 20.6, 121.65, 54, 0, 2, 72, 30),
(12, 't20i', 31, 11, 32, 4, 47, 6.71, 146.87, 14, 0, 0, 4, 3),
(12, 'test', 4, 6, 502, 2, 265, 66.25, 52.78, 96, 0, 3, 31, 5),
(13, 'first_class', 23, 38, 1394, 3, 842, 24.05, 60.4, 193, 2, 1, 101, 10),
(13, 'list_a', 38, 38, 1607, 3, 1499, 42.82, 93.27, 139, 5, 4, 129, 66),
(13, 't20', 43, 39, 775, 7, 1096, 34.25, 141.41, 71, 0, 7, 87, 61),
(14, 'first_class', 21, 23, 163, 9, 29, 2.07, 17.79, 12, 0, 0, 3, 0),
(14, 'list_a', 17, 4, 12, 4, 7, 0, 58.33, 7, 0, 0, 1, 0),
(14, 'odi', 2, 1, 0, 1, 0, 0, 0, 0, 0, 0, 0, 0),
(14, 't20', 57, 5, 10, 4, 5, 5, 50, 3, 0, 0, 0, 0),
(14, 't20i', 4, 0, 0, 0, 0, 0, 0, 0, 0, 0, 0, 0),
(14, 'test', 1, 1, 9, 1, 1, 0, 11.11, 1, 0, 0, 0, 0),
(15, 'first_class', 12, 20, 785, 2, 516, 28.66, 65.73, 98, 0, 3, 65, 12),
(15, 'list_a', 32, 31, 920, 3, 865, 30.89, 94.02, 169, 2, 2, 106, 27),
(15, 't20', 51, 49, 786, 9, 1076, 26.9, 136.89, 107, 1, 6, 97, 47),
(16, 'first_class', 15, 22, 2075, 3, 1168, 61.47, 56.28, 206, 3, 6, 147, 7),
(16, 'list_a', 29, 28, 1071, 3, 1004, 40.16, 93.74, 120, 3, 6, 107, 18),
(16, 't20', 38, 32, 451, 3, 518, 17.86, 114.85, 59, 0, 3, 37, 15),
(17, 'first_class', 44, 76, 4165, 6, 2736, 39.08, 65.69, 138, 6, 18, 351, 72),
(17, 'list_a', 47, 47, 1843, 2, 1627, 36.15, 88.28, 156, 5, 3, 178, 47),
(17, 't20', 155, 147, 2928, 18, 4107, 31.83, 140.26, 116, 4, 25, 322, 226),
(17, 't20i', 35, 30, 460, 5, 645, 25.8, 140.21, 108, 1, 2, 43, 37),
(17, 'test', 1, 2, 119, 0, 52, 26, 43.69, 52, 0, 1, 6, 1),
(18, 'first_class', 13, 22, 742, 2, 825, 41.25, 111.18, 128, 3, 4, 81, 46),
(18, 'list_a', 16, 16, 278, 0, 342, 21.37, 123.02, 68, 0, 4, 27, 20),
(18, 't20', 46, 38, 508, 10, 733, 26.17, 144.29, 76, 0, 3, 45, 46),
(19, 'first_class', 2, 4, 51, 2, 14, 7, 27.45, 7, 0, 0, 2, 0),
(19, 'list_a', 7, 5, 59, 4, 20, 20, 33.89, 8, 0, 0, 1, 0),
(19, 't20', 14, 5, 10, 3, 6, 3, 60, 2, 0, 0, 0, 0),
(20, 'first_class', 25, 35, 1357, 5, 793, 26.43, 58.43, 133, 1, 4, 81, 22),
(20, 'list_a', 40, 30, 479, 10, 398, 19.9, 83.08, 58, 0, 2, 39, 7),
(20, 'odi', 10, 6, 88, 0, 80, 13.33, 90.9, 50, 0, 1, 8, 1),
(20, 't20', 49, 25, 242, 10, 376, 25.06, 155.37, 72, 0, 1, 22, 29),
(20, 't20i', 17, 6, 94, 3, 146, 48.66, 155.31, 44, 0, 0, 6, 13),
(21, 'list_a', 3, 1, 6, 0, 3, 3, 50, 3, 0, 0, 0, 0),
(22, 'first_class', 3, 3, 12, 1, 16, 8, 133.33, 8, 0, 0, 4, 0),
(22, 'list_a', 1, 1, 8, 0, 14, 14, 175, 14, 0, 0, 0, 2),
(22, 't20', 16, 3, 2, 3, 2, 0, 100, 1, 0, 0, 0, 0),
(23, 'first_class', 12, 18, 119, 9, 48, 5.33, 40.33, 17, 0, 0, 6, 3),
(23, 'list_a', 10, 5, 15, 2, 8, 2.66, 53.33, 7, 0, 0, 0, 1),
(23, 'odi', 4, 2, 1, 1, 0, 0, 0, 0, 0, 0, 0, 0),
(23, 't20', 7, 2, 2, 1, 0, 0, 0, 0, 0, 0, 0, 0),
(23, 't20i', 3, 1, 0, 1, 0, 0, 0, 0, 0, 0, 0, 0),
(24, 'first_class', 27, 44, 0, 2, 1584, 37.71, 0, 174, 4, 7, 0, 0),
(24, 'list_a', 167, 151, 0, 14, 3642, 26.58, 0, 119, 3, 19, 0, 0),
(24, 'odi', 123, 113, 2866, 9, 2706, 26.01, 94.41, 119, 3, 13, 171, 135),
(24, 't20', 589, 523, 7614, 154, 11542, 31.27, 151.58, 104, 1, 56, 729, 772),
(24, 't20i', 101, 83, 1161, 21, 1569, 25.3, 135.14, 75, 0, 6, 94, 99),
(25, 'first_class', 106, 168, 13264, 18, 8123, 54.15, 61.24, 309, 25, 34, 934, 141),
(25, 'list_a', 301, 290, 0, 40, 11525, 46.1, 0, 264, 32, 57, 1053, 286),
(25, 'odi', 230, 223, 10428, 32, 9283, 48.6, 89.01, 264, 29, 44, 845, 245),
(25, 't20', 378, 365, 7519, 47, 10048, 31.59, 133.63, 118, 6, 69, 888, 429),
(25, 't20i', 125, 117, 2374, 15, 3313, 32.48, 139.55, 118, 4, 26, 293, 155),
(25, 'test', 45, 77, 5625, 9, 3137, 46.13, 55.76, 212, 8, 14, 335, 64),
(26, 'first_class', 92, 118, 3199, 28, 1581, 17.56, 49.42, 92, 0, 6, 160, 36),
(26, 'list_a', 106, 56, 578, 14, 422, 10.04, 73.01, 57, 0, 1, 29, 16),
(26, 'odi', 7, 0, 0, 0, 0, 0, 0, 0, 0, 0, 0, 0),
(26, 't20', 163, 61, 357, 32, 477, 16.44, 133.61, 58, 0, 1, 32, 24),
(26, 't20i', 10, 0, 0, 0, 0, 0, 0, 0, 0, 0, 0, 0),
(26, 'test', 1, 2, 15, 1, 2, 2, 13.33, 1, 0, 0, 0, 0),
(27, 'first_class', 32, 38, 450, 15, 260, 11.3, 57.77, 31, 0, 0, 34, 6),
(27, 'list_a', 23, 9, 22, 5, 7, 1.75, 31.81, 3, 0, 0, 0, 0),
(27, 't20', 151, 33, 117, 16, 111, 6.52, 94.87, 27, 0, 0, 10, 5),
(27, 't20i', 12, 3, 3, 2, 1, 1, 33.33, 1, 0, 0, 0, 0),
(28, 'first_class', 4, 3, 133, 2, 25, 25, 18.79, 23, 0, 0, 2, 1),
(28, 'list_a', 23, 14, 128, 5, 93, 10.33, 72.65, 25, 0, 0, 6, 1),
(28, 't20', 91, 28, 155, 12, 131, 8.18, 84.51, 34, 0, 0, 5, 4),
(29, 'first_class', 57, 74, 971, 36, 354, 9.31, 36.45, 55, 0, 1, 41, 5),
(29, 'list_a', 95, 32, 145, 19, 108, 8.3, 74.48, 42, 0, 0, 10, 4),
(29, 'odi', 70, 19, 87, 12, 45, 6.42, 51.72, 14, 0, 0, 5, 1),
(29, 't20', 201, 34, 101, 24, 90, 9, 89.1, 16, 0, 0, 6, 3),
(29, 't20i', 57, 6, 13, 4, 8, 4, 61.53, 7, 0, 0, 1, 0),
(29, 'test', 29, 44, 419, 16, 174, 6.21, 41.52, 34, 0, 0, 20, 3),
(30, 'first_class', 43, 63, 1794, 10, 1201, 22.66, 66.94, 81, 0, 6, 146, 25),
(30, 'list_a', 31, 20, 192, 8, 219, 18.25, 114.06, 45, 0, 0, 16, 9),
(30, 'odi', 17, 9, 34, 5, 27, 6.75, 79.41, 8, 0, 0, 2, 0),
(30, 't20', 121, 61, 373, 29, 551, 17.21, 147.72, 36, 0, 0, 41, 24),
(30, 't20i', 12, 2, 10, 1, 19, 19, 190, 18, 0, 0, 2, 1),
(30, 'test', 13, 20, 306, 0, 155, 7.75, 50.65, 30, 0, 0, 22, 1),
(31, 'first_class', 15, 27, 1242, 2, 776, 31.04, 62.47, 169, 2, 4, 80, 17),
(31, 'list_a', 36, 30, 546, 7, 476, 20.69, 87.17, 62, 0, 2, 38, 17),
(31, 'odi', 20, 16, 203, 3, 200, 15.38, 98.52, 51, 0, 1, 18, 8),
(31, 't20', 70, 56, 512, 20, 758, 21.05, 148.04, 64, 0, 2, 52, 52),
(31, 't20i', 34, 24, 195, 8, 267, 16.68, 136.92, 34, 0, 0, 15, 21),
(32, 'first_class', 46, 78, 4080, 5, 2805, 38.42, 68.75, 273, 5, 16, 346, 66),
(32, 'list_a', 80, 77, 2860, 5, 2637, 36.62, 92.2, 173, 4, 13, 257, 87),
(32, 'odi', 3, 3, 82, 0, 88, 29.33, 107.31, 59, 0, 1, 10, 3),
(32, 't20', 123, 117, 2379, 9, 3101, 28.71, 130.34, 113, 2, 18, 300, 134),
(32, 't20i', 10, 10, 238, 1, 289, 32.11, 121.42, 89, 0, 2, 34, 8),
(33, 'first_class', 38, 52, 928, 7, 532, 11.82, 57.32, 60, 0, 2, 76, 10),
(33, 'list_a', 31, 16, 95, 6, 64, 6.4, 67.36, 12, 0, 0, 3, 1),
(33, 't20', 73, 18, 64, 11, 67, 9.57, 104.68, 22, 0, 0, 4, 3),
(34, 'first_class', 77, 129, 8496, 8, 5326, 44.01, 62.68, 200, 14, 26, 756, 52),
(34, 'list_a', 109, 98, 2998, 15, 3121, 37.6, 104.1, 134, 3, 19, 311, 88),
(34, 'odi', 7, 7, 259, 2, 267, 53.4, 103.08, 64, 0, 2, 33, 1),
(34, 't20', 204, 182, 3137, 41, 4474, 31.73, 142.62, 94, 0, 27, 463, 159),
(34, 't20i', 14, 12, 212, 3, 351, 39, 165.56, 65, 0, 4, 32, 20),
(35, 'first_class', 9, 14, 831, 1, 603, 46.38, 72.56, 254, 1, 2, 57, 26),
(35, 'list_a', 13, 11, 349, 3, 364, 45.5, 104.29, 81, 0, 3, 19, 22),
(35, 't20', 27, 23, 398, 5, 494, 27.44, 124.12, 55, 0, 2, 26, 27),
(36, 'first_class', 2, 4, 169, 1, 124, 41.33, 73.37, 69, 0, 1, 15, 1),
(36, 'list_a', 10, 7, 211, 1, 141, 23.5, 66.82, 62, 0, 1, 12, 3),
(36, 't20', 14, 9, 84, 1, 104, 13, 123.81, 54, 0, 1, 6, 6),
(37, 'first_class', 20, 27, 419, 18, 124, 13.77, 29.59, 20, 0, 0, 15, 1),
(37, 'list_a', 24, 12, 62, 9, 18, 6, 29.03, 5, 0, 0, 0, 0),
(37, 'odi', 1, 1, 0, 1, 0, 0, 0, 0, 0, 0, 0, 0),
(37, 't20', 57, 10, 23, 4, 23, 3.83, 100, 10, 0, 0, 2, 0),
(37, 't20i', 5, 0, 0, 0, 0, 0, 0, 0, 0, 0, 0, 0),
(38, 'first_class', 30, 45, 2911, 3, 1858, 44.23, 63.82, 267, 5, 9, 242, 19),
(38, 'list_a', 37, 33, 1421, 2, 1227, 39.58, 86.34, 141, 3, 7, 131, 26),
(38, 't20', 39, 31, 484, 2, 516, 17.79, 106.61, 84, 0, 2, 36, 16),
(39, 'first_class', 5, 10, 280, 0, 255, 25.5, 91.07, 88, 0, 2, 22, 12),
(39, 'list_a', 14, 11, 283, 0, 302, 27.45, 106.71, 62, 0, 2, 17, 17),
(39, 't20', 79, 63, 479, 13, 715, 14.3, 149.26, 98, 0, 3, 41, 47),
(39, 't20i', 7, 5, 38, 2, 72, 24, 189.47, 41, 0, 0, 6, 4),
(40, 'first_class', 8, 12, 816, 1, 371, 33.72, 45.46, 109, 1, 3, 45, 0),
(40, 'list_a', 20, 20, 718, 2, 532, 29.55, 74.09, 120, 1, 3, 49, 4),
(40, 't20', 7, 5, 54, 1, 67, 16.75, 124.07, 23, 0, 0, 6, 1),
(41, 'list_a', 16, 14, 605, 5, 745, 82.77, 123.14, 140, 2, 5, 69, 28),
(41, 't20', 89, 84, 1238, 25, 1963, 33.27, 158.56, 92, 0, 9, 142, 114),
(41, 't20i', 14, 14, 352, 2, 558, 46.5, 158.52, 92, 0, 4, 50, 26),
(42, 'first_class', 19, 22, 749, 3, 332, 17.47, 44.32, 76, 0, 2, 36, 1),
(42, 'list_a', 50, 22, 196, 9, 171, 13.15, 87.24, 32, 0, 0, 15, 3),
(42, 't20', 43, 16, 69, 11, 78, 15.6, 113.04, 33, 0, 0, 8, 1),
(42, 't20i', 1, 0, 0, 0, 0, 0, 0, 0, 0, 0, 0, 0),
(43, 'first_class', 9, 13, 254, 2, 80, 7.27, 31.49, 19, 0, 0, 7, 3),
(43, 'list_a', 19, 15, 136, 6, 75, 8.33, 55.14, 21, 0, 0, 4, 2),
(43, 't20', 8, 2, 5, 1, 4, 4, 80, 4, 0, 0, 0, 0),
(44, 'first_class', 4, 8, 449, 0, 255, 31.87, 56.79, 90, 0, 2, 30, 4),
(44, 'list_a', 16, 16, 813, 1, 784, 52.26, 96.43, 156, 3, 3, 58, 30),
(44, 't20', 23, 23, 459, 4, 653, 34.36, 142.26, 75, 0, 5, 47, 30),
(45, 't20', 2, 2, 7, 1, 3, 3, 42.85, 3, 0, 0, 0, 0),
(46, 'list_a', 8, 3, 40, 0, 24, 8, 60, 16, 0, 0, 2, 0),
(46, 't20', 2, 2, 25, 1, 25, 25, 100, 25, 0, 0, 3, 0),
(47, 'first_class', 3, 6, 196, 0, 123, 20.5, 62.75, 52, 0, 1, 15, 3),
(47, 'list_a', 5, 5, 127, 0, 111, 22.2, 87.4, 49, 0, 0, 9, 6),
(47, 't20', 12, 12, 163, 5, 222, 31.71, 136.19, 38, 0, 0, 21, 7),
(48, 'list_a', 2, 2, 44, 1, 54, 54, 122.72, 54, 0, 1, 4, 4),
(48, 't20', 15, 15, 245, 1, 331, 23.64, 135.1, 49, 0, 0, 31, 17),
(49, 'first_class', 13, 18, 0, 6, 213, 17.75, 0, 40, 0, 0, 0, 0),
(49, 'list_a', 100, 69, 0, 17, 625, 12.01, 0, 51, 0, 1, 0, 0),
(49, 'odi', 65, 45, 441, 12, 363, 11, 82.31, 36, 0, 0, 36, 12),
(49, 't20', 392, 235, 1965, 45, 2891, 15.21, 147.12, 79, 0, 11, 281, 173),
(49, 't20i', 51, 23, 138, 8, 155, 10.33, 112.31, 30, 0, 0, 13, 5),
(49, 'test', 6, 7, 92, 2, 40, 8, 43.47, 22, 0, 0, 4, 1),
(50, 'first_class', 126, 170, 3163, 16, 2596, 16.85, 82.07, 156, 1, 7, 265, 99),
(50, 'list_a', 157, 97, 827, 33, 833, 13.01, 100.72, 66, 0, 2, 67, 32),
(50, 'odi', 143, 86, 696, 32, 679, 12.57, 97.55, 55, 0, 1, 53, 26),
(50, 't20', 220, 104, 577, 34, 829, 11.84, 143.67, 74, 0, 2, 61, 46),
(50, 't20i', 92, 36, 175, 14, 249, 11.31, 142.28, 39, 0, 0, 16, 16),
(50, 'test', 85, 120, 2146, 11, 1769, 16.22, 82.43, 77, 0, 5, 173, 75),
(51, 'first_class', 79, 133, 9786, 15, 5946, 50.38, 60.76, 186, 19, 31, 673, 128),
(51, 'list_a', 67, 65, 2825, 2, 2346, 37.23, 83.04, 150, 8, 12, 257, 52),
(51, 't20', 69, 66, 1269, 11, 1529, 27.8, 120.48, 106, 1, 10, 148, 56),
(52, 'first_class', 35, 57, 2482, 4, 1284, 24.22, 51.73, 117, 2, 5, 136, 41),
(52, 'list_a', 165, 149, 4404, 15, 3873, 28.9, 87.94, 146, 3, 18, 251, 130),
(52, 'odi', 130, 116, 3374, 12, 2869, 27.58, 85.03, 116, 1, 15, 182, 89),
(52, 't20', 323, 275, 3572, 53, 4963, 22.35, 138.94, 89, 0, 14, 344, 249),
(52, 't20i', 88, 81, 1082, 14, 1539, 22.97, 142.23, 89, 0, 4, 103, 85),
(52, 'test', 3, 6, 68, 0, 33, 5.5, 48.52, 24, 0, 0, 4, 1),
(53, 'first_class', 17, 24, 0, 1, 609, 26.47, 0, 128, 2, 0, 0, 0),
(53, 'list_a', 93, 78, 0, 18, 1953, 32.55, 0, 132, 2, 8, 0, 0),
(53, 'odi', 56, 47, 794, 9, 1034, 27.21, 130.22, 92, 0, 4, 94, 57),
(53, 't20', 407, 348, 4013, 91, 6801, 26.46, 169.47, 121, 2, 26, 462, 544),
(53, 't20i', 67, 57, 475, 19, 741, 19.5, 156, 51, 0, 1, 42, 62),
(53, 'test', 1, 1, 9, 0, 2, 2, 22.22, 2, 0, 0, 0, 0),
(54, 'first_class', 167, 285, 22545, 27, 11981, 46.43, 53.14, 265, 36, 53, 1459, 77),
(54, 'list_a', 167, 163, 0, 10, 6054, 39.56, 0, 187, 10, 42, 598, 74),
(54, 'odi', 90, 87, 3767, 3, 2962, 35.26, 78.63, 111, 3, 24, 293, 33),
(54, 't20', 217, 207, 4576, 20, 5475, 29.27, 119.64, 105, 2, 40, 568, 108),
(54, 't20i', 20, 20, 331, 2, 375, 20.83, 113.29, 61, 0, 1, 32, 6),
(54, 'test', 82, 140, 9972, 12, 4931, 38.52, 49.44, 188, 12, 25, 560, 34),
(55, 'first_class', 75, 110, 5568, 11, 3357, 33.9, 60.29, 171, 6, 15, 480, 11),
(55, 'list_a', 100, 87, 2912, 15, 3030, 42.08, 104.05, 175, 7, 20, 316, 51),
(55, 'odi', 25, 20, 657, 2, 607, 33.72, 92.38, 118, 1, 4, 68, 6),
(55, 't20', 213, 200, 3130, 30, 4109, 24.17, 131.27, 95, 0, 24, 343, 130),
(55, 't20i', 37, 33, 368, 5, 478, 17.07, 129.89, 87, 0, 2, 41, 16),
(55, 'test', 1, 2, 57, 0, 30, 15, 52.63, 29, 0, 0, 6, 0),
(56, 'first_class', 10, 15, 1003, 0, 545, 36.33, 54.33, 93, 0, 6, 62, 7),
(56, 'list_a', 32, 30, 1183, 4, 1252, 48.15, 105.83, 198, 4, 4, 91, 42),
(56, 'odi', 2, 2, 40, 0, 24, 12, 60, 22, 0, 0, 0, 1),
(56, 't20', 72, 63, 1141, 19, 1514, 34.4, 132.69, 88, 0, 8, 150, 53),
(56, 't20i', 9, 7, 82, 3, 133, 33.25, 162.19, 35, 0, 0, 15, 5),
(57, 'first_class', 56, 81, 7278, 10, 3788, 53.35, 52.04, 200, 12, 19, 427, 22),
(57, 'list_a', 41, 37, 1274, 11, 1154, 44.38, 90.58, 101, 1, 8, 84, 16),
(57, 't20', 21, 19, 313, 2, 325, 19.11, 103.83, 46, 0, 0, 20, 5),
(58, 'first_class', 41, 63, 4248, 4, 2436, 41.28, 57.34, 174, 6, 11, 317, 38),
(58, 'list_a', 62, 60, 2312, 10, 1951, 39.02, 84.38, 137, 3, 11, 195, 52),
(58, 'odi', 1, 1, 14, 0, 7, 7, 50, 7, 0, 0, 0, 0),
(58, 't20', 148, 137, 2494, 14, 3384, 27.51, 135.68, 97, 0, 24, 287, 181),
(58, 't20i', 2, 2, 27, 0, 15, 7.5, 55.55, 9, 0, 0, 0, 0),
(59, 'first_class', 39, 58, 1619, 4, 1314, 24.33, 81.16, 100, 1, 9, 135, 44),
(59, 'list_a', 73, 53, 1036, 22, 923, 29.77, 89.09, 63, 0, 2, 48, 27),
(59, 'odi', 13, 12, 319, 5, 269, 38.42, 84.32, 44, 0, 0, 13, 5),
(59, 't20', 59, 48, 396, 24, 466, 19.41, 117.67, 75, 0, 1, 35, 17),
(59, 't20i', 22, 18, 130, 9, 144, 16, 110.76, 24, 0, 0, 4, 8),
(59, 'test', 1, 2, 43, 0, 22, 11, 51.16, 22, 0, 0, 4, 0),
(60, 'first_class', 58, 99, 6209, 4, 4980, 52.42, 80.2, 202, 13, 26, 585, 117),
(60, 'list_a', 108, 103, 4298, 10, 4110, 44.19, 95.62, 148, 8, 26, 368, 107),
(60, 'odi', 26, 24, 986, 1, 947, 41.17, 96.04, 103, 1, 9, 93, 17),
(60, 't20', 173, 169, 3593, 29, 4699, 33.56, 130.78, 147, 2, 30, 394, 185),
(60, 't20i', 36, 32, 572, 10, 809, 36.77, 141.43, 74, 0, 6, 70, 29),
(60, 'test', 4, 7, 578, 0, 388, 55.42, 67.12, 105, 1, 3, 46, 9),
(61, 'first_class', 30, 46, 3284, 10, 2307, 64.08, 70.24, 163, 5, 16, 266, 24),
(61, 'list_a', 42, 39, 1514, 11, 1414, 50.5, 93.39, 104, 1, 12, 129, 34),
(61, 't20', 63, 58, 760, 14, 1039, 23.61, 136.71, 63, 0, 5, 86, 40),
(62, 'first_class', 102, 121, 1562, 48, 1056, 14.46, 67.6, 128, 1, 1, 109, 47),
(62, 'list_a', 118, 52, 297, 25, 284, 10.51, 95.62, 30, 0, 0, 24, 15),
(62, 'odi', 75, 24, 134, 14, 79, 7.9, 58.95, 18, 0, 0, 8, 1),
(62, 't20', 160, 56, 212, 31, 266, 10.64, 125.47, 26, 0, 0, 20, 17),
(62, 't20i', 7, 1, 4, 0, 2, 2, 50, 2, 0, 0, 0, 0),
(62, 'test', 52, 61, 822, 26, 408, 11.65, 49.63, 31, 0, 0, 37, 20),
(63, 'first_class', 55, 75, 2689, 17, 1167, 20.12, 43.39, 82, 0, 5, 128, 16),
(63, 'list_a', 94, 59, 623, 19, 496, 12.4, 79.61, 49, 0, 0, 35, 11),
(63, 'odi', 69, 44, 387, 15, 285, 9.82, 73.64, 36, 0, 0, 20, 5),
(63, 't20', 116, 64, 457, 27, 645, 17.43, 141.13, 66, 0, 3, 38, 39),
(63, 't20i', 39, 16, 52, 7, 68, 7.55, 130.76, 13, 0, 0, 3, 4),
(63, 'test', 41, 58, 2114, 9, 833, 17, 39.4, 63, 0, 2, 85, 14),
(64, 'first_class', 88, 143, 7979, 6, 4915, 35.87, 61.59, 288, 7, 33, 561, 73),
(64, 'list_a', 222, 218, 9799, 9, 8620, 41.24, 87.96, 188, 23, 50, 828, 222),
(64, 'odi', 135, 131, 5957, 3, 5255, 41.05, 88.21, 153, 17, 29, 518, 127),
(64, 't20', 351, 345, 7552, 33, 10567, 33.86, 139.92, 172, 8, 70, 1013, 426),
(64, 't20i', 89, 89, 1892, 10, 2741, 34.69, 144.87, 172, 2, 16, 273, 113),
(64, 'test', 5, 10, 618, 0, 278, 27.8, 44.98, 62, 0, 2, 30, 1),
(65, 'first_class', 16, 27, 1724, 2, 738, 29.52, 42.8, 98, 0, 5, 96, 4),
(65, 'list_a', 20, 20, 1115, 1, 785, 41.31, 70.4, 129, 1, 5, 74, 13),
(65, 't20', 27, 27, 649, 2, 829, 33.16, 127.73, 89, 0, 6, 84, 23),
(66, 'first_class', 1, 0, 0, 0, 0, 0, 0, 0, 0, 0, 0, 0),
(66, 'list_a', 9, 5, 74, 2, 60, 20, 81.08, 32, 0, 0, 3, 3),
(66, 't20', 45, 10, 39, 6, 24, 6, 61.53, 10, 0, 0, 2, 0),
(66, 't20i', 6, 1, 2, 0, 0, 0, 0, 0, 0, 0, 0, 0),
(67, 'list_a', 9, 9, 546, 1, 389, 48.62, 71.24, 104, 1, 2, 38, 8),
(67, 't20', 5, 5, 89, 0, 65, 13, 73.03, 28, 0, 0, 7, 0),
(68, 'first_class', 6, 6, 252, 0, 115, 19.16, 45.63, 42, 0, 0, 15, 0),
(68, 'list_a', 31, 15, 140, 2, 101, 7.76, 72.14, 22, 0, 0, 9, 1),
(68, 't20', 37, 14, 69, 3, 56, 5.09, 81.15, 20, 0, 0, 4, 2),
(69, 'first_class', 17, 28, 1168, 2, 729, 28.03, 62.41, 153, 2, 3, 76, 15),
(69, 'list_a', 32, 27, 662, 3, 695, 28.95, 104.98, 96, 0, 3, 49, 32),
(69, 't20', 31, 24, 215, 10, 304, 21.71, 141.39, 47, 0, 0, 17, 17),
(70, 'list_a', 3, 1, 18, 0, 25, 25, 138.88, 25, 0, 0, 2, 1),
(70, 't20', 6, 6, 30, 2, 45, 11.25, 150, 18, 0, 0, 4, 2),
(73, 't20', 1, 1, 1, 1, 0, 0, 0, 0, 0, 0, 0, 0),
(74, 'first_class', 86, 136, 6215, 13, 3378, 27.46, 54.35, 163, 2, 18, 405, 43),
(74, 'list_a', 86, 72, 2260, 14, 2050, 35.34, 90.7, 122, 1, 13, 138, 53),
(74, 't20', 148, 124, 1593, 35, 2060, 23.14, 129.31, 57, 0, 6, 151, 76),
(75, 'first_class', 122, 202, 14372, 10, 8499, 44.26, 59.13, 224, 25, 29, 1146, 43),
(75, 'list_a', 282, 278, 0, 21, 11464, 44.6, 0, 248, 30, 62, 1440, 117),
(75, 'odi', 149, 146, 6730, 8, 6284, 45.53, 93.37, 143, 17, 35, 783, 74),
(75, 't20', 311, 308, 7260, 31, 9077, 32.76, 125.02, 106, 2, 65, 1017, 208),
(75, 't20i', 68, 66, 1392, 3, 1759, 27.92, 126.36, 92, 0, 11, 191, 50),
(75, 'test', 34, 58, 3458, 1, 2315, 40.61, 66.94, 190, 7, 5, 316, 12),
(76, 'first_class', 83, 114, 5884, 20, 3726, 39.63, 63.32, 128, 4, 30, 515, 21),
(76, 'list_a', 110, 91, 2521, 30, 2385, 39.09, 94.6, 117, 1, 14, 235, 39),
(76, 'odi', 3, 2, 13, 1, 12, 12, 92.3, 9, 0, 0, 1, 0),
(76, 't20', 101, 82, 1200, 36, 1423, 30.93, 118.58, 65, 0, 3, 130, 29),
(76, 't20i', 1, 1, 2, 1, 1, 0, 50, 1, 0, 0, 0, 0),
(77, 'first_class', 196, 327, 0, 35, 12449, 42.63, 0, 246, 26, 64, 0, 0),
(77, 'list_a', 157, 143, 5215, 14, 5420, 42.01, 103.93, 174, 14, 24, 549, 148),
(77, 'odi', 89, 81, 3331, 8, 3498, 47.91, 105.01, 141, 11, 14, 391, 89),
(77, 't20', 169, 156, 2805, 26, 3823, 29.4, 136.29, 114, 3, 20, 327, 162),
(77, 't20i', 63, 57, 876, 12, 1190, 26.44, 135.84, 86, 0, 7, 111, 49),
(77, 'test', 83, 148, 8815, 9, 4801, 34.53, 54.46, 167, 8, 22, 559, 33),
(78, 'first_class', 77, 121, 4554, 9, 4087, 36.49, 89.74, 268, 9, 21, 421, 158),
(78, 'list_a', 121, 115, 3129, 11, 3040, 29.23, 97.15, 117, 4, 17, 308, 104),
(78, 'odi', 5, 5, 85, 0, 89, 17.8, 104.7, 65, 0, 1, 14, 2),
(78, 't20', 109, 95, 1488, 10, 2037, 23.96, 136.89, 96, 0, 10, 167, 106),
(78, 't20i', 18, 15, 235, 3, 320, 26.66, 136.17, 77, 0, 2, 25, 18),
(79, 'first_class', 3, 5, 177, 1, 152, 38, 85.87, 123, 1, 0, 26, 1),
(79, 'list_a', 18, 17, 620, 2, 568, 37.86, 91.61, 167, 1, 3, 50, 24),
(79, 't20', 31, 31, 612, 6, 836, 33.44, 136.6, 119, 1, 5, 79, 40),
(80, 'first_class', 77, 134, 9654, 6, 5675, 44.33, 58.78, 304, 12, 30, 742, 70),
(80, 'list_a', 89, 89, 4045, 3, 4085, 47.5, 100.98, 176, 13, 15, 499, 74),
(80, 'odi', 5, 5, 83, 0, 86, 17.2, 103.61, 32, 0, 0, 12, 1),
(80, 't20', 171, 166, 3020, 11, 4053, 26.14, 134.2, 111, 2, 25, 398, 145),
(80, 'test', 21, 36, 2782, 0, 1488, 41.33, 53.48, 243, 4, 6, 189, 28),
(81, 'first_class', 62, 94, 5162, 14, 3069, 38.36, 59.45, 224, 7, 15, 384, 31),
(81, 'list_a', 58, 49, 1624, 4, 1624, 36.08, 100, 129, 1, 10, 117, 64),
(81, 'odi', 3, 3, 64, 1, 72, 36, 112.5, 36, 0, 0, 5, 4),
(81, 't20', 166, 157, 2789, 11, 4007, 27.44, 143.67, 103, 2, 23, 284, 234),
(81, 't20i', 17, 13, 180, 1, 285, 23.75, 158.33, 103, 1, 0, 14, 20),
(82, 'first_class', 46, 63, 1417, 9, 560, 10.37, 39.52, 51, 0, 1, 72, 0),
(82, 'list_a', 55, 27, 259, 17, 189, 18.9, 72.97, 26, 0, 0, 15, 1),
(82, 't20', 149, 38, 114, 29, 101, 11.22, 88.59, 13, 0, 0, 8, 0),
(82, 't20i', 2, 1, 1, 1, 1, 0, 100, 1, 0, 0, 0, 0),
(83, 'first_class', 17, 24, 338, 9, 87, 5.8, 25.73, 19, 0, 0, 12, 2),
(83, 'list_a', 10, 2, 11, 2, 13, 0, 118.18, 12, 0, 0, 3, 0),
(83, 't20', 22, 6, 15, 2, 15, 3.75, 100, 5, 0, 0, 2, 0),
(84, 'first_class', 71, 100, 2010, 16, 998, 11.88, 49.65, 48, 0, 0, 137, 18),
(84, 'list_a', 103, 45, 453, 18, 364, 13.48, 80.35, 31, 0, 0, 32, 7),
(84, 'odi', 85, 35, 381, 15, 315, 15.75, 82.67, 31, 0, 0, 26, 7),
(84, 't20', 142, 55, 346, 26, 377, 13, 108.96, 44, 0, 0, 35, 12),
(84, 't20i', 40, 15, 104, 11, 121, 30.25, 116.34, 22, 0, 0, 11, 5),
(84, 'test', 52, 79, 1607, 13, 786, 11.9, 48.91, 47, 0, 0, 108, 14),
(85, 'first_class', 16, 28, 1353, 2, 698, 26.84, 51.58, 216, 2, 1, 78, 4),
(85, 'list_a', 20, 19, 360, 3, 293, 18.31, 81.38, 35, 0, 0, 17, 7),
(85, 't20', 27, 15, 200, 3, 262, 21.83, 131, 51, 0, 1, 21, 10),
(86, 'first_class', 8, 13, 722, 2, 516, 46.9, 71.46, 194, 1, 3, 51, 16),
(86, 'list_a', 33, 24, 573, 7, 737, 43.35, 128.62, 79, 0, 7, 55, 40),
(86, 't20', 57, 46, 499, 14, 645, 20.15, 129.25, 47, 0, 0, 40, 41),
(87, 'first_class', 16, 23, 1091, 0, 553, 24.04, 50.68, 61, 0, 3, 79, 3),
(87, 'list_a', 41, 38, 1636, 1, 1266, 34.21, 77.38, 107, 2, 7, 140, 16),
(87, 't20', 60, 56, 1011, 5, 1451, 28.45, 143.52, 106, 1, 8, 153, 57),
(88, 'first_class', 18, 20, 521, 3, 353, 20.76, 67.75, 84, 0, 1, 37, 11),
(88, 'list_a', 40, 28, 307, 8, 257, 12.85, 83.71, 48, 0, 0, 12, 13),
(88, 'odi', 1, 1, 25, 0, 13, 13, 52, 13, 0, 0, 0, 0),
(88, 't20', 79, 31, 138, 13, 138, 7.66, 100, 22, 0, 0, 13, 3),
(88, 't20i', 6, 1, 5, 0, 5, 5, 100, 5, 0, 0, 1, 0),
(89, 'first_class', 27, 34, 230, 17, 58, 3.41, 25.21, 9, 0, 0, 7, 0),
(89, 'list_a', 30, 14, 34, 8, 24, 4, 70.58, 9, 0, 0, 4, 2),
(89, 't20', 23, 1, 5, 1, 2, 0, 40, 2, 0, 0, 0, 0),
(90, 'first_class', 9, 10, 111, 4, 60, 10, 54.05, 40, 0, 0, 5, 3),
(90, 'list_a', 5, 4, 20, 2, 17, 8.5, 85, 10, 0, 0, 0, 1),
(90, 't20', 17, 7, 13, 5, 5, 2.5, 38.46, 2, 0, 0, 0, 0),
(91, 'first_class', 14, 23, 431, 1, 440, 20, 102.08, 54, 0, 1, 37, 26),
(91, 'list_a', 34, 29, 434, 12, 542, 31.88, 124.88, 68, 0, 2, 38, 36),
(91, 'odi', 5, 5, 75, 1, 144, 36, 192, 46, 0, 0, 8, 14),
(91, 't20', 41, 23, 195, 8, 247, 16.46, 126.66, 43, 0, 0, 11, 22),
(91, 't20i', 10, 5, 34, 0, 53, 10.6, 155.88, 24, 0, 0, 4, 4),
(92, 'first_class', 6, 6, 89, 1, 60, 12, 67.41, 26, 0, 0, 10, 1),
(92, 'list_a', 17, 5, 24, 2, 17, 5.66, 70.83, 6, 0, 0, 2, 0),
(92, 't20', 43, 7, 30, 3, 21, 5.25, 70, 10, 0, 0, 3, 0),
(93, 'first_class', 8, 10, 797, 0, 388, 38.8, 48.68, 95, 0, 3, 56, 1),
(93, 'list_a', 20, 20, 749, 2, 686, 38.11, 91.58, 164, 2, 3, 63, 17),
(93, 't20', 20, 20, 391, 3, 507, 29.82, 129.66, 56, 0, 1, 61, 14),
(94, 'first_class', 35, 56, 2720, 8, 1591, 33.14, 58.49, 126, 1, 11, 209, 8),
(94, 'list_a', 43, 39, 1276, 5, 1353, 39.79, 106.03, 174, 3, 7, 145, 33),
(94, 't20', 34, 30, 543, 7, 763, 33.17, 140.51, 72, 0, 6, 70, 29),
(95, 'first_class', 7, 10, 439, 0, 164, 16.4, 37.35, 41, 0, 0, 21, 1),
(95, 'list_a', 15, 11, 132, 5, 109, 18.16, 82.57, 31, 0, 0, 7, 2),
(95, 'odi', 3, 3, 7, 2, 6, 6, 85.71, 3, 0, 0, 0, 0),
(95, 't20', 46, 27, 149, 9, 173, 9.61, 116.1, 20, 0, 0, 11, 6),
(95, 't20i', 3, 1, 7, 0, 1, 1, 14.28, 1, 0, 0, 0, 0),
(96, 'list_a', 9, 6, 73, 2, 63, 15.75, 86.3, 29, 0, 0, 5, 2),
(96, 't20', 33, 19, 150, 11, 163, 20.37, 108.66, 25, 0, 0, 10, 7),
(97, 't20', 4, 1, 4, 0, 6, 6, 150, 6, 0, 0, 1, 0),
(98, 'first_class', 2, 3, 319, 0, 152, 50.66, 47.64, 44, 0, 0, 22, 0),
(98, 't20', 2, 2, 14, 0, 11, 5.5, 78.57, 11, 0, 0, 1, 0),
(99, 'first_class', 142, 200, 8830, 31, 4843, 28.65, 54.84, 124, 7, 23, 601, 22),
(99, 'list_a', 173, 103, 1740, 27, 1345, 17.69, 77.29, 79, 0, 4, 0, 0),
(99, 'odi', 113, 63, 813, 20, 707, 16.44, 86.96, 65, 0, 1, 60, 7),
(99, 't20', 273, 101, 739, 38, 851, 13.5, 115.15, 46, 0, 0, 77, 22),
(99, 't20i', 51, 11, 115, 7, 123, 30.75, 106.95, 31, 0, 0, 14, 1),
(99, 'test', 86, 123, 5364, 14, 2931, 26.88, 54.64, 124, 5, 12, 339, 16),
(100, 'first_class', 110, 130, 2118, 53, 1157, 15.02, 54.62, 61, 0, 2, 127, 45),
(100, 'list_a', 122, 54, 292, 28, 214, 8.23, 73.28, 21, 0, 0, 19, 6),
(100, 'odi', 93, 40, 213, 23, 159, 9.35, 74.64, 21, 0, 0, 15, 6),
(100, 't20', 156, 35, 95, 23, 75, 6.25, 78.94, 8, 0, 0, 2, 2),
(100, 't20i', 44, 11, 40, 6, 30, 6, 75, 8, 0, 0, 2, 0),
(100, 'test', 75, 88, 1205, 43, 704, 15.64, 58.42, 52, 0, 1, 72, 30),
(101, 'first_class', 122, 199, 10293, 16, 5888, 32.17, 57.2, 152, 7, 33, 732, 72),
(101, 'list_a', 218, 182, 5049, 43, 6037, 43.43, 119.56, 150, 11, 36, 546, 188),
(101, 'odi', 148, 123, 3263, 23, 3872, 38.72, 118.66, 150, 9, 20, 323, 125),
(101, 't20', 304, 282, 5365, 51, 7796, 33.74, 145.31, 124, 5, 52, 676, 341),
(101, 't20i', 88, 80, 1516, 18, 2140, 34.51, 141.16, 101, 1, 15, 184, 90),
(101, 'test', 57, 100, 5365, 9, 2907, 31.94, 54.18, 152, 2, 18, 340, 33),
(102, 'first_class', 133, 225, 17718, 26, 8371, 42.06, 47.24, 175, 17, 47, 1039, 45),
(102, 'list_a', 126, 117, 6142, 22, 4806, 50.58, 78.24, 134, 10, 30, 385, 74),
(102, 'odi', 35, 29, 1537, 10, 1365, 71.84, 88.8, 129, 2, 11, 94, 28),
(102, 't20', 142, 134, 3186, 24, 4139, 37.62, 129.91, 112, 3, 28, 285, 181),
(102, 't20i', 34, 31, 713, 7, 933, 38.87, 130.85, 94, 0, 6, 55, 40),
(102, 'test', 15, 27, 2006, 2, 824, 32.96, 41.07, 98, 0, 6, 90, 4),
(103, 'first_class', 67, 112, 4552, 10, 3249, 31.85, 71.37, 147, 5, 17, 435, 50),
(103, 'list_a', 129, 113, 3015, 22, 3087, 33.92, 102.38, 120, 2, 18, 282, 88),
(103, 'odi', 66, 56, 1352, 10, 1320, 28.69, 97.63, 97, 0, 6, 117, 30),
(103, 't20', 176, 137, 1717, 37, 2346, 23.46, 136.63, 59, 0, 5, 168, 104),
(103, 't20i', 38, 29, 274, 10, 416, 21.89, 151.82, 48, 0, 0, 31, 25),
(103, 'test', 12, 22, 1069, 1, 709, 33.76, 66.32, 137, 2, 4, 88, 11),
(104, 'first_class', 85, 135, 9290, 17, 4449, 37.7, 47.89, 170, 10, 25, 433, 81),
(104, 'list_a', 88, 80, 3145, 10, 2649, 37.84, 84.22, 126, 4, 18, 200, 76),
(104, 'odi', 3, 2, 98, 2, 112, 0, 114.28, 100, 1, 0, 11, 2),
(104, 't20', 132, 118, 2079, 29, 2738, 30.76, 131.69, 88, 0, 11, 178, 111),
(104, 't20i', 25, 23, 291, 5, 392, 21.77, 134.7, 72, 0, 1, 32, 14),
(104, 'test', 9, 11, 764, 1, 403, 40.3, 52.74, 102, 1, 3, 41, 7),
(105, 'first_class', 84, 134, 11138, 15, 5883, 49.43, 52.81, 328, 15, 27, 728, 25),
(105, 'list_a', 90, 82, 2636, 13, 2119, 30.71, 80.38, 120, 2, 12, 219, 32),
(105, 'odi', 2, 2, 88, 0, 46, 23, 52.27, 39, 0, 0, 6, 0),
(105, 't20', 149, 134, 2266, 16, 2976, 25.22, 131.33, 111, 2, 16, 292, 99),
(105, 'test', 6, 7, 506, 1, 374, 62.33, 73.91, 303, 1, 0, 41, 4),
(106, 'first_class', 55, 91, 5596, 7, 3162, 37.64, 56.5, 211, 10, 12, 368, 67),
(106, 'list_a', 102, 96, 2931, 9, 2610, 30, 89.04, 212, 1, 14, 230, 70),
(106, 'odi', 1, 1, 46, 0, 46, 46, 100, 46, 0, 0, 5, 1),
(106, 't20', 206, 199, 3837, 22, 5062, 28.59, 131.92, 119, 3, 31, 395, 224),
(106, 't20i', 13, 12, 143, 0, 174, 14.5, 121.67, 39, 0, 0, 10, 8),
(107, 'first_class', 31, 47, 1084, 10, 324, 8.75, 29.88, 42, 0, 0, 38, 2),
(107, 'list_a', 119, 47, 496, 22, 290, 11.6, 58.46, 24, 0, 0, 28, 1),
(107, 'odi', 61, 12, 106, 5, 66, 9.42, 62.26, 18, 0, 0, 8, 0),
(107, 't20', 233, 39, 146, 23, 76, 4.75, 52.05, 10, 0, 0, 1, 0),
(107, 't20i', 54, 4, 11, 2, 5, 2.5, 45.45, 3, 0, 0, 0, 0),
(108, 'first_class', 41, 74, 2876, 3, 2163, 30.46, 75.2, 107, 1, 12, 276, 49),
(108, 'list_a', 69, 66, 2132, 5, 2215, 36.31, 103.89, 139, 7, 9, 178, 82),
(108, 'odi', 47, 44, 1360, 3, 1447, 35.29, 106.39, 139, 5, 4, 111, 52),
(108, 't20', 130, 119, 1916, 23, 2566, 26.72, 133.92, 100, 1, 14, 187, 130),
(108, 't20i', 42, 35, 561, 4, 666, 21.48, 118.71, 81, 0, 3, 43, 32),
(108, 'test', 16, 30, 1138, 0, 838, 27.93, 73.63, 93, 0, 5, 85, 27),
(109, 'first_class', 54, 55, 747, 22, 332, 10.06, 44.44, 42, 0, 0, 42, 3),
(109, 'list_a', 56, 26, 341, 16, 206, 20.6, 60.41, 45, 0, 0, 18, 5),
(109, 'odi', 8, 5, 137, 3, 107, 53.5, 78.1, 45, 0, 0, 9, 3),
(109, 't20', 68, 16, 67, 11, 55, 11, 82.08, 12, 0, 0, 5, 0),
(109, 't20i', 11, 3, 11, 3, 12, 0, 109.09, 11, 0, 0, 2, 0),
(109, 'test', 2, 3, 27, 1, 8, 4, 29.62, 5, 0, 0, 1, 0),
(110, 'first_class', 37, 56, 1389, 3, 994, 18.75, 71.56, 64, 0, 3, 125, 23),
(110, 'list_a', 80, 53, 739, 13, 703, 17.57, 95.12, 92, 0, 3, 68, 18),
(110, 'odi', 32, 21, 262, 6, 252, 16.8, 96.18, 92, 0, 1, 20, 6),
(110, 't20', 146, 80, 506, 30, 669, 13.38, 132.21, 42, 0, 0, 47, 40),
(110, 't20i', 28, 15, 120, 4, 150, 13.63, 125, 34, 0, 0, 10, 10),
(111, 'list_a', 6, 3, 32, 0, 30, 10, 93.75, 11, 0, 0, 1, 2),
(111, 't20', 38, 11, 43, 6, 54, 10.8, 125.58, 21, 0, 0, 0, 5),
(112, 'first_class', 11, 15, 162, 8, 62, 8.85, 38.27, 25, 0, 0, 6, 4),
(112, 'list_a', 57, 20, 66, 16, 30, 7.5, 45.45, 9, 0, 0, 2, 1),
(112, 'odi', 7, 4, 9, 3, 2, 2, 22.22, 2, 0, 0, 0, 0),
(112, 't20', 62, 11, 29, 7, 10, 2.5, 34.48, 4, 0, 0, 0, 0),
(113, 'first_class', 4, 4, 38, 3, 17, 17, 44.73, 7, 0, 0, 1, 0),
(113, 'list_a', 2, 1, 11, 1, 10, 0, 90.9, 10, 0, 0, 0, 0),
(113, 't20', 3, 0, 0, 0, 0, 0, 0, 0, 0, 0, 0, 0),
(114, 'first_class', 4, 6, 28, 4, 15, 7.5, 53.57, 11, 0, 0, 2, 1),
(114, 'list_a', 20, 13, 114, 6, 70, 10, 61.4, 14, 0, 0, 3, 3),
(114, 'odi', 2, 1, 1, 1, 0, 0, 0, 0, 0, 0, 0, 0),
(114, 't20', 37, 11, 49, 4, 64, 9.14, 130.61, 23, 0, 0, 5, 5),
(114, 't20i', 13, 6, 26, 2, 36, 9, 138.46, 23, 0, 0, 3, 3),
(115, 'first_class', 19, 36, 2319, 3, 1190, 36.06, 51.31, 178, 1, 10, 141, 8),
(115, 'list_a', 22, 22, 1623, 4, 1391, 77.27, 85.7, 152, 6, 8, 135, 32),
(115, 't20', 62, 62, 1495, 5, 2028, 35.57, 135.65, 122, 2, 14, 213, 75),
(115, 't20i', 2, 2, 38, 0, 38, 19, 100, 29, 0, 0, 2, 1),
(116, 'first_class', 16, 27, 1649, 0, 952, 35.25, 57.73, 123, 1, 7, 107, 30),
(116, 'list_a', 29, 27, 901, 1, 756, 29.07, 83.9, 82, 0, 6, 80, 19),
(116, 't20', 66, 54, 874, 8, 1123, 24.41, 128.49, 77, 0, 9, 81, 56),
(117, 'first_class', 1, 2, 42, 1, 20, 20, 47.61, 20, 0, 0, 3, 0),
(117, 'list_a', 26, 26, 1339, 3, 1115, 48.47, 83.27, 203, 3, 5, 112, 29),
(117, 't20', 26, 25, 357, 0, 454, 18.16, 127.17, 50, 0, 1, 53, 18),
(118, 'first_class', 1, 2, 68, 0, 36, 18, 52.94, 35, 0, 0, 4, 2),
(118, 'list_a', 8, 2, 23, 1, 11, 11, 47.82, 7, 0, 0, 1, 0),
(118, 't20', 1, 0, 0, 0, 0, 0, 0, 0, 0, 0, 0, 0),
(119, 'first_class', 16, 19, 173, 5, 108, 7.71, 62.42, 26, 0, 0, 10, 8),
(119, 'list_a', 5, 3, 6, 1, 0, 0, 0, 0, 0, 0, 0, 0),
(119, 't20', 22, 5, 12, 3, 2, 1, 16.66, 1, 0, 0, 0, 0),
(120, 'first_class', 3, 4, 295, 1, 138, 46, 46.77, 64, 0, 2, 22, 0),
(120, 't20', 2, 2, 37, 0, 28, 14, 75.67, 23, 0, 0, 0, 1),
(121, 'first_class', 1, 1, 37, 1, 9, 0, 24.32, 9, 0, 0, 2, 0),
(121, 'list_a', 1, 0, 0, 0, 0, 0, 0, 0, 0, 0, 0, 0),
(121, 't20', 1, 1, 4, 1, 0, 0, 0, 0, 0, 0, 0, 0),
(123, 'first_class', 113, 167, 10780, 28, 6452, 46.41, 59.85, 331, 11, 34, 676, 114),
(123, 'list_a', 221, 157, 3927, 51, 3460, 32.64, 88.1, 134, 2, 18, 254, 76),
(123, 'odi', 168, 113, 2769, 39, 2411, 32.58, 87.07, 87, 0, 13, 178, 49),
(123, 't20', 284, 201, 2355, 83, 3034, 25.71, 128.83, 62, 0, 2, 224, 108),
(123, 't20i', 58, 29, 262, 14, 326, 21.73, 124.42, 45, 0, 0, 25, 8),
(123, 'test', 59, 87, 3988, 20, 2396, 35.76, 60.08, 175, 2, 17, 239, 55),
(124, 'first_class', 131, 210, 11145, 19, 7054, 36.93, 63.29, 224, 9, 47, 862, 106),
(124, 'list_a', 423, 364, 0, 99, 13353, 50.38, 0, 183, 17, 87, 0, 0),
(124, 'odi', 350, 297, 12303, 84, 10773, 50.57, 87.56, 183, 10, 73, 826, 229),
(124, 't20', 355, 313, 5260, 129, 7067, 38.4, 134.35, 84, 0, 28, 493, 310),
(124, 't20i', 98, 85, 1282, 42, 1617, 37.6, 126.13, 56, 0, 2, 116, 52),
(124, 'test', 90, 144, 8249, 16, 4876, 38.09, 59.11, 224, 6, 33, 544, 78),
(125, 'first_class', 114, 159, 0, 23, 3443, 25.31, 0, 166, 3, 15, 0, 0),
(125, 'list_a', 84, 56, 0, 15, 634, 15.46, 0, 55, 0, 1, 45, 18),
(125, 'odi', 34, 23, 193, 9, 170, 12.14, 88.08, 38, 0, 0, 12, 5),
(125, 't20', 258, 150, 1043, 60, 1265, 14.05, 121.28, 45, 0, 0, 91, 49),
(125, 't20i', 75, 43, 271, 19, 358, 14.91, 132.1, 36, 0, 0, 24, 18),
(125, 'test', 8, 11, 320, 1, 180, 18, 56.25, 35, 0, 0, 24, 1),
(126, 'first_class', 61, 87, 4215, 8, 2805, 35.5, 66.54, 177, 5, 16, 359, 59),
(126, 'list_a', 95, 66, 1701, 13, 1608, 30.33, 94.53, 115, 1, 11, 120, 51),
(126, 'odi', 24, 12, 199, 1, 175, 15.9, 87.93, 50, 0, 1, 13, 5),
(126, 't20', 161, 129, 1523, 29, 2097, 20.97, 137.68, 77, 0, 5, 138, 111),
(126, 't20i', 22, 11, 105, 4, 170, 24.28, 161.9, 77, 0, 1, 13, 8),
(126, 'test', 3, 6, 163, 0, 83, 13.83, 50.92, 37, 0, 0, 13, 1),
(127, 'first_class', 97, 156, 0, 21, 6151, 45.56, 0, 210, 16, 34, 0, 0),
(127, 'list_a', 172, 162, 6826, 27, 5476, 40.56, 80.22, 124, 5, 40, 503, 0),
(127, 'odi', 55, 50, 2143, 14, 1694, 47.05, 79.04, 124, 3, 10, 145, 30),
(127, 't20', 264, 248, 4596, 38, 5735, 27.3, 124.78, 100, 1, 30, 475, 213),
(127, 't20i', 6, 5, 50, 1, 42, 10.5, 84, 20, 0, 0, 5, 0),
(128, 'first_class', 142, 238, 14185, 6, 9446, 40.71, 66.59, 162, 22, 52, 1302, 102),
(128, 'list_a', 203, 197, 6910, 12, 6535, 35.32, 94.57, 169, 16, 33, 754, 135),
(128, 'odi', 46, 42, 1031, 6, 934, 25.94, 90.59, 86, 0, 6, 107, 19),
(128, 't20', 286, 278, 5447, 24, 7269, 28.61, 133.45, 92, 0, 42, 720, 267),
(128, 't20i', 13, 12, 211, 2, 249, 24.9, 118, 50, 0, 1, 26, 6),
(129, 'first_class', 117, 189, 14437, 23, 8018, 48.3, 55.53, 327, 21, 36, 1106, 53),
(129, 'list_a', 85, 82, 3874, 9, 3329, 45.6, 85.93, 152, 9, 19, 320, 41),
(129, 'odi', 3, 3, 255, 0, 225, 75, 88.23, 126, 1, 1, 26, 0),
(129, 't20', 112, 107, 2860, 24, 3671, 44.22, 128.35, 105, 2, 28, 398, 80),
(129, 't20i', 20, 17, 432, 5, 602, 50.16, 139.35, 99, 0, 4, 62, 15),
(129, 'test', 7, 12, 1507, 0, 767, 63.91, 50.89, 200, 3, 3, 94, 3),
(130, 'first_class', 56, 85, 4851, 5, 2344, 29.3, 48.31, 126, 3, 14, 294, 39),
(130, 'list_a', 104, 83, 1839, 25, 1633, 28.15, 88.79, 86, 0, 7, 134, 43),
(130, 'odi', 75, 57, 1047, 23, 927, 27.26, 88.53, 67, 0, 2, 64, 27),
(130, 't20', 124, 95, 1018, 35, 1328, 22.13, 130.45, 92, 0, 2, 90, 62),
(130, 't20i', 62, 43, 290, 19, 358, 14.91, 123.44, 37, 0, 0, 25, 11),
(130, 'test', 24, 32, 1803, 1, 766, 24.7, 42.48, 126, 1, 2, 90, 18),
(131, 'first_class', 100, 180, 0, 7, 5302, 30.64, 0, 197, 8, 30, 0, 0),
(131, 'list_a', 227, 198, 0, 30, 4046, 24.08, 0, 112, 2, 13, 0, 0),
(131, 'odi', 164, 141, 3606, 24, 2968, 25.36, 82.3, 112, 2, 10, 240, 58),
(131, 't20', 530, 409, 5323, 120, 6757, 23.38, 126.94, 70, 0, 20, 436, 327),
(131, 't20i', 91, 74, 1091, 17, 1255, 22.01, 115.03, 66, 0, 4, 73, 55),
(131, 'test', 40, 71, 4527, 1, 2200, 31.42, 48.59, 113, 3, 13, 269, 21),
(132, 'first_class', 16, 25, 1509, 4, 1012, 48.19, 67.06, 114, 2, 7, 99, 39),
(132, 'list_a', 47, 33, 683, 12, 803, 38.23, 117.57, 118, 1, 1, 46, 47),
(132, 'odi', 1, 1, 6, 0, 9, 9, 150, 9, 0, 0, 1, 0),
(132, 't20', 77, 70, 923, 16, 1267, 23.46, 137.27, 95, 0, 5, 81, 74),
(132, 't20i', 13, 9, 77, 3, 105, 17.5, 136.36, 54, 0, 1, 7, 6),
(133, 'first_class', 198, 339, 20597, 27, 11334, 36.32, 55.02, 250, 20, 69, 1462, 137),
(133, 'list_a', 229, 200, 5087, 16, 5172, 28.1, 101.67, 158, 11, 20, 547, 131),
(133, 'odi', 112, 89, 1853, 14, 1877, 25.02, 101.29, 128, 3, 5, 162, 63),
(133, 't20', 214, 202, 3233, 20, 4533, 24.9, 140.21, 121, 2, 24, 421, 213),
(133, 't20i', 49, 44, 465, 10, 637, 18.73, 136.98, 72, 0, 4, 50, 32),
(133, 'test', 64, 111, 5697, 8, 2914, 28.29, 51.14, 155, 5, 14, 355, 30),
(134, 'first_class', 26, 38, 2309, 4, 1261, 37.08, 54.61, 183, 4, 5, 124, 19),
(134, 'list_a', 36, 36, 1539, 0, 1260, 35, 81.87, 133, 3, 6, 128, 18),
(134, 't20', 43, 38, 771, 10, 914, 32.64, 118.54, 78, 0, 5, 79, 30),
(135, 'first_class', 1, 2, 109, 0, 45, 22.5, 41.28, 23, 0, 0, 6, 0),
(135, 'list_a', 8, 8, 183, 0, 150, 18.75, 81.96, 73, 0, 1, 16, 3),
(135, 't20', 27, 26, 475, 4, 593, 26.95, 124.84, 92, 0, 3, 57, 25),
(136, 'first_class', 21, 36, 2653, 1, 1349, 38.54, 50.84, 129, 4, 6, 161, 15),
(136, 'list_a', 64, 63, 3281, 3, 3284, 54.73, 100.09, 187, 11, 16, 333, 82),
(136, 't20', 71, 71, 1665, 7, 2212, 34.56, 132.85, 101, 1, 17, 222, 73),
(136, 't20i', 3, 3, 36, 0, 39, 13, 108.33, 21, 0, 0, 4, 0),
(137, 'first_class', 1, 2, 10, 1, 4, 4, 40, 4, 0, 0, 1, 0),
(137, 'list_a', 9, 3, 6, 3, 13, 0, 216.66, 13, 0, 0, 1, 1),
(137, 't20', 1, 0, 0, 0, 0, 0, 0, 0, 0, 0, 0, 0),
(138, 'first_class', 37, 61, 3983, 6, 1934, 35.16, 48.55, 173, 5, 7, 250, 19),
(138, 'list_a', 32, 28, 1299, 4, 988, 41.16, 76.05, 119, 2, 5, 70, 17),
(138, 't20', 26, 24, 521, 2, 637, 28.95, 122.26, 67, 0, 3, 50, 24),
(139, 'first_class', 13, 17, 280, 9, 111, 13.87, 39.64, 25, 0, 0, 21, 0),
(139, 'list_a', 12, 4, 17, 2, 16, 8, 94.11, 14, 0, 0, 2, 0),
(139, 't20', 19, 5, 15, 4, 19, 19, 126.66, 11, 0, 0, 3, 0),
(140, 'first_class', 20, 24, 418, 8, 224, 14, 53.58, 62, 0, 1, 27, 6),
(140, 'list_a', 27, 6, 24, 3, 14, 4.66, 58.33, 6, 0, 0, 2, 0),
(140, 't20', 33, 9, 25, 4, 31, 6.2, 124, 20, 0, 0, 3, 1),
(141, 'first_class', 3, 5, 31, 2, 8, 2.66, 25.8, 7, 0, 0, 0, 1),
(141, 'list_a', 8, 6, 21, 2, 6, 1.5, 28.57, 2, 0, 0, 0, 0),
(141, 't20', 20, 3, 3, 3, 1, 0, 33.33, 1, 0, 0, 0, 0),
(142, 'first_class', 11, 14, 264, 3, 89, 8.09, 33.71, 23, 0, 0, 11, 1),
(142, 'list_a', 23, 7, 104, 2, 55, 11, 52.88, 25, 0, 0, 4, 0),
(142, 't20', 20, 3, 5, 2, 2, 2, 40, 1, 0, 0, 0, 0),
(143, 'list_a', 5, 1, 2, 1, 7, 0, 350, 7, 0, 0, 0, 1),
(143, 't20', 2, 2, 7, 1, 6, 6, 85.71, 6, 0, 0, 1, 0),
(144, 'first_class', 3, 5, 131, 0, 72, 14.4, 54.96, 24, 0, 0, 9, 0),
(144, 'list_a', 15, 7, 57, 5, 24, 12, 42.1, 10, 0, 0, 0, 0),
(144, 'odi', 4, 3, 32, 3, 15, 0, 46.87, 10, 0, 0, 0, 0),
(144, 't20', 53, 15, 46, 8, 49, 7, 106.52, 14, 0, 0, 6, 1),
(144, 't20i', 15, 5, 12, 2, 18, 6, 150, 7, 0, 0, 1, 1),
(145, 'list_a', 1, 1, 2, 1, 0, 0, 0, 0, 0, 0, 0, 0),
(145, 't20', 2, 0, 0, 0, 0, 0, 0, 0, 0, 0, 0, 0),
(147, 'first_class', 133, 219, 18343, 17, 10292, 50.95, 56.1, 254, 34, 36, 1217, 39),
(147, 'list_a', 294, 284, 14785, 42, 13753, 56.83, 93.02, 183, 47, 72, 1317, 149),
(147, 'odi', 260, 251, 13249, 39, 12311, 58.07, 92.92, 183, 43, 64, 1153, 125),
(147, 't20', 335, 318, 7817, 60, 10401, 40.31, 133.05, 113, 5, 76, 925, 324),
(147, 't20i', 97, 89, 2394, 25, 3296, 51.5, 137.67, 94, 0, 30, 298, 92),
(147, 'test', 101, 171, 14440, 10, 8043, 49.95, 55.69, 254, 27, 28, 904, 24),
(148, 'first_class', 31, 45, 1084, 13, 389, 12.15, 35.88, 39, 0, 0, 39, 6),
(148, 'list_a', 56, 31, 369, 14, 235, 13.82, 63.68, 35, 0, 0, 14, 5),
(148, 'odi', 12, 6, 23, 3, 21, 7, 91.3, 11, 0, 0, 0, 0),
(148, 't20', 94, 21, 95, 12, 97, 10.77, 102.1, 26, 0, 0, 7, 1),
(148, 't20i', 9, 1, 7, 0, 5, 5, 71.42, 5, 0, 0, 0, 0),
(149, 'first_class', 167, 254, 16393, 19, 9620, 40.93, 58.68, 213, 28, 43, 1234, 75),
(149, 'list_a', 251, 221, 7990, 37, 7350, 39.94, 91.99, 154, 12, 39, 753, 0),
(149, 'odi', 94, 79, 2392, 21, 1752, 30.2, 73.24, 79, 0, 9, 176, 15),
(149, 't20', 336, 299, 4823, 65, 6499, 27.77, 134.75, 97, 0, 31, 635, 208),
(149, 't20i', 32, 26, 278, 14, 399, 33.25, 143.52, 48, 0, 0, 42, 15),
(149, 'test', 26, 42, 2080, 1, 1025, 25, 49.27, 129, 1, 7, 134, 4),
(150, 'first_class', 77, 110, 4979, 12, 2435, 24.84, 48.9, 120, 2, 15, 299, 45),
(150, 'list_a', 99, 79, 1540, 16, 1441, 22.87, 93.57, 109, 1, 5, 90, 61),
(150, 'odi', 2, 0, 0, 0, 0, 0, 0, 0, 0, 0, 0, 0),
(150, 't20', 138, 94, 1067, 25, 1318, 19.1, 123.52, 67, 0, 2, 90, 59),
(150, 't20i', 1, 0, 0, 0, 0, 0, 0, 0, 0, 0, 0, 0),
(150, 'test', 1, 2, 28, 1, 8, 8, 28.57, 4, 0, 0, 0, 0),
(151, 'first_class', 77, 108, 3944, 16, 2515, 27.33, 63.76, 104, 2, 14, 302, 58),
(151, 'list_a', 135, 94, 1944, 21, 1859, 25.46, 95.62, 167, 3, 7, 159, 69),
(151, 'odi', 52, 29, 427, 13, 377, 23.56, 88.29, 51, 0, 2, 31, 11),
(151, 't20', 208, 151, 2064, 30, 2857, 23.61, 138.42, 118, 2, 11, 220, 149),
(151, 't20i', 32, 21, 137, 8, 182, 14, 132.84, 29, 0, 0, 10, 11),
(152, 'first_class', 67, 112, 5536, 10, 4061, 39.81, 73.35, 278, 7, 23, 459, 63),
(152, 'list_a', 191, 173, 4278, 20, 5163, 33.74, 120.68, 146, 5, 32, 501, 179),
(152, 'odi', 116, 106, 2575, 12, 3230, 34.36, 125.43, 108, 2, 22, 309, 116),
(152, 't20', 352, 331, 5266, 48, 7981, 28.2, 151.55, 154, 5, 46, 669, 379),
(152, 't20i', 84, 77, 1287, 13, 1982, 30.96, 154, 145, 3, 9, 164, 97),
(152, 'test', 7, 14, 570, 1, 339, 26.07, 59.47, 104, 1, 0, 33, 7),
(153, 'first_class', 65, 80, 1854, 14, 699, 10.59, 37.7, 50, 0, 1, 92, 7),
(153, 'list_a', 100, 46, 410, 17, 237, 8.17, 57.8, 33, 0, 0, 16, 2),
(153, 'odi', 3, 2, 3, 0, 1, 0.5, 33.33, 1, 0, 0, 0, 0),
(153, 't20', 124, 34, 86, 24, 75, 7.5, 87.2, 8, 0, 0, 5, 0),
(153, 't20i', 3, 0, 0, 0, 0, 0, 0, 0, 0, 0, 0, 0),
(154, 'first_class', 64, 99, 2738, 16, 1363, 16.42, 49.78, 83, 0, 5, 136, 45),
(154, 'list_a', 61, 47, 700, 7, 654, 16.35, 93.42, 69, 0, 4, 43, 33),
(154, 't20', 132, 80, 662, 23, 981, 17.21, 148.18, 82, 0, 3, 96, 57),
(154, 't20i', 8, 2, 12, 1, 19, 19, 158.33, 18, 0, 0, 2, 1),
(155, 'first_class', 150, 250, 17522, 26, 8798, 39.27, 50.21, 199, 18, 52, 1109, 44),
(155, 'list_a', 262, 244, 10599, 42, 9483, 46.94, 89.47, 185, 21, 57, 844, 129),
(155, 'odi', 143, 136, 6215, 20, 5507, 47.47, 88.6, 185, 12, 35, 495, 66),
(155, 't20', 286, 269, 5724, 31, 7418, 31.16, 129.59, 120, 3, 47, 659, 232),
(155, 't20i', 50, 50, 1137, 7, 1528, 35.53, 134.38, 119, 1, 10, 140, 50),
(155, 'test', 69, 118, 8986, 14, 4163, 40.02, 46.32, 199, 10, 21, 516, 21),
(156, 'first_class', 39, 52, 2029, 13, 900, 23.07, 44.35, 136, 1, 3, 123, 12),
(156, 'list_a', 45, 33, 483, 10, 400, 17.39, 82.81, 42, 0, 0, 31, 12),
(156, 't20', 53, 31, 175, 16, 226, 15.06, 129.14, 26, 0, 0, 16, 9),
(157, 'first_class', 98, 115, 1798, 45, 793, 11.32, 44.1, 43, 0, 0, 113, 4),
(157, 'list_a', 108, 40, 265, 24, 161, 10.06, 60.75, 30, 0, 0, 11, 2),
(157, 'odi', 56, 19, 82, 16, 54, 18, 65.85, 11, 0, 0, 6, 0),
(157, 't20', 72, 15, 59, 11, 54, 13.5, 91.52, 13, 0, 0, 5, 1),
(157, 't20i', 27, 6, 13, 4, 21, 10.5, 161.53, 13, 0, 0, 2, 1),
(157, 'test', 57, 70, 990, 33, 445, 12.02, 44.94, 39, 0, 0, 62, 2),
(158, 'first_class', 35, 58, 4427, 4, 2065, 38.24, 46.64, 133, 4, 13, 268, 21),
(158, 'list_a', 39, 38, 1805, 3, 1481, 42.31, 82.04, 101, 1, 14, 117, 37),
(158, 't20', 59, 58, 1108, 11, 1367, 29.08, 123.37, 78, 0, 8, 107, 52),
(159, 'first_class', 41, 69, 2889, 8, 2486, 40.75, 86.05, 120, 3, 18, 303, 43),
(159, 'list_a', 72, 66, 1379, 11, 1478, 26.87, 107.17, 87, 0, 10, 132, 46),
(159, 'odi', 29, 27, 545, 4, 546, 23.73, 100.18, 80, 0, 3, 40, 19),
(159, 't20', 94, 73, 773, 13, 1042, 17.36, 134.79, 74, 0, 3, 105, 26),
(159, 't20i', 35, 29, 286, 6, 345, 15, 120.62, 71, 0, 1, 35, 2),
(159, 'test', 4, 7, 227, 0, 196, 28, 86.34, 59, 0, 1, 29, 1),
(160, 'first_class', 51, 66, 710, 14, 387, 7.44, 54.5, 46, 0, 0, 48, 12),
(160, 'list_a', 49, 30, 184, 12, 145, 8.05, 78.8, 36, 0, 0, 15, 3),
(160, 'odi', 4, 2, 11, 0, 7, 3.5, 63.63, 4, 0, 0, 1, 0),
(160, 't20', 96, 26, 128, 13, 110, 8.46, 85.93, 14, 0, 0, 12, 2),
(160, 't20i', 5, 0, 0, 0, 0, 0, 0, 0, 0, 0, 0, 0),
(160, 'test', 12, 17, 103, 7, 62, 6.2, 60.19, 16, 0, 0, 7, 2),
(161, 'first_class', 39, 67, 5253, 3, 2588, 40.43, 49.26, 196, 7, 14, 362, 7),
(161, 'list_a', 43, 42, 1481, 1, 1397, 34.07, 94.32, 158, 3, 5, 162, 26),
(161, 't20', 33, 32, 637, 3, 877, 30.24, 137.67, 96, 0, 7, 73, 35),
(162, 'first_class', 22, 33, 1762, 2, 954, 30.77, 54.14, 134, 2, 3, 101, 18),
(162, 'list_a', 20, 16, 667, 3, 573, 44.07, 85.9, 95, 0, 5, 45, 22),
(162, 't20', 35, 30, 532, 5, 630, 25.2, 118.42, 88, 0, 3, 46, 36),
(163, 'first_class', 17, 24, 793, 3, 486, 23.14, 61.28, 93, 0, 3, 57, 18),
(163, 'list_a', 20, 16, 439, 3, 388, 29.84, 88.38, 69, 0, 2, 32, 15),
(163, 't20', 89, 77, 1079, 17, 1409, 23.48, 130.58, 70, 0, 6, 93, 87),
(163, 't20i', 6, 4, 36, 0, 43, 10.75, 119.44, 26, 0, 0, 1, 3),
(164, 'first_class', 16, 28, 1042, 2, 526, 20.23, 50.47, 66, 0, 3, 78, 3),
(164, 'list_a', 27, 27, 679, 0, 745, 27.59, 109.72, 128, 1, 3, 80, 30),
(164, 't20', 43, 43, 765, 3, 1372, 34.3, 179.34, 92, 0, 14, 147, 67),
(164, 't20i', 6, 6, 82, 0, 156, 26, 190.24, 71, 0, 1, 19, 8),
(165, 't20', 7, 4, 32, 0, 45, 11.25, 140.62, 38, 0, 0, 5, 2),
(166, 'first_class', 16, 25, 1409, 3, 779, 35.4, 55.28, 82, 0, 6, 85, 6),
(166, 'list_a', 26, 21, 716, 7, 662, 47.28, 92.45, 107, 2, 2, 45, 21),
(166, 't20', 50, 31, 405, 7, 488, 20.33, 120.49, 60, 0, 1, 33, 18),
(167, 'first_class', 19, 30, 2072, 3, 1158, 42.88, 55.88, 135, 1, 8, 158, 12),
(167, 'list_a', 34, 33, 889, 0, 787, 23.84, 88.52, 59, 0, 5, 74, 20),
(167, 't20', 27, 25, 358, 6, 510, 26.84, 142.45, 60, 0, 1, 44, 22),
(168, 'first_class', 11, 14, 227, 1, 111, 8.53, 48.89, 44, 0, 0, 9, 5),
(168, 'list_a', 16, 8, 68, 1, 74, 10.57, 108.82, 25, 0, 0, 4, 5),
(168, 't20', 27, 8, 36, 3, 42, 8.4, 116.66, 13, 0, 0, 2, 2),
(170, 'first_class', 104, 180, 9550, 15, 5349, 32.41, 56.01, 211, 11, 22, 746, 73),
(170, 'list_a', 122, 115, 3817, 22, 3480, 37.41, 91.17, 124, 4, 23, 295, 89),
(170, 'odi', 63, 59, 1847, 9, 1672, 33.44, 90.52, 102, 1, 12, 139, 41),
(170, 't20', 139, 130, 2541, 33, 3268, 33.69, 128.61, 100, 1, 20, 227, 140),
(170, 't20i', 36, 35, 708, 7, 885, 31.6, 125, 77, 0, 6, 70, 35),
(170, 'test', 32, 55, 2486, 5, 1260, 25.2, 50.68, 181, 2, 3, 160, 17),
(171, 'first_class', 35, 47, 383, 23, 142, 5.91, 37.07, 30, 0, 0, 13, 8),
(171, 'list_a', 85, 37, 169, 22, 89, 5.93, 52.66, 18, 0, 0, 9, 0),
(171, 'odi', 74, 33, 150, 21, 82, 6.83, 54.66, 18, 0, 0, 9, 0),
(171, 't20', 189, 59, 205, 34, 151, 6.04, 73.65, 21, 0, 0, 8, 9),
(171, 't20i', 63, 22, 85, 7, 59, 3.93, 69.41, 15, 0, 0, 3, 3),
(171, 'test', 14, 20, 149, 7, 59, 4.53, 39.59, 16, 0, 0, 3, 4),
(172, 'first_class', 81, 131, 10428, 17, 5674, 49.77, 54.41, 235, 14, 30, 663, 43),
(172, 'list_a', 114, 105, 4458, 9, 3340, 34.79, 74.92, 119, 3, 24, 269, 49),
(172, 't20', 184, 162, 2818, 34, 3612, 28.21, 128.17, 99, 0, 18, 371, 94),
(172, 't20i', 3, 3, 73, 1, 87, 43.5, 119.17, 52, 0, 1, 11, 1),
(173, 'first_class', 69, 96, 2280, 7, 1503, 16.88, 65.92, 87, 0, 9, 193, 31),
(173, 'list_a', 78, 46, 541, 14, 614, 19.18, 113.49, 92, 0, 2, 52, 26),
(173, 'odi', 19, 11, 170, 5, 205, 34.16, 120.58, 50, 0, 1, 18, 8),
(173, 't20', 133, 41, 219, 16, 271, 10.84, 123.74, 29, 0, 0, 17, 12),
(173, 't20i', 25, 6, 38, 3, 69, 23, 181.57, 22, 0, 0, 5, 4),
(173, 'test', 7, 12, 329, 1, 249, 22.63, 75.68, 67, 0, 3, 32, 9),
(174, 'first_class', 60, 81, 1909, 20, 834, 13.67, 43.68, 79, 0, 4, 97, 12),
(174, 'list_a', 45, 18, 191, 4, 115, 8.21, 60.2, 17, 0, 0, 9, 0),
(174, 'odi', 12, 3, 27, 1, 19, 9.5, 70.37, 10, 0, 0, 1, 0),
(174, 't20', 66, 17, 72, 8, 71, 7.88, 98.61, 25, 0, 0, 4, 2),
(174, 't20i', 16, 5, 20, 2, 8, 2.66, 40, 4, 0, 0, 0, 0),
(174, 'test', 12, 21, 481, 4, 115, 6.76, 23.9, 40, 0, 0, 15, 0),
(175, 'first_class', 79, 125, 7218, 8, 4289, 36.65, 59.42, 308, 9, 23, 535, 78),
(175, 'list_a', 56, 55, 2279, 3, 1721, 33.09, 75.51, 161, 5, 5, 178, 32),
(175, 't20', 61, 56, 965, 5, 1050, 20.58, 108.8, 78, 0, 5, 87, 39),
(176, 'first_class', 26, 34, 282, 15, 105, 5.52, 37.23, 15, 0, 0, 14, 1),
(176, 'list_a', 61, 23, 151, 15, 108, 13.5, 71.52, 19, 0, 0, 9, 4),
(176, 'odi', 35, 12, 90, 8, 62, 15.5, 68.88, 19, 0, 0, 4, 4),
(176, 't20', 85, 9, 26, 4, 14, 2.8, 53.84, 4, 0, 0, 0, 0),
(176, 't20i', 23, 5, 17, 1, 7, 1.75, 41.17, 4, 0, 0, 0, 0),
(176, 'test', 13, 20, 143, 8, 52, 4.33, 36.36, 14, 0, 0, 9, 0),
(177, 'first_class', 46, 66, 3044, 10, 1862, 33.25, 61.16, 110, 1, 14, 230, 25),
(177, 'list_a', 133, 92, 2098, 25, 2036, 30.38, 97.04, 98, 0, 9, 163, 48),
(177, 'odi', 38, 20, 190, 6, 181, 12.92, 95.26, 38, 0, 0, 8, 8),
(177, 't20', 175, 129, 1415, 43, 1848, 21.48, 130.6, 70, 0, 2, 126, 78),
(177, 't20i', 15, 10, 62, 6, 78, 19.5, 125.8, 20, 0, 0, 4, 3),
(177, 'test', 6, 10, 378, 2, 197, 24.62, 52.11, 52, 0, 1, 18, 8),
(178, 'first_class', 33, 43, 2061, 4, 866, 22.2, 42.01, 117, 1, 6, 108, 6),
(178, 'list_a', 76, 29, 280, 14, 172, 11.46, 61.42, 25, 0, 0, 13, 0),
(178, 'odi', 66, 22, 196, 12, 123, 12.3, 62.75, 19, 0, 0, 10, 0),
(178, 't20', 110, 26, 190, 16, 172, 17.2, 90.52, 23, 0, 0, 14, 1),
(178, 't20i', 24, 3, 48, 2, 43, 43, 89.58, 23, 0, 0, 2, 0),
(178, 'test', 7, 8, 185, 0, 54, 6.75, 29.18, 26, 0, 0, 6, 0),
(179, 'first_class', 54, 92, 6055, 6, 2976, 34.6, 49.14, 167, 6, 14, 331, 29),
(179, 'list_a', 43, 42, 1066, 3, 917, 23.51, 86.02, 104, 1, 6, 75, 19),
(179, 'odi', 3, 2, 27, 0, 33, 16.5, 122.22, 22, 0, 0, 2, 1),
(179, 't20', 145, 130, 2183, 18, 2783, 24.84, 127.48, 107, 1, 13, 249, 120),
(179, 't20i', 40, 37, 580, 5, 753, 23.53, 129.82, 84, 0, 5, 63, 37),
(180, 'first_class', 22, 32, 2925, 5, 2099, 77.74, 71.76, 301, 6, 6, 246, 43),
(180, 'list_a', 21, 16, 369, 6, 325, 32.5, 88.07, 100, 1, 0, 40, 3),
(180, 't20', 72, 54, 625, 17, 830, 22.43, 132.8, 67, 0, 3, 81, 24),
(181, 'first_class', 1, 1, 106, 1, 46, 0, 43.39, 46, 0, 0, 5, 1),
(181, 'list_a', 13, 6, 106, 1, 87, 17.4, 82.07, 37, 0, 0, 8, 1),
(181, 'odi', 1, 1, 2, 0, 0, 0, 0, 0, 0, 0, 0, 0);
INSERT INTO `player_statistics_batting` (`playerId`, `type`, `matches`, `innings`, `ballFaced`, `notOuts`, `runs`, `average`, `strikeRate`, `highestScore`, `hundreds`, `fifties`, `fours`, `sixes`) VALUES
(181, 't20', 22, 16, 123, 7, 126, 14, 102.43, 33, 0, 0, 10, 3),
(182, 'first_class', 125, 225, 14282, 10, 10232, 47.59, 71.64, 335, 32, 43, 1240, 81),
(182, 'list_a', 177, 175, 7626, 8, 7409, 44.36, 97.15, 197, 24, 29, 768, 143),
(182, 'odi', 128, 126, 5710, 6, 5455, 45.45, 95.53, 179, 18, 23, 571, 85),
(182, 't20', 319, 318, 7482, 40, 10569, 38.01, 141.25, 135, 8, 88, 1038, 398),
(182, 't20i', 88, 88, 1818, 10, 2554, 32.74, 140.48, 100, 1, 21, 250, 99),
(182, 'test', 94, 172, 10879, 7, 7753, 46.98, 71.26, 335, 24, 34, 915, 61),
(183, 'first_class', 6, 8, 90, 5, 41, 13.66, 45.55, 18, 0, 0, 6, 1),
(183, 'list_a', 50, 14, 71, 5, 40, 4.44, 56.33, 15, 0, 0, 2, 1),
(183, 'odi', 11, 3, 17, 1, 9, 4.5, 52.94, 5, 0, 0, 1, 0),
(183, 't20', 75, 11, 28, 5, 10, 1.66, 35.71, 3, 0, 0, 0, 0),
(183, 't20i', 14, 1, 1, 1, 1, 0, 100, 1, 0, 0, 0, 0),
(184, 'first_class', 54, 87, 4640, 7, 3772, 47.15, 81.29, 308, 9, 17, 399, 125),
(184, 'list_a', 61, 56, 1547, 4, 1633, 31.4, 105.55, 135, 1, 11, 163, 56),
(184, 'odi', 24, 22, 654, 0, 715, 32.5, 109.32, 85, 0, 5, 70, 24),
(184, 't20', 150, 143, 2671, 25, 3900, 33.05, 146.01, 128, 2, 22, 348, 180),
(184, 't20i', 43, 37, 543, 9, 683, 24.39, 125.78, 65, 0, 3, 51, 29),
(184, 'test', 30, 51, 2725, 4, 1920, 40.85, 70.45, 159, 4, 9, 205, 44),
(185, 'first_class', 13, 25, 714, 1, 383, 15.95, 53.64, 71, 0, 1, 36, 11),
(185, 'list_a', 90, 86, 2455, 9, 2463, 31.98, 100.32, 106, 3, 15, 143, 142),
(185, 'odi', 37, 34, 952, 3, 786, 25.35, 82.56, 101, 1, 2, 47, 35),
(185, 't20', 118, 105, 1454, 20, 1966, 23.12, 135.21, 107, 1, 7, 110, 133),
(185, 't20i', 39, 31, 446, 6, 619, 24.76, 138.78, 107, 1, 3, 41, 37),
(186, 'first_class', 1, 2, 76, 0, 13, 6.5, 17.1, 12, 0, 0, 1, 0),
(186, 'list_a', 15, 10, 191, 2, 150, 18.75, 78.53, 56, 0, 1, 12, 2),
(186, 't20', 18, 9, 87, 4, 66, 13.2, 75.86, 39, 0, 0, 5, 0),
(187, 'first_class', 31, 55, 3088, 2, 2521, 47.56, 81.63, 202, 9, 11, 354, 25),
(187, 'list_a', 44, 44, 1853, 3, 2316, 56.48, 124.98, 227, 8, 8, 317, 57),
(187, 'odi', 6, 6, 166, 0, 189, 31.5, 113.85, 49, 0, 0, 32, 2),
(187, 't20', 80, 80, 1370, 0, 2040, 25.5, 148.9, 99, 0, 17, 231, 86),
(187, 't20i', 1, 1, 1, 0, 0, 0, 0, 0, 0, 0, 0, 0),
(187, 'test', 5, 9, 394, 1, 339, 42.37, 86.04, 134, 1, 2, 48, 2),
(188, 'first_class', 22, 32, 1373, 7, 680, 27.2, 49.52, 77, 0, 3, 75, 12),
(188, 'list_a', 36, 36, 1341, 2, 1023, 30.08, 76.28, 101, 2, 4, 114, 22),
(188, 't20', 41, 39, 893, 7, 1117, 34.9, 125.08, 103, 1, 7, 112, 37),
(189, 'first_class', 18, 24, 614, 15, 181, 20.11, 29.47, 45, 0, 0, 20, 2),
(189, 'list_a', 15, 5, 23, 5, 27, 0, 117.39, 25, 0, 0, 3, 1),
(189, 'odi', 1, 1, 1, 1, 0, 0, 0, 0, 0, 0, 0, 0),
(189, 't20', 39, 8, 36, 2, 21, 3.5, 58.33, 7, 0, 0, 2, 0),
(189, 't20i', 2, 1, 9, 1, 5, 0, 55.55, 5, 0, 0, 0, 0),
(190, 'list_a', 14, 13, 191, 0, 185, 14.23, 96.85, 35, 0, 0, 10, 13),
(190, 't20', 19, 16, 193, 6, 299, 29.9, 154.92, 41, 0, 0, 21, 19),
(191, 'first_class', 3, 6, 700, 2, 479, 119.75, 68.42, 200, 3, 0, 66, 1),
(192, 'first_class', 15, 20, 1588, 2, 841, 46.72, 52.95, 177, 1, 7, 104, 16),
(192, 'list_a', 30, 24, 762, 8, 669, 41.81, 87.79, 75, 0, 5, 70, 10),
(192, 't20', 55, 43, 601, 19, 832, 34.66, 138.43, 52, 0, 1, 81, 33),
(193, 'first_class', 2, 2, 64, 0, 7, 3.5, 10.93, 5, 0, 0, 1, 0),
(194, 'first_class', 58, 79, 2437, 14, 1275, 19.61, 52.31, 100, 1, 4, 145, 28),
(194, 'list_a', 56, 33, 570, 11, 526, 23.9, 92.28, 69, 0, 2, 40, 15),
(194, 't20', 97, 43, 236, 22, 260, 12.38, 110.16, 29, 0, 0, 26, 7),
(195, 'first_class', 122, 186, 13347, 33, 6423, 41.98, 48.12, 203, 13, 38, 786, 54),
(195, 'list_a', 102, 90, 0, 25, 2762, 42.49, 0, 116, 2, 19, 240, 43),
(195, 'odi', 9, 5, 56, 2, 41, 13.66, 73.21, 16, 0, 0, 5, 0),
(195, 't20', 212, 184, 2884, 33, 3754, 24.86, 130.16, 129, 2, 19, 345, 125),
(195, 'test', 40, 56, 2973, 10, 1353, 29.41, 45.5, 117, 3, 6, 129, 14),
(196, 'first_class', 63, 99, 5781, 7, 3342, 36.32, 57.81, 177, 6, 19, 459, 42),
(196, 'list_a', 245, 212, 6533, 53, 6509, 40.93, 99.63, 139, 9, 39, 495, 181),
(196, 'odi', 143, 122, 3467, 36, 3503, 40.73, 101.03, 139, 5, 17, 260, 96),
(196, 't20', 369, 336, 5849, 109, 8105, 35.7, 138.57, 120, 3, 39, 579, 356),
(196, 't20i', 95, 83, 1270, 27, 1786, 31.89, 140.63, 101, 1, 4, 119, 79),
(197, 'first_class', 63, 95, 1928, 19, 799, 10.51, 41.44, 72, 0, 1, 103, 12),
(197, 'list_a', 73, 38, 381, 12, 299, 11.5, 78.47, 34, 0, 0, 26, 9),
(197, 'odi', 9, 3, 15, 2, 8, 8, 53.33, 6, 0, 0, 1, 0),
(197, 't20', 89, 31, 177, 17, 124, 8.85, 70.05, 17, 0, 0, 11, 3),
(197, 'test', 9, 14, 110, 5, 35, 3.88, 31.81, 9, 0, 0, 4, 0),
(198, 'first_class', 7, 13, 360, 2, 190, 17.27, 52.77, 35, 0, 0, 21, 1),
(198, 'list_a', 23, 21, 477, 6, 568, 37.86, 119.07, 91, 0, 4, 50, 24),
(198, 't20', 95, 74, 907, 27, 1306, 27.78, 143.99, 59, 0, 2, 116, 60),
(199, 'first_class', 48, 63, 4433, 9, 2286, 42.33, 51.56, 111, 5, 16, 269, 24),
(199, 'list_a', 92, 80, 2557, 16, 2316, 36.18, 90.57, 129, 2, 12, 181, 45),
(199, 'odi', 12, 8, 246, 1, 223, 31.85, 90.65, 46, 0, 0, 20, 4),
(199, 't20', 115, 91, 1391, 22, 1733, 25.11, 124.58, 69, 0, 6, 118, 64),
(199, 't20i', 9, 4, 73, 0, 101, 25.25, 138.35, 43, 0, 0, 11, 5),
(200, 'first_class', 83, 115, 1404, 34, 955, 11.79, 68.01, 56, 0, 2, 100, 31),
(200, 'list_a', 110, 61, 368, 21, 341, 8.52, 92.66, 26, 0, 0, 28, 16),
(200, 'odi', 79, 38, 194, 17, 161, 7.66, 82.98, 25, 0, 0, 12, 7),
(200, 't20', 125, 31, 87, 17, 81, 5.78, 93.1, 21, 0, 0, 6, 2),
(200, 't20i', 17, 2, 0, 2, 0, 0, 0, 0, 0, 0, 0, 0),
(200, 'test', 59, 82, 883, 25, 656, 11.5, 74.29, 56, 0, 2, 71, 22),
(201, 'first_class', 45, 60, 1092, 23, 505, 13.64, 46.24, 41, 0, 0, 67, 9),
(201, 'list_a', 75, 41, 289, 15, 181, 6.96, 62.62, 24, 0, 0, 10, 6),
(201, 'odi', 37, 16, 132, 7, 63, 7, 47.72, 19, 0, 0, 3, 1),
(201, 't20', 99, 30, 163, 16, 202, 14.42, 123.92, 30, 0, 0, 12, 11),
(201, 't20i', 15, 2, 11, 0, 15, 7.5, 136.36, 14, 0, 0, 0, 2),
(201, 'test', 1, 2, 9, 2, 1, 0, 11.11, 1, 0, 0, 0, 0),
(202, 'first_class', 58, 86, 4199, 6, 3449, 43.11, 82.13, 201, 7, 20, 468, 40),
(202, 'list_a', 96, 86, 3782, 15, 3375, 47.53, 89.23, 139, 5, 25, 340, 59),
(202, 'odi', 3, 3, 13, 1, 13, 6.5, 100, 8, 0, 0, 2, 0),
(202, 't20', 118, 100, 1600, 23, 1985, 25.77, 124.06, 93, 0, 7, 188, 70),
(203, 'first_class', 29, 46, 2382, 1, 1351, 30.02, 56.71, 108, 1, 10, 167, 24),
(203, 'list_a', 84, 64, 1492, 12, 1620, 31.15, 108.57, 92, 0, 9, 113, 63),
(203, 'odi', 63, 46, 1100, 7, 1286, 32.97, 116.9, 92, 0, 7, 93, 54),
(203, 't20', 182, 154, 2195, 47, 3102, 28.99, 141.32, 91, 0, 11, 216, 173),
(203, 't20i', 54, 36, 378, 9, 553, 20.48, 146.29, 42, 0, 0, 34, 32),
(203, 'test', 11, 18, 720, 1, 532, 31.29, 73.88, 108, 1, 4, 68, 12),
(204, 'first_class', 53, 79, 1777, 12, 1073, 16.01, 60.38, 89, 0, 5, 113, 41),
(204, 'list_a', 57, 33, 509, 13, 355, 17.75, 69.74, 51, 0, 1, 21, 19),
(204, 'odi', 43, 25, 387, 10, 249, 16.6, 64.34, 29, 0, 0, 19, 10),
(204, 't20', 41, 23, 118, 14, 122, 13.55, 103.39, 21, 0, 0, 7, 5),
(204, 'test', 20, 31, 805, 0, 443, 14.29, 55.03, 86, 0, 2, 46, 17),
(205, 'first_class', 157, 251, 17065, 41, 8603, 40.96, 50.41, 152, 17, 53, 993, 97),
(205, 'list_a', 181, 161, 5313, 17, 4761, 33.06, 89.61, 155, 9, 21, 400, 113),
(205, 'odi', 97, 83, 2288, 12, 1867, 26.29, 81.59, 100, 1, 11, 129, 34),
(205, 't20', 179, 155, 2553, 24, 3470, 26.48, 135.91, 130, 1, 21, 283, 121),
(205, 't20i', 60, 45, 610, 9, 789, 21.91, 129.34, 80, 0, 3, 57, 32),
(205, 'test', 36, 63, 3203, 9, 1613, 29.87, 50.35, 117, 4, 5, 175, 12),
(206, 'first_class', 64, 99, 4954, 13, 2194, 25.51, 44.28, 211, 3, 9, 241, 5),
(206, 'list_a', 62, 49, 1173, 8, 915, 22.31, 78, 71, 0, 5, 83, 11),
(206, 'odi', 2, 2, 7, 1, 3, 3, 42.85, 2, 0, 0, 0, 0),
(206, 't20', 73, 38, 268, 16, 313, 14.22, 116.79, 31, 0, 0, 17, 12),
(206, 'test', 6, 9, 575, 1, 248, 31, 43.13, 104, 1, 1, 30, 1),
(207, 'first_class', 9, 11, 300, 1, 231, 23.1, 77, 52, 0, 2, 29, 4),
(207, 'list_a', 82, 64, 1048, 10, 1090, 20.18, 104, 60, 0, 5, 96, 38),
(207, 'odi', 80, 63, 1034, 10, 1069, 20.16, 103.38, 60, 0, 5, 91, 38),
(207, 't20', 310, 176, 981, 59, 1447, 12.36, 147.5, 56, 0, 1, 104, 95),
(207, 't20i', 58, 29, 154, 13, 183, 11.43, 118.83, 33, 0, 0, 11, 11),
(207, 'test', 5, 7, 133, 0, 106, 15.14, 79.69, 51, 0, 1, 11, 4),
(208, 'first_class', 20, 28, 1122, 5, 391, 17, 34.84, 81, 0, 1, 41, 7),
(208, 'list_a', 33, 19, 306, 6, 204, 15.69, 66.66, 61, 0, 1, 15, 6),
(208, 't20', 38, 6, 17, 2, 19, 4.75, 111.76, 7, 0, 0, 1, 1),
(209, 'first_class', 33, 57, 4051, 7, 2828, 56.56, 69.8, 268, 7, 15, 344, 38),
(209, 'list_a', 59, 58, 2652, 6, 2336, 44.92, 88.08, 143, 6, 11, 238, 42),
(209, 'odi', 3, 3, 71, 0, 49, 16.33, 69.01, 33, 0, 0, 5, 1),
(209, 't20', 81, 78, 1632, 12, 2063, 31.25, 126.4, 96, 0, 14, 201, 55),
(209, 'test', 10, 19, 983, 2, 558, 32.82, 56.76, 91, 0, 4, 70, 8),
(210, 'first_class', 12, 19, 1300, 0, 941, 49.52, 72.38, 153, 1, 7, 109, 32),
(210, 'list_a', 38, 34, 1261, 5, 1232, 42.48, 97.7, 128, 5, 3, 109, 52),
(210, 'odi', 9, 9, 466, 1, 428, 53.5, 91.84, 127, 3, 0, 33, 19),
(210, 't20', 69, 68, 1067, 1, 1620, 24.17, 151.82, 99, 0, 10, 127, 113),
(210, 't20i', 20, 20, 388, 0, 534, 26.7, 137.62, 87, 0, 3, 39, 35),
(211, 'first_class', 1, 1, 79, 0, 33, 33, 41.77, 33, 0, 0, 5, 1),
(211, 'list_a', 25, 21, 370, 6, 261, 17.4, 70.54, 38, 0, 0, 21, 7),
(211, 't20', 24, 12, 106, 2, 162, 16.2, 152.83, 48, 0, 0, 13, 10),
(211, 't20i', 5, 3, 10, 0, 9, 3, 90, 5, 0, 0, 2, 0),
(212, 'list_a', 3, 3, 90, 0, 54, 18, 60, 24, 0, 0, 8, 0),
(212, 't20', 9, 9, 191, 2, 223, 31.85, 116.75, 46, 0, 0, 25, 1),
(213, 'first_class', 14, 15, 231, 6, 157, 17.44, 67.96, 41, 0, 0, 26, 3),
(213, 'list_a', 14, 5, 24, 3, 18, 9, 75, 6, 0, 0, 2, 0),
(213, 't20', 19, 6, 14, 4, 10, 5, 71.42, 4, 0, 0, 1, 0),
(214, 'first_class', 3, 5, 92, 1, 74, 18.5, 80.43, 66, 0, 1, 9, 3),
(214, 'list_a', 17, 11, 177, 2, 197, 21.88, 111.29, 53, 0, 1, 10, 12),
(214, 't20', 24, 12, 85, 2, 73, 7.3, 85.88, 21, 0, 0, 3, 4),
(215, 'first_class', 1, 1, 3, 0, 0, 0, 0, 0, 0, 0, 0, 0),
(215, 'list_a', 8, 1, 16, 0, 2, 2, 12.5, 2, 0, 0, 0, 0),
(215, 't20', 37, 12, 38, 8, 37, 9.25, 97.36, 13, 0, 0, 3, 1),
(216, 'list_a', 2, 1, 32, 0, 34, 34, 106.25, 34, 0, 0, 2, 2),
(216, 't20', 12, 11, 183, 2, 270, 30, 147.54, 70, 0, 1, 25, 14),
(217, 'first_class', 94, 147, 10094, 20, 6714, 52.86, 66.51, 238, 21, 29, 771, 115),
(217, 'list_a', 173, 163, 6143, 36, 5764, 45.38, 93.83, 142, 10, 36, 447, 140),
(217, 'odi', 29, 24, 625, 7, 566, 33.29, 90.56, 104, 1, 2, 45, 5),
(217, 't20', 280, 257, 5178, 56, 6403, 31.85, 123.65, 129, 3, 36, 532, 195),
(217, 't20i', 39, 33, 562, 17, 709, 44.31, 126.15, 79, 0, 3, 49, 19),
(218, 'first_class', 122, 165, 4787, 7, 2411, 15.25, 50.36, 177, 2, 7, 304, 17),
(218, 'list_a', 119, 83, 1209, 20, 943, 14.96, 77.99, 53, 0, 1, 89, 5),
(218, 't20', 140, 51, 309, 16, 274, 7.82, 88.67, 36, 0, 0, 18, 7),
(218, 'test', 2, 3, 30, 1, 1, 0.5, 3.33, 1, 0, 0, 0, 0),
(219, 'first_class', 61, 105, 6178, 7, 3255, 33.21, 52.68, 170, 4, 24, 413, 34),
(219, 'list_a', 98, 91, 2927, 11, 2572, 32.15, 87.87, 146, 4, 14, 214, 91),
(219, 'odi', 48, 45, 1293, 7, 1200, 31.57, 92.8, 146, 1, 6, 103, 40),
(219, 't20', 188, 169, 2924, 45, 3938, 31.75, 134.67, 147, 1, 20, 341, 143),
(219, 't20i', 41, 33, 405, 13, 565, 28.25, 139.5, 78, 0, 1, 55, 19),
(220, 'first_class', 43, 74, 3166, 6, 2082, 30.61, 65.76, 210, 3, 14, 247, 42),
(220, 'list_a', 59, 53, 0, 11, 1131, 26.92, 0, 113, 1, 4, 0, 0),
(220, 'odi', 3, 3, 88, 0, 51, 17, 57.95, 40, 0, 0, 6, 1),
(220, 't20', 76, 69, 854, 14, 992, 18.03, 116.15, 85, 0, 2, 63, 54),
(220, 't20i', 7, 7, 99, 1, 142, 23.66, 143.43, 40, 0, 0, 15, 8),
(220, 'test', 11, 21, 1065, 2, 664, 34.94, 62.34, 210, 1, 2, 83, 11),
(221, 'first_class', 84, 142, 7240, 10, 5463, 41.38, 75.45, 194, 12, 36, 684, 71),
(221, 'list_a', 170, 168, 7298, 7, 7044, 43.75, 96.51, 178, 21, 34, 783, 121),
(221, 'odi', 129, 129, 5895, 6, 5658, 46, 95.97, 178, 17, 28, 646, 88),
(221, 't20', 245, 239, 5371, 18, 7347, 33.24, 136.79, 126, 4, 45, 772, 272),
(221, 't20i', 61, 61, 1353, 7, 1827, 33.83, 135.03, 79, 0, 11, 189, 65),
(221, 'test', 54, 91, 4652, 6, 3300, 38.82, 70.93, 141, 6, 22, 411, 33),
(222, 'first_class', 88, 143, 0, 16, 3310, 26.06, 0, 202, 3, 13, 0, 0),
(222, 'list_a', 185, 150, 0, 28, 2980, 24.42, 0, 99, 0, 16, 0, 0),
(222, 'odi', 127, 103, 2214, 21, 2019, 24.62, 91.19, 99, 0, 11, 146, 64),
(222, 't20', 170, 126, 1145, 32, 1456, 15.48, 127.16, 69, 0, 2, 96, 86),
(222, 't20i', 37, 24, 218, 8, 264, 16.5, 121.1, 36, 0, 0, 14, 16),
(222, 'test', 56, 100, 4546, 16, 2571, 30.6, 56.55, 202, 3, 11, 308, 43),
(223, 'first_class', 86, 146, 11779, 5, 6444, 45.7, 54.7, 337, 17, 31, 810, 50),
(223, 'list_a', 94, 93, 4538, 11, 3644, 44.43, 80.29, 131, 9, 23, 293, 69),
(223, 'odi', 42, 41, 1844, 6, 1634, 46.68, 88.61, 112, 5, 10, 124, 38),
(223, 't20', 180, 167, 4411, 29, 6110, 44.27, 138.51, 132, 6, 50, 531, 247),
(223, 't20i', 56, 52, 1285, 7, 1831, 40.68, 142.49, 110, 2, 16, 164, 73),
(223, 'test', 43, 74, 4833, 2, 2547, 35.37, 52.7, 199, 7, 13, 310, 17),
(224, 'first_class', 47, 60, 1394, 3, 1112, 19.5, 79.77, 149, 1, 5, 102, 45),
(224, 'list_a', 49, 34, 398, 7, 560, 20.74, 140.7, 57, 0, 1, 42, 36),
(224, 'odi', 1, 1, 3, 0, 2, 2, 66.66, 2, 0, 0, 0, 0),
(224, 't20', 69, 54, 391, 12, 610, 14.52, 156.01, 60, 0, 2, 53, 32),
(225, 'first_class', 22, 42, 0, 2, 1229, 30.72, 0, 104, 1, 8, 0, 0),
(225, 'list_a', 100, 95, 0, 6, 3243, 36.43, 0, 176, 7, 19, 334, 106),
(225, 'odi', 57, 54, 2226, 4, 1847, 36.94, 82.97, 176, 4, 10, 185, 52),
(225, 't20', 196, 192, 3847, 13, 5589, 31.22, 145.28, 125, 5, 39, 453, 385),
(225, 't20i', 50, 49, 915, 3, 1423, 30.93, 155.51, 125, 2, 10, 106, 110),
(226, 'first_class', 9, 10, 112, 0, 52, 5.2, 46.42, 10, 0, 0, 4, 2),
(226, 'list_a', 52, 32, 291, 12, 325, 16.25, 111.68, 44, 0, 0, 24, 15),
(226, 'odi', 7, 7, 48, 3, 57, 14.25, 118.75, 19, 0, 0, 5, 2),
(226, 't20', 185, 74, 432, 28, 522, 11.34, 120.83, 44, 0, 0, 34, 27),
(226, 't20i', 32, 15, 76, 7, 83, 10.37, 109.21, 20, 0, 0, 5, 4),
(227, 'first_class', 9, 17, 746, 0, 486, 28.58, 65.14, 160, 2, 2, 68, 3),
(227, 'list_a', 77, 73, 2639, 12, 2267, 37.16, 85.9, 133, 2, 12, 228, 45),
(227, 'odi', 5, 4, 128, 2, 130, 65, 101.56, 58, 0, 1, 11, 2),
(227, 't20', 148, 118, 1378, 35, 1865, 22.46, 135.34, 86, 0, 4, 162, 73),
(227, 't20i', 19, 10, 95, 5, 124, 24.8, 130.52, 26, 0, 0, 8, 6),
(228, 'first_class', 46, 73, 4639, 5, 2908, 42.76, 62.68, 293, 9, 15, 337, 50),
(228, 'list_a', 78, 71, 2498, 10, 2338, 38.32, 93.59, 161, 4, 12, 187, 61),
(228, 'odi', 2, 2, 57, 1, 55, 55, 96.49, 29, 0, 0, 4, 0),
(228, 't20', 152, 125, 1731, 25, 2386, 23.86, 137.83, 108, 1, 15, 157, 111),
(228, 't20i', 3, 1, 16, 0, 21, 21, 131.25, 21, 0, 0, 1, 1),
(229, 'first_class', 40, 63, 3924, 0, 2386, 37.87, 60.8, 224, 7, 11, 332, 14),
(229, 'list_a', 57, 55, 2166, 2, 1854, 34.98, 85.59, 143, 5, 10, 194, 29),
(229, 't20', 109, 105, 2170, 8, 2813, 29, 129.63, 106, 1, 16, 276, 102),
(230, 'first_class', 42, 47, 648, 14, 236, 7.15, 36.41, 28, 0, 0, 33, 0),
(230, 'list_a', 81, 46, 441, 25, 291, 13.85, 65.98, 29, 0, 0, 20, 5),
(230, 'odi', 39, 28, 334, 10, 217, 12.05, 64.97, 29, 0, 0, 15, 3),
(230, 't20', 94, 40, 169, 19, 159, 7.57, 94.08, 24, 0, 0, 14, 4),
(230, 't20i', 47, 23, 89, 11, 85, 7.08, 95.5, 24, 0, 0, 8, 1),
(230, 'test', 12, 21, 342, 2, 104, 5.47, 30.4, 22, 0, 0, 13, 0),
(231, 'first_class', 66, 78, 724, 24, 236, 4.37, 32.59, 32, 0, 0, 30, 4),
(231, 'list_a', 41, 21, 139, 9, 90, 7.5, 64.74, 18, 0, 0, 10, 1),
(231, 't20', 87, 20, 88, 11, 66, 7.33, 75, 8, 0, 0, 5, 2),
(232, 'first_class', 27, 28, 556, 7, 292, 13.9, 52.51, 64, 0, 1, 24, 17),
(232, 'list_a', 22, 15, 83, 8, 64, 9.14, 77.1, 28, 0, 0, 4, 3),
(232, 't20', 57, 11, 32, 4, 34, 4.85, 106.25, 9, 0, 0, 3, 1),
(232, 't20i', 2, 0, 0, 0, 0, 0, 0, 0, 0, 0, 0, 0),
(233, 'first_class', 1, 1, 13, 0, 8, 8, 61.53, 8, 0, 0, 1, 0),
(233, 'list_a', 18, 11, 61, 3, 76, 9.5, 124.59, 34, 0, 0, 5, 5),
(233, 't20', 28, 12, 48, 3, 55, 6.11, 114.58, 19, 0, 0, 4, 2),
(234, 'list_a', 17, 12, 98, 4, 102, 12.75, 104.08, 20, 0, 0, 6, 7),
(234, 't20', 54, 13, 80, 5, 61, 7.62, 76.25, 22, 0, 0, 7, 1),
(234, 't20i', 4, 0, 0, 0, 0, 0, 0, 0, 0, 0, 0, 0),
(235, 't20', 13, 8, 107, 2, 142, 23.66, 132.71, 54, 0, 1, 11, 7),
(236, 'first_class', 3, 6, 368, 0, 204, 34, 55.43, 116, 1, 0, 18, 8),
(236, 'list_a', 15, 15, 539, 2, 369, 28.38, 68.46, 83, 0, 1, 35, 5),
(236, 't20', 10, 10, 221, 1, 301, 33.44, 136.19, 68, 0, 4, 29, 11),
(237, 'list_a', 2, 0, 0, 0, 0, 0, 0, 0, 0, 0, 0, 0),
(238, 'first_class', 30, 45, 1409, 14, 756, 24.38, 53.65, 97, 0, 4, 88, 3),
(238, 'list_a', 79, 43, 458, 17, 507, 19.5, 110.69, 50, 0, 1, 38, 13),
(238, 'odi', 40, 17, 165, 7, 168, 16.8, 101.81, 36, 0, 0, 11, 4),
(238, 't20', 129, 53, 243, 31, 295, 13.4, 121.39, 18, 0, 0, 21, 8),
(238, 't20i', 31, 10, 33, 9, 33, 33, 100, 10, 0, 0, 1, 1);

-- --------------------------------------------------------

--
-- Table structure for table `player_statistics_bowling`
--

CREATE TABLE `player_statistics_bowling` (
  `playerId` int NOT NULL,
  `type` varchar(30) NOT NULL,
  `matches` int DEFAULT NULL,
  `innings` int DEFAULT NULL,
  `overs` float DEFAULT NULL,
  `ballsBalled` int DEFAULT NULL,
  `maidens` int DEFAULT NULL,
  `runs` int DEFAULT NULL,
  `wickets` int DEFAULT NULL,
  `average` float DEFAULT NULL,
  `strikeRate` float DEFAULT NULL,
  `economy` float DEFAULT NULL,
  `bestBowling` int DEFAULT NULL,
  `fourWicketHauls` int DEFAULT NULL,
  `fiverWicketHauls` int DEFAULT NULL,
  `tenWicketHauls` int DEFAULT NULL,
  `catches` int DEFAULT NULL,
  `stumping` int DEFAULT NULL,
  `runOuts` int DEFAULT NULL
) ENGINE=InnoDB ;

--
-- Dumping data for table `player_statistics_bowling`
--

INSERT INTO `player_statistics_bowling` (`playerId`, `type`, `matches`, `innings`, `overs`, `ballsBalled`, `maidens`, `runs`, `wickets`, `average`, `strikeRate`, `economy`, `bestBowling`, `fourWicketHauls`, `fiverWicketHauls`, `tenWicketHauls`, `catches`, `stumping`, `runOuts`) VALUES
(1, 'first_class', 154, 142, 1104, 6624, 175, 3721, 86, 43.26, 77.02, 3.37, 5, 1, 1, 0, 136, 0, 3),
(1, 'list_a', 212, 99, 459.2, 2756, 7, 2383, 67, 35.56, 41.13, 5.18, 5, 1, 1, 0, 87, 0, 11),
(1, 'odi', 151, 65, 244.3, 1467, 2, 1310, 37, 35.4, 39.64, 5.35, 4, 1, 0, 0, 60, 0, 7),
(1, 't20', 227, 54, 128.2, 770, 1, 909, 30, 30.3, 25.66, 7.08, 3, 0, 0, 0, 98, 0, 10),
(1, 't20i', 74, 12, 19.4, 118, 0, 164, 6, 27.33, 19.66, 8.33, 2, 0, 0, 0, 34, 0, 3),
(1, 'test', 86, 67, 358.3, 2151, 48, 1207, 30, 40.23, 71.7, 3.36, 4, 1, 0, 0, 72, 0, 3),
(2, 'first_class', 70, 123, 2065.3, 12393, 526, 5785, 218, 26.53, 56.84, 2.8, 9, 9, 12, 0, 18, 0, 1),
(2, 'list_a', 168, 165, 1352.2, 8114, 108, 6583, 208, 31.64, 39, 4.86, 5, 6, 1, 0, 42, 0, 6),
(2, 'odi', 121, 120, 974.3, 5847, 68, 4951, 141, 35.11, 41.46, 5.08, 5, 4, 1, 0, 29, 0, 3),
(2, 't20', 215, 215, 789.1, 4735, 12, 5670, 221, 25.65, 21.42, 7.18, 5, 3, 2, 0, 45, 0, 10),
(2, 't20i', 59, 59, 208.5, 1253, 3, 1460, 58, 25.17, 21.6, 6.99, 5, 1, 1, 0, 10, 0, 2),
(2, 'test', 21, 37, 558, 3348, 141, 1644, 63, 26.09, 53.14, 2.94, 8, 3, 4, 0, 8, 0, 0),
(3, 'first_class', 67, 122, 1577.1, 9463, 195, 5735, 202, 28.39, 46.84, 3.63, 9, 14, 7, 0, 21, 0, 5),
(3, 'list_a', 47, 46, 344.5, 2069, 9, 1801, 77, 23.38, 26.87, 5.22, 5, 1, 2, 0, 16, 0, 2),
(3, 't20', 82, 79, 252.3, 1515, 3, 1900, 91, 20.87, 16.64, 7.52, 5, 2, 2, 0, 19, 0, 2),
(4, 'first_class', 47, 50, 275.2, 1652, 62, 832, 11, 75.63, 150.18, 3.02, 2, 0, 0, 0, 30, 0, 1),
(4, 'list_a', 43, 23, 74.3, 447, 3, 408, 5, 81.6, 89.4, 5.47, 2, 0, 0, 0, 14, 0, 7),
(4, 't20', 112, 17, 37, 222, 0, 281, 12, 23.41, 18.5, 7.59, 5, 0, 1, 0, 55, 0, 3),
(5, 'first_class', 9, 9, 73.3, 441, 16, 227, 4, 56.75, 110.25, 3.08, 2, 0, 0, 0, 5, 0, 0),
(5, 'list_a', 23, 21, 121.5, 731, 1, 673, 22, 30.59, 33.22, 5.52, 3, 0, 0, 0, 4, 0, 2),
(5, 't20', 38, 17, 41, 246, 0, 342, 10, 34.2, 24.6, 8.34, 3, 0, 0, 0, 7, 0, 1),
(6, 'first_class', 66, 119, 1872.4, 11236, 383, 5822, 180, 32.34, 62.42, 3.1, 8, 7, 5, 0, 39, 0, 3),
(6, 'list_a', 70, 67, 521, 3126, 17, 2774, 109, 25.44, 28.67, 5.32, 5, 3, 2, 0, 31, 0, 3),
(6, 'odi', 5, 5, 34, 204, 0, 234, 3, 78, 68, 6.88, 1, 0, 0, 0, 2, 0, 0),
(6, 't20', 109, 107, 343.5, 2063, 1, 2914, 135, 21.58, 15.28, 8.47, 5, 3, 1, 0, 65, 0, 7),
(6, 't20i', 8, 8, 22, 132, 0, 178, 5, 35.6, 26.4, 8.09, 2, 0, 0, 0, 4, 0, 0),
(7, 'first_class', 69, 36, 105, 630, 9, 415, 6, 69.16, 105, 3.95, 2, 0, 0, 0, 75, 0, 4),
(7, 'list_a', 45, 3, 12, 72, 0, 51, 1, 51, 72, 4.25, 1, 0, 0, 0, 17, 0, 6),
(7, 't20', 23, 0, 0, 0, 0, 0, 0, 0, 0, 0, 0, 0, 0, 0, 9, 0, 1),
(8, 'first_class', 17, 30, 470.5, 2825, 91, 1409, 51, 27.62, 55.39, 2.99, 9, 3, 3, 0, 10, 0, 3),
(8, 'list_a', 27, 26, 205.1, 1231, 11, 866, 34, 25.47, 36.2, 4.22, 5, 2, 1, 0, 4, 0, 4),
(8, 't20', 70, 69, 230, 1380, 2, 1681, 61, 27.55, 22.62, 7.3, 3, 0, 0, 0, 30, 0, 7),
(9, 'first_class', 84, 35, 142.4, 856, 25, 398, 6, 66.33, 142.66, 2.78, 2, 0, 0, 0, 84, 0, 10),
(9, 'list_a', 85, 40, 197.1, 1183, 1, 1014, 35, 28.97, 33.8, 5.14, 4, 1, 0, 0, 42, 0, 9),
(9, 'odi', 38, 13, 67, 402, 0, 355, 9, 39.44, 44.66, 5.29, 2, 0, 0, 0, 18, 0, 3),
(9, 't20', 78, 30, 64.3, 387, 2, 438, 13, 33.69, 29.76, 6.79, 3, 0, 0, 0, 38, 0, 3),
(9, 't20i', 20, 8, 18, 108, 2, 134, 5, 26.8, 21.6, 7.44, 3, 0, 0, 0, 16, 0, 0),
(9, 'test', 31, 12, 41.2, 248, 5, 130, 2, 65, 124, 3.14, 2, 0, 0, 0, 29, 0, 4),
(10, 'first_class', 5, 1, 1, 6, 0, 3, 1, 3, 6, 3, 1, 0, 0, 0, 2, 2, 0),
(10, 'list_a', 62, 1, 0.3, 3, 0, 6, 0, 0, 0, 12, 0, 0, 0, 0, 32, 2, 3),
(10, 'odi', 37, 1, 0.3, 3, 0, 6, 0, 0, 0, 12, 0, 0, 0, 0, 12, 2, 2),
(10, 't20', 225, 0, 0, 0, 0, 0, 0, 0, 0, 0, 0, 0, 0, 0, 120, 20, 19),
(10, 't20i', 57, 0, 0, 0, 0, 0, 0, 0, 0, 0, 0, 0, 0, 0, 28, 5, 4),
(11, 'first_class', 24, 41, 682.3, 4095, 168, 2126, 98, 21.69, 41.78, 3.11, 8, 7, 3, 0, 11, 0, 1),
(11, 'list_a', 16, 16, 112.5, 677, 7, 606, 19, 31.89, 35.63, 5.37, 3, 0, 0, 0, 4, 0, 0),
(11, 'odi', 2, 2, 19, 114, 1, 106, 2, 53, 57, 5.57, 2, 0, 0, 0, 0, 0, 0),
(11, 't20', 19, 19, 69, 414, 0, 555, 15, 37, 27.6, 8.04, 3, 0, 0, 0, 8, 0, 1),
(11, 'test', 5, 9, 178.2, 1070, 40, 570, 28, 20.35, 38.21, 3.19, 7, 4, 0, 0, 4, 0, 0),
(12, 'first_class', 17, 27, 377.4, 2266, 77, 1107, 36, 30.75, 62.94, 2.93, 11, 1, 2, 1, 8, 0, 0),
(12, 'list_a', 50, 44, 321.3, 1929, 11, 1486, 44, 33.77, 43.84, 4.62, 5, 0, 1, 0, 20, 0, 2),
(12, 'odi', 4, 4, 28, 168, 1, 140, 5, 28, 33.6, 5, 3, 0, 0, 0, 2, 0, 0),
(12, 't20', 103, 101, 332.3, 1995, 2, 2273, 78, 29.14, 25.57, 6.83, 3, 0, 0, 0, 28, 0, 0),
(12, 't20i', 31, 30, 103.3, 621, 1, 750, 25, 30, 24.84, 7.24, 3, 0, 0, 0, 10, 0, 0),
(12, 'test', 4, 7, 87.4, 526, 10, 299, 6, 49.83, 87.66, 3.41, 4, 0, 0, 0, 1, 0, 0),
(13, 'first_class', 23, 2, 7, 42, 2, 22, 0, 0, 0, 3.14, 0, 0, 0, 0, 40, 3, 0),
(13, 'list_a', 38, 9, 32.2, 194, 0, 214, 6, 35.66, 32.33, 6.61, 3, 0, 0, 0, 22, 1, 2),
(13, 't20', 43, 2, 3.1, 19, 0, 24, 0, 0, 0, 7.57, 0, 0, 0, 0, 12, 5, 1),
(14, 'first_class', 21, 35, 609.4, 3658, 131, 1849, 67, 27.59, 54.59, 3.03, 8, 3, 3, 0, 5, 0, 0),
(14, 'list_a', 17, 17, 134.3, 807, 5, 636, 19, 33.47, 42.47, 4.72, 3, 0, 0, 0, 2, 0, 0),
(14, 'odi', 2, 2, 20, 120, 1, 143, 3, 47.66, 40, 7.15, 2, 0, 0, 0, 0, 0, 0),
(14, 't20', 57, 57, 203, 1218, 2, 1615, 65, 24.84, 18.73, 7.95, 3, 0, 0, 0, 16, 0, 0),
(14, 't20i', 4, 4, 16, 96, 0, 122, 7, 17.42, 13.71, 7.62, 3, 0, 0, 0, 0, 0, 0),
(14, 'test', 1, 2, 38.2, 230, 7, 119, 3, 39.66, 76.66, 3.1, 3, 0, 0, 0, 0, 0, 0),
(15, 'first_class', 12, 15, 190, 1140, 19, 657, 14, 46.92, 81.42, 3.45, 4, 1, 0, 0, 14, 0, 1),
(15, 'list_a', 32, 19, 103, 618, 3, 536, 9, 59.55, 68.66, 5.2, 2, 0, 0, 0, 10, 0, 2),
(15, 't20', 51, 23, 47, 282, 2, 335, 16, 20.93, 17.62, 7.12, 3, 0, 0, 0, 15, 0, 1),
(16, 'first_class', 15, 0, 0, 0, 0, 0, 0, 0, 0, 0, 0, 0, 0, 0, 15, 0, 0),
(16, 'list_a', 29, 0, 0, 0, 0, 0, 0, 0, 0, 0, 0, 0, 0, 0, 10, 0, 2),
(16, 't20', 38, 0, 0, 0, 0, 0, 0, 0, 0, 0, 0, 0, 0, 0, 13, 0, 3),
(17, 'first_class', 44, 47, 357.5, 2147, 65, 1229, 34, 36.14, 63.14, 3.43, 4, 1, 0, 0, 42, 0, 0),
(17, 'list_a', 47, 16, 68, 408, 0, 360, 11, 32.72, 37.09, 5.29, 3, 0, 0, 0, 28, 2, 4),
(17, 't20', 155, 18, 33.3, 201, 0, 275, 11, 25, 18.27, 8.2, 2, 0, 0, 0, 79, 10, 14),
(17, 't20i', 35, 5, 8.3, 51, 0, 68, 2, 34, 25.5, 8, 1, 0, 0, 0, 19, 2, 1),
(17, 'test', 1, 0, 0, 0, 0, 0, 0, 0, 0, 0, 0, 0, 0, 0, 1, 0, 0),
(18, 'first_class', 13, 15, 41, 246, 2, 177, 6, 29.5, 41, 4.31, 2, 0, 0, 0, 11, 0, 0),
(18, 'list_a', 16, 8, 30, 180, 0, 174, 2, 87, 90, 5.8, 1, 0, 0, 0, 3, 0, 0),
(18, 't20', 46, 13, 20, 120, 0, 204, 4, 51, 30, 10.2, 1, 0, 0, 0, 26, 0, 1),
(19, 'first_class', 2, 4, 38, 228, 8, 106, 3, 35.33, 76, 2.78, 3, 0, 0, 0, 1, 0, 0),
(19, 'list_a', 7, 7, 59, 354, 1, 335, 10, 33.5, 35.4, 5.67, 3, 0, 0, 0, 1, 0, 0),
(19, 't20', 14, 14, 52.1, 313, 0, 491, 13, 37.76, 24.07, 9.41, 2, 0, 0, 0, 3, 0, 0),
(20, 'first_class', 25, 48, 588, 3528, 139, 1822, 74, 24.62, 47.67, 3.09, 8, 1, 2, 0, 13, 0, 1),
(20, 'list_a', 40, 39, 273.5, 1643, 12, 1518, 47, 32.29, 34.95, 5.54, 4, 1, 0, 0, 11, 0, 1),
(20, 'odi', 10, 10, 66.1, 397, 3, 331, 8, 41.37, 49.62, 5, 3, 0, 0, 0, 4, 0, 1),
(20, 't20', 49, 44, 144.3, 867, 3, 1306, 58, 22.51, 14.94, 9.03, 4, 1, 0, 0, 12, 0, 1),
(20, 't20i', 17, 14, 44.5, 269, 0, 503, 14, 35.92, 19.21, 11.21, 3, 0, 0, 0, 4, 0, 0),
(21, 'list_a', 3, 3, 23, 138, 1, 130, 7, 18.57, 19.71, 5.65, 4, 1, 0, 0, 0, 0, 0),
(22, 'first_class', 3, 5, 58, 348, 3, 289, 7, 41.28, 49.71, 4.98, 4, 0, 0, 0, 0, 0, 0),
(22, 'list_a', 1, 1, 10, 60, 0, 98, 1, 98, 60, 9.8, 1, 0, 0, 0, 0, 0, 0),
(22, 't20', 16, 16, 62, 372, 1, 512, 26, 19.69, 14.3, 8.25, 5, 2, 1, 0, 5, 0, 1),
(23, 'first_class', 12, 21, 210.1, 1261, 30, 794, 22, 36.09, 57.31, 3.77, 7, 0, 1, 0, 8, 0, 0),
(23, 'list_a', 10, 10, 81.2, 488, 4, 474, 13, 36.46, 37.53, 5.82, 4, 1, 0, 0, 1, 0, 0),
(23, 'odi', 4, 4, 33.5, 203, 3, 176, 7, 25.14, 29, 5.2, 4, 1, 0, 0, 1, 0, 0),
(23, 't20', 7, 7, 24.3, 147, 0, 180, 8, 22.5, 18.37, 7.34, 3, 0, 0, 0, 1, 0, 0),
(23, 't20i', 3, 3, 12, 72, 0, 72, 6, 12, 12, 6, 3, 0, 0, 0, 0, 0, 0),
(24, 'first_class', 27, 24, 135.1, 811, 19, 436, 14, 31.14, 57.92, 3.22, 5, 0, 1, 0, 42, 0, 2),
(24, 'list_a', 167, 109, 500, 3000, 9, 2750, 96, 28.64, 31.25, 5.5, 5, 1, 1, 0, 93, 0, 11),
(24, 'odi', 123, 82, 379.1, 2275, 4, 2161, 55, 39.29, 41.36, 5.69, 3, 0, 0, 0, 64, 0, 9),
(24, 't20', 589, 372, 931.5, 5591, 1, 7652, 307, 24.92, 18.21, 8.21, 4, 7, 0, 0, 320, 0, 31),
(24, 't20i', 101, 63, 142.4, 856, 0, 1188, 42, 28.28, 20.38, 8.32, 4, 1, 0, 0, 42, 0, 1),
(25, 'first_class', 106, 70, 358.5, 2153, 48, 1154, 24, 48.08, 89.7, 3.21, 5, 1, 0, 0, 95, 0, 5),
(25, 'list_a', 301, 70, 227.5, 1367, 5, 1162, 30, 38.73, 45.56, 5.1, 4, 1, 0, 0, 106, 0, 20),
(25, 'odi', 230, 38, 98.5, 593, 2, 515, 8, 64.37, 74.12, 5.21, 2, 0, 0, 0, 82, 0, 15),
(25, 't20', 378, 59, 105.5, 635, 0, 830, 29, 28.62, 21.89, 7.84, 4, 1, 0, 0, 152, 0, 16),
(25, 't20i', 125, 9, 11.2, 68, 0, 113, 1, 113, 68, 9.97, 1, 0, 0, 0, 50, 0, 5),
(25, 'test', 45, 16, 63.5, 383, 5, 224, 2, 112, 191.5, 3.5, 1, 0, 0, 0, 49, 0, 1),
(26, 'first_class', 92, 157, 2657.1, 15943, 608, 7816, 336, 23.26, 47.44, 2.94, 13, 17, 20, 5, 36, 0, 4),
(26, 'list_a', 106, 106, 930.2, 5582, 68, 4561, 149, 30.61, 37.46, 4.9, 5, 5, 1, 0, 26, 0, 10),
(26, 'odi', 7, 7, 52, 312, 5, 209, 8, 26.12, 39, 4.01, 4, 1, 0, 0, 0, 0, 1),
(26, 't20', 163, 162, 583.1, 3499, 5, 4666, 201, 23.21, 17.4, 8, 5, 2, 2, 0, 45, 0, 14),
(26, 't20i', 10, 10, 34.4, 208, 0, 301, 14, 21.5, 14.85, 8.68, 3, 0, 0, 0, 3, 0, 0),
(26, 'test', 1, 1, 26, 156, 4, 101, 0, 0, 0, 3.88, 0, 0, 0, 0, 0, 0, 0),
(27, 'first_class', 32, 53, 588.3, 3531, 108, 2008, 55, 36.5, 64.2, 3.41, 5, 3, 0, 0, 9, 0, 2),
(27, 'list_a', 23, 22, 131.4, 790, 1, 787, 22, 35.77, 35.9, 5.97, 3, 0, 0, 0, 3, 0, 0),
(27, 't20', 151, 145, 520.2, 3122, 3, 4161, 174, 23.91, 17.94, 7.99, 4, 1, 0, 0, 21, 0, 3),
(27, 't20i', 12, 12, 41.4, 250, 1, 339, 11, 30.81, 22.72, 8.13, 3, 0, 0, 0, 1, 0, 1),
(28, 'first_class', 4, 3, 75, 450, 3, 280, 1, 280, 450, 3.73, 1, 0, 0, 0, 1, 0, 0),
(28, 'list_a', 23, 21, 140.1, 841, 3, 817, 21, 38.9, 40.04, 5.82, 3, 0, 0, 0, 10, 0, 2),
(28, 't20', 91, 91, 312.3, 1875, 1, 2275, 88, 25.85, 21.3, 7.28, 3, 0, 0, 0, 28, 0, 3),
(29, 'first_class', 57, 102, 1886.2, 11318, 494, 5037, 215, 23.42, 52.64, 2.67, 9, 5, 14, 0, 16, 0, 0),
(29, 'list_a', 95, 95, 843, 5058, 58, 3774, 165, 22.87, 30.65, 4.47, 5, 8, 2, 0, 25, 0, 7),
(29, 'odi', 70, 70, 617.1, 3703, 39, 2873, 113, 25.42, 32.76, 4.65, 5, 5, 1, 0, 17, 0, 5),
(29, 't20', 201, 200, 751, 4506, 15, 5280, 243, 21.72, 18.54, 7.03, 4, 2, 0, 0, 28, 0, 10),
(29, 't20i', 57, 56, 204.5, 1229, 8, 1333, 67, 19.89, 18.34, 6.5, 3, 0, 0, 0, 7, 0, 2),
(29, 'test', 29, 56, 1008.4, 6052, 250, 2673, 123, 21.73, 49.2, 2.65, 9, 2, 8, 0, 7, 0, 0),
(30, 'first_class', 43, 82, 1476, 8856, 316, 4510, 181, 24.91, 48.92, 3.05, 11, 10, 8, 1, 21, 0, 0),
(30, 'list_a', 31, 30, 273.4, 1642, 20, 1365, 51, 26.76, 32.19, 4.98, 5, 0, 1, 0, 9, 0, 1),
(30, 'odi', 17, 17, 151.5, 911, 12, 720, 30, 24, 30.36, 4.74, 3, 0, 0, 0, 5, 0, 0),
(30, 't20', 121, 118, 450, 2700, 4, 3446, 153, 22.52, 17.64, 7.65, 4, 2, 0, 0, 35, 0, 10),
(30, 't20i', 12, 12, 47, 282, 1, 371, 14, 26.5, 20.14, 7.89, 4, 1, 0, 0, 4, 0, 2),
(30, 'test', 13, 24, 434.5, 2609, 95, 1304, 42, 31.04, 62.11, 2.99, 8, 0, 3, 0, 2, 0, 0),
(31, 'first_class', 15, 19, 177.5, 1067, 20, 575, 15, 38.33, 71.13, 3.23, 5, 1, 0, 0, 10, 0, 0),
(31, 'list_a', 36, 31, 207.5, 1247, 3, 1080, 19, 56.84, 65.63, 5.19, 2, 0, 0, 0, 17, 0, 4),
(31, 'odi', 20, 18, 111, 666, 0, 627, 7, 89.57, 95.14, 5.64, 2, 0, 0, 0, 10, 0, 3),
(31, 't20', 70, 60, 175, 1050, 2, 1382, 43, 32.13, 24.41, 7.89, 2, 0, 0, 0, 35, 0, 4),
(31, 't20i', 34, 29, 86.5, 521, 1, 646, 24, 26.91, 21.7, 7.43, 2, 0, 0, 0, 22, 0, 4),
(32, 'first_class', 46, 1, 4, 24, 1, 14, 0, 0, 0, 3.5, 0, 0, 0, 0, 97, 11, 1),
(32, 'list_a', 80, 0, 0, 0, 0, 0, 0, 0, 0, 0, 0, 0, 0, 0, 90, 9, 9),
(32, 'odi', 3, 0, 0, 0, 0, 0, 0, 0, 0, 0, 0, 0, 0, 0, 2, 0, 1),
(32, 't20', 123, 0, 0, 0, 0, 0, 0, 0, 0, 0, 0, 0, 0, 0, 57, 9, 7),
(32, 't20i', 10, 0, 0, 0, 0, 0, 0, 0, 0, 0, 0, 0, 0, 0, 4, 2, 2),
(33, 'first_class', 38, 64, 773.1, 4639, 131, 2570, 90, 28.55, 51.54, 3.32, 8, 5, 2, 0, 8, 0, 1),
(33, 'list_a', 31, 30, 210.3, 1263, 8, 1102, 40, 27.55, 31.57, 5.23, 6, 1, 1, 0, 4, 0, 0),
(33, 't20', 73, 73, 254, 1524, 3, 2149, 74, 29.04, 20.59, 8.46, 4, 1, 0, 0, 16, 0, 5),
(34, 'first_class', 77, 50, 192.2, 1154, 29, 550, 24, 22.91, 48.08, 2.85, 4, 1, 0, 0, 101, 0, 1),
(34, 'list_a', 109, 17, 71.4, 430, 2, 378, 6, 63, 71.66, 5.27, 2, 0, 0, 0, 65, 0, 5),
(34, 'odi', 7, 0, 0, 0, 0, 0, 0, 0, 0, 0, 0, 0, 0, 0, 6, 0, 0),
(34, 't20', 204, 10, 22, 132, 0, 140, 6, 23.33, 22, 6.36, 2, 0, 0, 0, 102, 0, 7),
(34, 't20i', 14, 0, 0, 0, 0, 0, 0, 0, 0, 0, 0, 0, 0, 0, 13, 0, 1),
(35, 'first_class', 9, 15, 277.5, 1667, 69, 696, 55, 12.65, 30.3, 2.5, 13, 3, 5, 3, 3, 0, 1),
(35, 'list_a', 13, 13, 98.2, 590, 4, 345, 21, 16.42, 28.09, 3.5, 4, 1, 0, 0, 1, 0, 0),
(35, 't20', 27, 19, 67, 402, 3, 446, 16, 27.87, 25.12, 6.65, 2, 0, 0, 0, 18, 0, 1),
(36, 'first_class', 2, 1, 3, 18, 1, 14, 0, 0, 0, 4.66, 0, 0, 0, 0, 1, 0, 0),
(36, 'list_a', 10, 2, 9, 54, 0, 52, 1, 52, 54, 5.77, 1, 0, 0, 0, 3, 0, 0),
(36, 't20', 14, 5, 11, 66, 0, 76, 3, 25.33, 22, 6.9, 2, 0, 0, 0, 5, 0, 1),
(37, 'first_class', 20, 35, 551.2, 3308, 101, 2001, 58, 34.5, 57.03, 3.62, 5, 2, 1, 0, 4, 0, 0),
(37, 'list_a', 24, 24, 205, 1230, 5, 1081, 33, 32.75, 37.27, 5.27, 4, 1, 0, 0, 11, 0, 0),
(37, 'odi', 1, 1, 5, 30, 0, 36, 0, 0, 0, 7.2, 0, 0, 0, 0, 0, 0, 0),
(37, 't20', 57, 57, 205.5, 1235, 0, 1724, 74, 23.29, 16.68, 8.37, 4, 1, 0, 0, 10, 0, 1),
(37, 't20i', 5, 5, 18.5, 113, 0, 188, 8, 23.5, 14.12, 9.98, 3, 0, 0, 0, 0, 0, 0),
(38, 'first_class', 30, 7, 18, 108, 1, 54, 1, 54, 108, 3, 1, 0, 0, 0, 25, 0, 0),
(38, 'list_a', 37, 0, 0, 0, 0, 0, 0, 0, 0, 0, 0, 0, 0, 0, 6, 0, 3),
(38, 't20', 39, 0, 0, 0, 0, 0, 0, 0, 0, 0, 0, 0, 0, 0, 15, 0, 2),
(39, 'first_class', 5, 8, 154.4, 928, 34, 494, 13, 38, 71.38, 3.19, 6, 1, 0, 0, 2, 0, 0),
(39, 'list_a', 14, 13, 100.2, 602, 2, 519, 21, 24.71, 28.66, 5.17, 5, 0, 1, 0, 4, 0, 2),
(39, 't20', 79, 77, 260.5, 1565, 2, 2255, 93, 24.24, 16.82, 8.64, 4, 4, 0, 0, 29, 0, 1),
(39, 't20i', 7, 7, 20.5, 125, 0, 210, 4, 52.5, 31.25, 10.08, 2, 0, 0, 0, 3, 0, 1),
(40, 'first_class', 8, 0, 0, 0, 0, 0, 0, 0, 0, 0, 0, 0, 0, 0, 2, 0, 0),
(40, 'list_a', 20, 0, 0, 0, 0, 0, 0, 0, 0, 0, 0, 0, 0, 0, 13, 2, 0),
(40, 't20', 7, 0, 0, 0, 0, 0, 0, 0, 0, 0, 0, 0, 0, 0, 1, 0, 0),
(41, 'list_a', 16, 6, 36, 216, 1, 151, 9, 16.77, 24, 4.19, 3, 0, 0, 0, 12, 0, 0),
(41, 't20', 89, 29, 55, 330, 0, 493, 8, 61.62, 41.25, 8.96, 1, 0, 0, 0, 49, 0, 3),
(41, 't20i', 14, 11, 27.2, 164, 0, 255, 5, 51, 32.8, 9.32, 1, 0, 0, 0, 12, 0, 1),
(42, 'first_class', 19, 32, 534.2, 3206, 77, 1572, 64, 24.56, 50.09, 2.94, 8, 3, 4, 0, 4, 0, 1),
(42, 'list_a', 50, 46, 405.3, 2433, 16, 1849, 83, 22.27, 29.31, 4.55, 4, 5, 0, 0, 11, 0, 1),
(42, 't20', 43, 43, 146.1, 877, 1, 1076, 43, 25.02, 20.39, 7.36, 4, 1, 0, 0, 10, 0, 1),
(42, 't20i', 1, 1, 4, 24, 0, 31, 0, 0, 0, 7.75, 0, 0, 0, 0, 0, 0, 0),
(43, 'first_class', 9, 16, 276.3, 1659, 67, 715, 35, 20.42, 47.4, 2.58, 9, 0, 2, 0, 2, 0, 0),
(43, 'list_a', 19, 17, 159.1, 955, 10, 650, 18, 36.11, 53.05, 4.08, 3, 0, 0, 0, 2, 0, 2),
(43, 't20', 8, 8, 27, 162, 0, 145, 9, 16.11, 18, 5.37, 3, 0, 0, 0, 1, 0, 0),
(44, 'first_class', 4, 1, 3, 18, 0, 13, 3, 4.33, 6, 4.33, 3, 0, 0, 0, 1, 0, 0),
(44, 'list_a', 16, 6, 23.2, 140, 1, 107, 5, 21.4, 28, 4.58, 4, 1, 0, 0, 9, 0, 1),
(44, 't20', 23, 5, 6, 36, 0, 50, 0, 0, 0, 8.33, 0, 0, 0, 0, 10, 0, 2),
(45, 't20', 2, 2, 7, 42, 0, 67, 2, 33.5, 21, 9.57, 1, 0, 0, 0, 0, 0, 0),
(46, 'list_a', 8, 8, 66, 396, 2, 325, 8, 40.62, 49.5, 4.92, 2, 0, 0, 0, 4, 0, 0),
(46, 't20', 2, 2, 6, 36, 0, 34, 0, 0, 0, 5.66, 0, 0, 0, 0, 1, 0, 0),
(47, 'first_class', 3, 1, 0.4, 4, 0, 6, 0, 0, 0, 9, 0, 0, 0, 0, 1, 0, 0),
(47, 'list_a', 5, 0, 0, 0, 0, 0, 0, 0, 0, 0, 0, 0, 0, 0, 1, 0, 0),
(47, 't20', 12, 1, 0.2, 2, 0, 4, 0, 0, 0, 12, 0, 0, 0, 0, 4, 0, 0),
(48, 'list_a', 2, 0, 0, 0, 0, 0, 0, 0, 0, 0, 0, 0, 0, 0, 0, 0, 0),
(48, 't20', 15, 8, 20.3, 123, 0, 150, 6, 25, 20.5, 7.31, 2, 0, 0, 0, 6, 0, 0),
(49, 'first_class', 13, 25, 503.5, 3023, 121, 1398, 65, 21.5, 46.5, 2.77, 13, 1, 8, 3, 10, 0, 0),
(49, 'list_a', 100, 100, 913.3, 5481, 86, 3399, 163, 20.85, 33.62, 3.72, 6, 7, 6, 0, 22, 0, 1),
(49, 'odi', 65, 65, 590, 3540, 35, 2435, 92, 26.46, 38.47, 4.12, 6, 4, 2, 0, 14, 0, 1),
(49, 't20', 392, 387, 1502.2, 9014, 27, 9023, 429, 21.03, 21.01, 6, 5, 12, 1, 0, 84, 0, 10),
(49, 't20i', 51, 49, 183.4, 1102, 1, 1105, 52, 21.25, 21.19, 6.01, 4, 1, 0, 0, 7, 0, 1),
(49, 'test', 6, 11, 275, 1650, 60, 851, 21, 40.52, 78.57, 3.09, 8, 0, 2, 0, 2, 0, 0),
(50, 'first_class', 126, 232, 4456.2, 26738, 1054, 13149, 502, 26.19, 53.26, 2.95, 10, 24, 25, 1, 78, 0, 3),
(50, 'list_a', 157, 155, 1320.2, 7922, 84, 7205, 209, 34.47, 37.9, 5.45, 7, 4, 3, 0, 44, 0, 8),
(50, 'odi', 143, 141, 1199.1, 7195, 74, 6558, 190, 34.51, 37.86, 5.46, 7, 4, 3, 0, 39, 0, 6),
(50, 't20', 220, 216, 792.1, 4753, 8, 6496, 252, 25.77, 18.86, 8.2, 6, 1, 2, 0, 103, 0, 10),
(50, 't20i', 92, 90, 332.5, 1997, 2, 2729, 111, 24.58, 17.99, 8.19, 5, 1, 1, 0, 47, 0, 3),
(50, 'test', 85, 160, 3225.2, 19352, 742, 9530, 338, 28.19, 57.25, 2.95, 10, 18, 14, 1, 65, 0, 2),
(51, 'first_class', 79, 4, 15, 90, 1, 56, 2, 28, 45, 3.73, 1, 0, 0, 0, 57, 2, 4),
(51, 'list_a', 67, 0, 0, 0, 0, 0, 0, 0, 0, 0, 0, 0, 0, 0, 36, 9, 3),
(51, 't20', 69, 0, 0, 0, 0, 0, 0, 0, 0, 0, 0, 0, 0, 0, 45, 8, 4),
(52, 'first_class', 35, 57, 808, 4848, 198, 2178, 94, 23.17, 51.57, 2.69, 8, 4, 3, 0, 20, 0, 1),
(52, 'list_a', 165, 161, 1339.4, 8038, 56, 5699, 182, 31.31, 44.16, 4.25, 5, 4, 1, 0, 72, 0, 11),
(52, 'odi', 130, 126, 1040.3, 6243, 40, 4459, 134, 33.27, 46.58, 4.28, 4, 3, 0, 0, 56, 0, 8),
(52, 't20', 323, 316, 1047.5, 6287, 9, 7283, 296, 24.6, 21.23, 6.95, 5, 7, 1, 0, 152, 0, 21),
(52, 't20i', 88, 87, 287.4, 1726, 5, 2074, 74, 28.02, 23.32, 7.2, 4, 3, 0, 0, 49, 0, 7),
(52, 'test', 3, 5, 91, 546, 17, 254, 8, 31.75, 68.25, 2.79, 4, 0, 0, 0, 2, 0, 0),
(53, 'first_class', 17, 31, 347.1, 2083, 68, 1104, 54, 20.44, 38.57, 3.18, 9, 4, 3, 0, 6, 0, 1),
(53, 'list_a', 93, 90, 629.3, 3777, 25, 3418, 131, 26.09, 28.83, 5.42, 6, 5, 4, 0, 22, 0, 9),
(53, 'odi', 56, 55, 381.4, 2290, 14, 2229, 70, 31.84, 32.71, 5.84, 4, 5, 0, 0, 11, 0, 8),
(53, 't20', 407, 366, 1095.4, 6574, 6, 9317, 364, 25.59, 18.06, 8.5, 5, 9, 1, 0, 176, 0, 16),
(53, 't20i', 67, 56, 148.3, 891, 0, 1364, 39, 34.97, 22.84, 9.18, 3, 0, 0, 0, 16, 0, 4),
(53, 'test', 1, 2, 23, 138, 2, 104, 1, 104, 138, 4.52, 1, 0, 0, 0, 1, 0, 0),
(54, 'first_class', 167, 9, 18, 108, 2, 75, 0, 0, 0, 4.16, 0, 0, 0, 0, 172, 0, 6),
(54, 'list_a', 167, 3, 8.5, 53, 0, 51, 4, 12.75, 13.25, 5.77, 2, 0, 0, 0, 80, 0, 11),
(54, 'odi', 90, 0, 0, 0, 0, 0, 0, 0, 0, 0, 0, 0, 0, 0, 48, 0, 5),
(54, 't20', 217, 1, 1, 6, 0, 5, 1, 5, 6, 5, 1, 0, 0, 0, 89, 0, 12),
(54, 't20i', 20, 0, 0, 0, 0, 0, 0, 0, 0, 0, 0, 0, 0, 0, 16, 0, 0),
(54, 'test', 82, 0, 0, 0, 0, 0, 0, 0, 0, 0, 0, 0, 0, 0, 99, 0, 2),
(55, 'first_class', 75, 1, 0.1, 1, 0, 4, 0, 0, 0, 24, 0, 0, 0, 0, 178, 11, 1),
(55, 'list_a', 100, 0, 0, 0, 0, 0, 0, 0, 0, 0, 0, 0, 0, 0, 87, 8, 10),
(55, 'odi', 25, 0, 0, 0, 0, 0, 0, 0, 0, 0, 0, 0, 0, 0, 18, 0, 4),
(55, 't20', 213, 0, 0, 0, 0, 0, 0, 0, 0, 0, 0, 0, 0, 0, 121, 22, 14),
(55, 't20i', 37, 0, 0, 0, 0, 0, 0, 0, 0, 0, 0, 0, 0, 0, 17, 2, 2),
(55, 'test', 1, 0, 0, 0, 0, 0, 0, 0, 0, 0, 0, 0, 0, 0, 5, 0, 0),
(56, 'first_class', 10, 16, 131, 786, 36, 340, 7, 48.57, 112.28, 2.59, 3, 0, 0, 0, 4, 0, 1),
(56, 'list_a', 32, 21, 111.3, 669, 3, 619, 19, 32.57, 35.21, 5.55, 3, 0, 0, 0, 17, 0, 4),
(56, 'odi', 2, 1, 5, 30, 0, 28, 0, 0, 0, 5.6, 0, 0, 0, 0, 0, 0, 1),
(56, 't20', 72, 45, 111.5, 671, 1, 810, 34, 23.82, 19.73, 7.24, 2, 0, 0, 0, 32, 0, 2),
(56, 't20i', 9, 4, 9.1, 55, 0, 75, 5, 15, 11, 8.18, 2, 0, 0, 0, 4, 0, 0),
(57, 'first_class', 56, 4, 21, 126, 2, 93, 0, 0, 0, 4.42, 0, 0, 0, 0, 79, 1, 1),
(57, 'list_a', 41, 2, 3.5, 23, 0, 31, 0, 0, 0, 8.08, 0, 0, 0, 0, 16, 0, 0),
(57, 't20', 21, 0, 0, 0, 0, 0, 0, 0, 0, 0, 0, 0, 0, 0, 7, 0, 1),
(58, 'first_class', 41, 39, 281.3, 1689, 41, 883, 23, 38.39, 73.43, 3.13, 5, 0, 0, 0, 23, 0, 4),
(58, 'list_a', 62, 50, 244.2, 1466, 7, 1160, 33, 35.15, 44.42, 4.74, 3, 0, 0, 0, 19, 0, 1),
(58, 'odi', 1, 1, 3, 18, 0, 10, 0, 0, 0, 3.33, 0, 0, 0, 0, 0, 0, 0),
(58, 't20', 148, 50, 95.1, 571, 0, 665, 29, 22.93, 19.68, 6.98, 4, 1, 0, 0, 37, 0, 6),
(58, 't20i', 2, 0, 0, 0, 0, 0, 0, 0, 0, 0, 0, 0, 0, 0, 0, 0, 0),
(59, 'first_class', 39, 59, 638.4, 3832, 58, 2611, 73, 35.76, 52.49, 4.08, 6, 4, 1, 0, 20, 0, 4),
(59, 'list_a', 73, 61, 370.4, 2224, 14, 1973, 84, 23.48, 26.47, 5.32, 5, 4, 1, 0, 21, 0, 5),
(59, 'odi', 13, 11, 59, 354, 2, 313, 11, 28.45, 32.18, 5.3, 3, 0, 0, 0, 3, 0, 2),
(59, 't20', 59, 50, 138.2, 830, 2, 1162, 36, 32.27, 23.05, 8.4, 4, 1, 0, 0, 27, 0, 1),
(59, 't20i', 22, 21, 60.5, 365, 0, 481, 11, 43.72, 33.18, 7.9, 2, 0, 0, 0, 7, 0, 0),
(59, 'test', 1, 2, 26, 156, 1, 148, 1, 148, 156, 5.69, 1, 0, 0, 0, 1, 0, 0),
(60, 'first_class', 58, 24, 94.1, 565, 4, 401, 4, 100.25, 141.25, 4.25, 2, 0, 0, 0, 43, 0, 6),
(60, 'list_a', 108, 21, 42.3, 255, 0, 259, 5, 51.8, 51, 6.09, 1, 0, 0, 0, 48, 0, 10),
(60, 'odi', 26, 4, 5.1, 31, 0, 37, 0, 0, 0, 7.16, 0, 0, 0, 0, 10, 0, 5),
(60, 't20', 173, 4, 7.5, 47, 0, 79, 1, 79, 47, 10.08, 1, 0, 0, 0, 69, 0, 9),
(60, 't20i', 36, 0, 0, 0, 0, 0, 0, 0, 0, 0, 0, 0, 0, 0, 11, 0, 0),
(60, 'test', 4, 0, 0, 0, 0, 0, 0, 0, 0, 0, 0, 0, 0, 0, 6, 0, 0),
(61, 'first_class', 30, 15, 63, 378, 7, 210, 5, 42, 75.6, 3.33, 2, 0, 0, 0, 22, 0, 1),
(61, 'list_a', 42, 8, 38, 228, 2, 149, 7, 21.28, 32.57, 3.92, 2, 0, 0, 0, 20, 0, 2),
(61, 't20', 63, 5, 11, 66, 0, 114, 3, 38, 22, 10.36, 1, 0, 0, 0, 35, 0, 3),
(62, 'first_class', 102, 187, 2847, 17082, 535, 9463, 327, 28.93, 52.23, 3.32, 12, 11, 15, 2, 35, 0, 7),
(62, 'list_a', 118, 116, 947, 5682, 42, 5451, 164, 33.23, 34.64, 5.75, 5, 4, 1, 0, 32, 0, 8),
(62, 'odi', 75, 73, 593, 3558, 23, 3565, 106, 33.63, 33.56, 6.01, 4, 4, 0, 0, 22, 0, 6),
(62, 't20', 160, 158, 558.2, 3350, 7, 4585, 164, 27.95, 20.42, 8.21, 5, 3, 1, 0, 42, 0, 11),
(62, 't20i', 7, 7, 25, 150, 0, 219, 9, 24.33, 16.66, 8.76, 2, 0, 0, 0, 3, 0, 1),
(62, 'test', 52, 102, 1372.3, 8235, 228, 4867, 158, 30.8, 52.12, 3.54, 10, 5, 3, 1, 17, 0, 4),
(63, 'first_class', 55, 104, 1959.3, 11757, 469, 5445, 243, 22.4, 48.38, 2.77, 10, 16, 7, 1, 26, 0, 4),
(63, 'list_a', 94, 94, 822.1, 4933, 50, 4261, 150, 28.4, 32.88, 5.18, 5, 7, 1, 0, 27, 0, 5),
(63, 'odi', 69, 69, 608.3, 3651, 38, 3195, 111, 28.78, 32.89, 5.25, 5, 5, 1, 0, 16, 0, 3),
(63, 't20', 116, 116, 433, 2598, 6, 3445, 129, 26.7, 20.13, 7.95, 4, 3, 0, 0, 28, 0, 9),
(63, 't20i', 39, 39, 142, 852, 3, 1002, 44, 22.77, 19.36, 7.05, 3, 0, 0, 0, 12, 0, 2),
(63, 'test', 41, 79, 1525.5, 9155, 376, 4191, 197, 21.27, 46.47, 2.74, 10, 13, 7, 1, 21, 0, 3),
(64, 'first_class', 88, 28, 77.2, 464, 12, 318, 5, 63.6, 92.8, 4.11, 1, 0, 0, 0, 81, 0, 3),
(64, 'list_a', 222, 31, 79.5, 479, 0, 439, 9, 48.77, 53.22, 5.49, 2, 0, 0, 0, 91, 0, 3),
(64, 'odi', 135, 21, 47.2, 284, 0, 259, 4, 64.75, 71, 5.47, 1, 0, 0, 0, 63, 0, 2),
(64, 't20', 351, 28, 39.5, 239, 0, 369, 7, 52.71, 34.14, 9.26, 1, 0, 0, 0, 148, 0, 13),
(64, 't20i', 89, 2, 2, 12, 0, 27, 0, 0, 0, 13.5, 0, 0, 0, 0, 40, 0, 3),
(64, 'test', 5, 1, 2, 12, 0, 8, 0, 0, 0, 4, 0, 0, 0, 0, 7, 0, 1),
(65, 'first_class', 16, 2, 2, 12, 0, 6, 0, 0, 0, 3, 0, 0, 0, 0, 10, 0, 1),
(65, 'list_a', 20, 3, 5.2, 32, 0, 39, 0, 0, 0, 7.31, 0, 0, 0, 0, 5, 0, 0),
(65, 't20', 27, 0, 0, 0, 0, 0, 0, 0, 0, 0, 0, 0, 0, 0, 10, 0, 0),
(66, 'first_class', 1, 1, 39, 234, 8, 105, 1, 105, 234, 2.69, 1, 0, 0, 0, 0, 0, 0),
(66, 'list_a', 9, 9, 86.4, 520, 4, 367, 22, 16.68, 23.63, 4.23, 5, 0, 1, 0, 2, 0, 0),
(66, 't20', 45, 45, 173.3, 1041, 0, 1218, 42, 29, 24.78, 7.02, 5, 0, 1, 0, 5, 0, 1),
(66, 't20i', 6, 6, 22.3, 135, 0, 132, 2, 66, 67.5, 5.86, 1, 0, 0, 0, 0, 0, 0),
(67, 'list_a', 9, 0, 0, 0, 0, 0, 0, 0, 0, 0, 0, 0, 0, 0, 2, 0, 0),
(67, 't20', 5, 0, 0, 0, 0, 0, 0, 0, 0, 0, 0, 0, 0, 0, 4, 0, 1),
(68, 'first_class', 6, 12, 178, 1068, 33, 540, 25, 21.6, 42.72, 3.03, 6, 3, 1, 0, 0, 0, 0),
(68, 'list_a', 31, 30, 227.3, 1365, 12, 1144, 49, 23.34, 27.85, 5.02, 5, 3, 1, 0, 16, 0, 5),
(68, 't20', 37, 37, 125.1, 751, 3, 1054, 34, 31, 22.08, 8.42, 4, 1, 0, 0, 17, 0, 2),
(69, 'first_class', 17, 29, 406.4, 2440, 95, 1190, 50, 23.8, 48.8, 2.92, 6, 4, 0, 0, 13, 0, 1),
(69, 'list_a', 32, 31, 216.5, 1301, 9, 1041, 34, 30.61, 38.26, 4.8, 4, 3, 0, 0, 17, 0, 0),
(69, 't20', 31, 31, 97.5, 587, 2, 694, 19, 36.52, 30.89, 7.09, 3, 0, 0, 0, 15, 0, 2),
(70, 'list_a', 3, 1, 2, 12, 0, 22, 0, 31.4, 32.4, 11, 2, 0, 0, 0, 1, 0, 0),
(70, 't20', 6, 2, 2, 12, 0, 20, 0, 16, 12, 10, 1, 0, 0, 0, 4, 0, 0),
(73, 't20', 1, 1, 3, 18, 0, 24, 1, 24, 18, 8, 1, 0, 0, 0, 0, 0, 0),
(74, 'first_class', 86, 103, 1075.5, 6455, 238, 3222, 96, 33.56, 67.23, 2.99, 8, 2, 1, 0, 52, 0, 4),
(74, 'list_a', 86, 68, 507.1, 3043, 8, 2640, 76, 34.73, 40.03, 5.2, 3, 0, 0, 0, 27, 0, 4),
(74, 't20', 148, 130, 461.2, 2768, 2, 3312, 152, 21.78, 18.21, 7.17, 5, 3, 1, 0, 59, 0, 6),
(75, 'first_class', 122, 17, 49.4, 298, 12, 142, 3, 47.33, 99.33, 2.85, 2, 0, 0, 0, 120, 0, 4),
(75, 'list_a', 282, 10, 45.2, 272, 0, 249, 9, 27.66, 30.22, 5.49, 2, 0, 0, 0, 136, 0, 14),
(75, 'odi', 149, 0, 0, 0, 0, 0, 0, 0, 0, 0, 0, 0, 0, 0, 71, 0, 3),
(75, 't20', 311, 6, 8, 48, 0, 66, 4, 16.5, 12, 8.25, 1, 0, 0, 0, 122, 0, 10),
(75, 't20i', 68, 0, 0, 0, 0, 0, 0, 0, 0, 0, 0, 0, 0, 0, 19, 0, 1),
(75, 'test', 34, 5, 9, 54, 2, 18, 0, 0, 0, 2, 0, 0, 0, 0, 28, 0, 1),
(76, 'first_class', 83, 139, 2899.1, 17395, 602, 8556, 315, 27.16, 55.22, 2.95, 11, 14, 21, 2, 40, 0, 3),
(76, 'list_a', 110, 109, 889.2, 5336, 36, 4762, 161, 29.57, 33.14, 5.35, 6, 7, 3, 0, 29, 0, 8),
(76, 'odi', 3, 3, 25, 150, 0, 160, 1, 160, 150, 6.4, 1, 0, 0, 0, 0, 0, 0),
(76, 't20', 101, 96, 317.3, 1905, 2, 2373, 87, 27.27, 21.89, 7.47, 6, 0, 1, 0, 23, 0, 9),
(76, 't20i', 1, 1, 4, 24, 0, 42, 1, 42, 24, 10.5, 1, 0, 0, 0, 2, 0, 0),
(77, 'first_class', 196, 1, 1, 6, 0, 1, 0, 0, 0, 1, 0, 0, 0, 0, 489, 24, 5),
(77, 'list_a', 157, 0, 0, 0, 0, 0, 0, 0, 0, 0, 0, 0, 0, 0, 96, 9, 11),
(77, 'odi', 89, 0, 0, 0, 0, 0, 0, 0, 0, 0, 0, 0, 0, 0, 45, 3, 8),
(77, 't20', 169, 0, 0, 0, 0, 0, 0, 0, 0, 0, 0, 0, 0, 0, 99, 15, 8),
(77, 't20i', 63, 0, 0, 0, 0, 0, 0, 0, 0, 0, 0, 0, 0, 0, 44, 1, 3),
(77, 'test', 83, 0, 0, 0, 0, 0, 0, 0, 0, 0, 0, 0, 0, 0, 198, 13, 3),
(78, 'first_class', 77, 67, 419, 2514, 70, 1366, 47, 29.06, 53.48, 3.26, 6, 1, 0, 0, 66, 0, 1),
(78, 'list_a', 121, 30, 100, 600, 4, 486, 14, 34.71, 42.85, 4.86, 2, 0, 0, 0, 46, 2, 2),
(78, 'odi', 5, 0, 0, 0, 0, 0, 0, 0, 0, 0, 0, 0, 0, 0, 0, 0, 0),
(78, 't20', 109, 24, 64, 384, 2, 480, 27, 17.77, 14.22, 7.5, 3, 0, 0, 0, 34, 0, 4),
(78, 't20i', 18, 0, 0, 0, 0, 0, 0, 0, 0, 0, 0, 0, 0, 0, 3, 0, 0),
(79, 'first_class', 3, 0, 0, 0, 0, 0, 0, 0, 0, 0, 0, 0, 0, 0, 1, 0, 0),
(79, 'list_a', 18, 0, 0, 0, 0, 0, 0, 0, 0, 0, 0, 0, 0, 0, 8, 2, 2),
(79, 't20', 31, 0, 0, 0, 0, 0, 0, 0, 0, 0, 0, 0, 0, 0, 15, 3, 0),
(80, 'first_class', 77, 20, 65.3, 393, 5, 257, 3, 85.66, 131, 3.92, 2, 0, 0, 0, 43, 0, 2),
(80, 'list_a', 89, 4, 6, 36, 0, 44, 0, 0, 0, 7.33, 0, 0, 0, 0, 33, 0, 3),
(80, 'odi', 5, 1, 1, 6, 0, 10, 0, 0, 0, 10, 0, 0, 0, 0, 2, 0, 0),
(80, 't20', 171, 1, 1, 6, 0, 8, 0, 0, 0, 8, 0, 0, 0, 0, 68, 0, 7),
(80, 'test', 21, 0, 0, 0, 0, 0, 0, 0, 0, 0, 0, 0, 0, 0, 14, 0, 0),
(81, 'first_class', 62, 68, 562.3, 3375, 112, 1552, 43, 36.09, 78.48, 2.75, 6, 0, 1, 0, 74, 0, 0),
(81, 'list_a', 58, 37, 220.3, 1323, 1, 1154, 24, 48.08, 55.12, 5.23, 3, 0, 0, 0, 26, 0, 0),
(81, 'odi', 3, 1, 3, 18, 0, 20, 1, 20, 18, 6.66, 1, 0, 0, 0, 1, 0, 0),
(81, 't20', 166, 73, 185.3, 1113, 0, 1476, 66, 22.36, 16.86, 7.95, 4, 2, 0, 0, 71, 0, 3),
(81, 't20i', 17, 12, 33, 198, 0, 235, 12, 19.58, 16.5, 7.12, 2, 0, 0, 0, 8, 0, 0),
(82, 'first_class', 46, 79, 1581.3, 9489, 319, 4566, 168, 27.17, 56.48, 2.88, 10, 10, 9, 1, 12, 0, 5),
(82, 'list_a', 55, 55, 466.2, 2798, 40, 2223, 86, 25.84, 32.53, 4.76, 7, 1, 3, 0, 19, 0, 1),
(82, 't20', 149, 148, 541.3, 3249, 11, 4071, 162, 25.12, 20.05, 7.51, 4, 3, 0, 0, 28, 0, 11),
(82, 't20i', 2, 2, 7, 42, 0, 73, 1, 73, 42, 10.42, 1, 0, 0, 0, 0, 0, 0),
(83, 'first_class', 17, 32, 524.2, 3146, 141, 1335, 55, 24.27, 57.2, 2.54, 7, 2, 2, 0, 6, 0, 1),
(83, 'list_a', 10, 10, 83.2, 500, 7, 395, 21, 18.8, 23.8, 4.74, 5, 1, 1, 0, 2, 0, 1),
(83, 't20', 22, 22, 81.3, 489, 0, 637, 26, 24.5, 18.8, 7.81, 3, 0, 0, 0, 4, 0, 1),
(84, 'first_class', 71, 130, 2275.2, 13652, 499, 7257, 315, 23.03, 43.33, 3.18, 14, 14, 14, 5, 34, 0, 4),
(84, 'list_a', 103, 100, 878.3, 5271, 53, 4502, 153, 29.42, 34.45, 5.12, 6, 8, 2, 0, 31, 0, 2),
(84, 'odi', 85, 83, 727.1, 4363, 47, 3655, 132, 27.68, 33.05, 5.02, 6, 6, 2, 0, 27, 0, 2),
(84, 't20', 142, 140, 521.1, 3127, 4, 4116, 189, 21.77, 16.54, 7.89, 4, 5, 0, 0, 50, 0, 9),
(84, 't20i', 40, 40, 145.1, 871, 0, 1245, 49, 25.4, 17.77, 8.57, 3, 0, 0, 0, 12, 0, 2),
(84, 'test', 52, 95, 1651.2, 9908, 341, 5446, 243, 22.41, 40.77, 3.29, 13, 11, 11, 4, 27, 0, 2),
(85, 'first_class', 16, 21, 107.4, 646, 17, 291, 10, 29.1, 64.6, 2.7, 5, 0, 1, 0, 7, 0, 0),
(85, 'list_a', 20, 18, 105, 630, 2, 523, 14, 37.35, 45, 4.98, 3, 0, 0, 0, 8, 0, 0),
(85, 't20', 27, 22, 67, 402, 0, 418, 21, 19.9, 19.14, 6.23, 3, 0, 0, 0, 11, 0, 0),
(86, 'first_class', 8, 6, 49.5, 299, 10, 140, 5, 28, 59.8, 2.8, 3, 0, 0, 0, 6, 0, 0),
(86, 'list_a', 33, 5, 10.2, 62, 0, 68, 3, 22.66, 20.66, 6.58, 1, 0, 0, 0, 10, 0, 0),
(86, 't20', 57, 6, 13.2, 80, 0, 103, 2, 51.5, 40, 7.72, 1, 0, 0, 0, 24, 0, 2),
(87, 'first_class', 16, 0, 0, 0, 0, 0, 0, 0, 0, 0, 0, 0, 0, 0, 50, 5, 0),
(87, 'list_a', 41, 0, 0, 0, 0, 0, 0, 0, 0, 0, 0, 0, 0, 0, 43, 6, 2),
(87, 't20', 60, 1, 1, 6, 0, 5, 0, 0, 0, 5, 0, 0, 0, 0, 41, 8, 5),
(88, 'first_class', 18, 31, 574.5, 3449, 88, 2100, 70, 30, 49.27, 3.65, 9, 5, 7, 0, 5, 0, 1),
(88, 'list_a', 40, 40, 337.5, 2027, 7, 1733, 67, 25.86, 30.25, 5.12, 5, 2, 1, 0, 12, 0, 3),
(88, 'odi', 1, 1, 10, 60, 0, 54, 3, 18, 20, 5.4, 3, 0, 0, 0, 0, 0, 0),
(88, 't20', 79, 78, 287.4, 1726, 3, 2122, 94, 22.57, 18.36, 7.37, 5, 1, 1, 0, 22, 0, 2),
(88, 't20i', 6, 6, 22, 132, 0, 167, 7, 23.85, 18.85, 7.59, 3, 0, 0, 0, 3, 0, 0),
(89, 'first_class', 27, 42, 707.2, 4244, 190, 1998, 81, 24.66, 52.39, 2.82, 7, 5, 3, 0, 1, 0, 1),
(89, 'list_a', 30, 30, 231.3, 1389, 21, 1171, 47, 24.91, 29.55, 5.05, 6, 1, 2, 0, 4, 0, 2),
(89, 't20', 23, 22, 80, 480, 0, 537, 30, 17.9, 16, 6.71, 4, 2, 0, 0, 1, 0, 0),
(90, 'first_class', 9, 13, 204.2, 1226, 41, 623, 30, 20.76, 40.86, 3.04, 9, 0, 2, 0, 2, 0, 0),
(90, 'list_a', 5, 5, 38.1, 229, 2, 197, 8, 24.62, 28.62, 5.16, 4, 1, 0, 0, 0, 0, 0),
(90, 't20', 17, 17, 61.1, 367, 2, 466, 15, 31.06, 24.46, 7.61, 3, 0, 0, 0, 3, 0, 0),
(91, 'first_class', 14, 27, 242.3, 1455, 36, 922, 30, 30.73, 48.5, 3.8, 5, 1, 0, 0, 12, 0, 0),
(91, 'list_a', 34, 33, 191.3, 1149, 8, 1119, 35, 31.97, 32.82, 5.84, 3, 0, 0, 0, 14, 0, 1),
(91, 'odi', 5, 5, 24.1, 145, 0, 122, 6, 20.33, 24.16, 5.04, 2, 0, 0, 0, 1, 0, 0),
(91, 't20', 41, 40, 117.2, 704, 1, 1109, 42, 26.4, 16.76, 9.45, 4, 1, 0, 0, 19, 0, 1),
(91, 't20i', 10, 9, 25, 150, 0, 278, 7, 39.71, 21.42, 11.12, 2, 0, 0, 0, 6, 0, 0),
(92, 'first_class', 6, 10, 180.4, 1084, 44, 519, 21, 24.71, 51.61, 2.87, 5, 0, 1, 0, 3, 0, 1),
(92, 'list_a', 17, 16, 136.2, 818, 10, 650, 21, 30.95, 38.95, 4.76, 4, 1, 0, 0, 4, 0, 1),
(92, 't20', 43, 43, 146.4, 880, 1, 1190, 45, 26.44, 19.55, 8.11, 5, 0, 1, 0, 13, 0, 3),
(93, 'first_class', 8, 4, 14, 84, 1, 40, 0, 0, 0, 2.85, 0, 0, 0, 0, 7, 0, 1),
(93, 'list_a', 20, 13, 50.2, 302, 3, 239, 8, 29.87, 37.75, 4.74, 2, 0, 0, 0, 7, 0, 1),
(93, 't20', 20, 12, 25, 150, 1, 134, 10, 13.4, 15, 5.36, 2, 0, 0, 0, 6, 0, 3),
(94, 'first_class', 35, 51, 491.4, 2950, 109, 1301, 35, 37.17, 84.28, 2.64, 4, 0, 0, 0, 29, 0, 0),
(94, 'list_a', 43, 38, 215, 1290, 2, 998, 30, 33.26, 43, 4.64, 4, 1, 0, 0, 17, 0, 5),
(94, 't20', 34, 28, 71, 426, 0, 611, 20, 30.55, 21.3, 8.6, 4, 1, 0, 0, 16, 0, 2),
(95, 'first_class', 7, 13, 261.4, 1570, 41, 879, 35, 25.11, 44.85, 3.35, 9, 1, 2, 0, 2, 0, 0),
(95, 'list_a', 15, 15, 108, 648, 4, 542, 21, 25.8, 30.85, 5.01, 5, 0, 1, 0, 0, 0, 0),
(95, 'odi', 3, 3, 23, 138, 0, 143, 3, 47.66, 46, 6.21, 1, 0, 0, 0, 0, 0, 0),
(95, 't20', 46, 46, 166.2, 998, 0, 1336, 54, 24.74, 18.48, 8.03, 4, 2, 0, 0, 21, 0, 2),
(95, 't20i', 3, 3, 12, 72, 0, 78, 9, 8.66, 8, 6.5, 4, 1, 0, 0, 1, 0, 0),
(96, 'list_a', 9, 9, 74, 444, 6, 306, 9, 34, 49.33, 4.13, 4, 1, 0, 0, 1, 0, 0),
(96, 't20', 33, 33, 109.2, 656, 1, 730, 30, 24.33, 21.86, 6.67, 4, 1, 0, 0, 5, 0, 1),
(97, 't20', 4, 3, 7, 42, 0, 52, 1, 52, 42, 7.42, 1, 0, 0, 0, 1, 0, 0),
(98, 'first_class', 2, 3, 44, 264, 7, 147, 3, 49, 88, 3.34, 2, 0, 0, 0, 0, 0, 1),
(98, 't20', 2, 0, 0, 0, 0, 0, 0, 0, 0, 0, 0, 0, 0, 0, 0, 0, 0),
(99, 'first_class', 142, 254, 6270.5, 37625, 1324, 17221, 684, 25.17, 55, 2.74, 13, 31, 49, 11, 56, 0, 5),
(99, 'list_a', 173, 171, 1558.4, 9352, 66, 7242, 231, 31.35, 40.48, 4.64, 4, 1, 0, 0, 49, 0, 6),
(99, 'odi', 113, 111, 1023.3, 6141, 36, 5058, 151, 33.49, 40.66, 4.94, 4, 1, 0, 0, 30, 0, 3),
(99, 't20', 273, 270, 979, 5874, 7, 6778, 271, 25.01, 21.67, 6.92, 4, 4, 0, 0, 64, 0, 10),
(99, 't20i', 51, 51, 191, 1146, 2, 1298, 61, 21.27, 18.78, 6.79, 4, 2, 0, 0, 9, 0, 0),
(99, 'test', 86, 162, 3848.1, 23089, 794, 10666, 442, 24.13, 52.23, 2.77, 13, 23, 30, 7, 31, 0, 5),
(100, 'first_class', 110, 200, 3787.3, 22725, 893, 11171, 417, 26.78, 54.49, 2.94, 10, 20, 17, 1, 56, 0, 4),
(100, 'list_a', 122, 120, 1092.4, 6556, 72, 5490, 211, 26.01, 31.07, 5.02, 7, 10, 5, 0, 44, 0, 5),
(100, 'odi', 93, 93, 852.5, 5117, 59, 4261, 169, 25.21, 30.27, 4.99, 7, 8, 5, 0, 34, 0, 4),
(100, 't20', 156, 156, 573, 3438, 9, 4693, 183, 25.64, 18.78, 8.19, 4, 2, 0, 0, 59, 0, 7),
(100, 't20i', 44, 44, 165.3, 993, 1, 1345, 62, 21.69, 16.01, 8.12, 4, 1, 0, 0, 16, 0, 1),
(100, 'test', 75, 143, 2781.3, 16689, 634, 8254, 301, 27.42, 55.44, 2.96, 10, 17, 9, 1, 40, 0, 3),
(101, 'first_class', 122, 1, 2, 12, 0, 11, 0, 0, 0, 5.5, 0, 0, 0, 0, 274, 3, 3),
(101, 'list_a', 218, 0, 0, 0, 0, 0, 0, 0, 0, 0, 0, 0, 0, 0, 231, 37, 8),
(101, 'odi', 148, 0, 0, 0, 0, 0, 0, 0, 0, 0, 0, 0, 0, 0, 181, 32, 7),
(101, 't20', 304, 0, 0, 0, 0, 0, 0, 0, 0, 0, 0, 0, 0, 0, 165, 34, 15),
(101, 't20i', 88, 0, 0, 0, 0, 0, 0, 0, 0, 0, 0, 0, 0, 0, 39, 10, 6),
(101, 'test', 57, 0, 0, 0, 0, 0, 0, 0, 0, 0, 0, 0, 0, 0, 153, 1, 1),
(102, 'first_class', 133, 18, 65.1, 391, 2, 257, 5, 51.4, 78.2, 3.94, 2, 0, 0, 0, 91, 0, 1),
(102, 'list_a', 126, 5, 23, 138, 1, 85, 5, 17, 27.6, 3.69, 2, 0, 0, 0, 43, 0, 2),
(102, 'odi', 35, 1, 1, 6, 0, 3, 1, 3, 6, 3, 1, 0, 0, 0, 15, 0, 2),
(102, 't20', 142, 6, 9, 54, 0, 55, 3, 18.33, 18, 6.11, 2, 0, 0, 0, 43, 0, 5),
(102, 't20i', 34, 0, 0, 0, 0, 0, 0, 0, 0, 0, 0, 0, 0, 0, 10, 0, 1),
(102, 'test', 15, 0, 0, 0, 0, 0, 0, 0, 0, 0, 0, 0, 0, 0, 22, 0, 0),
(103, 'first_class', 67, 113, 1176.3, 7059, 234, 4012, 123, 32.61, 57.39, 3.41, 6, 2, 2, 0, 67, 0, 1),
(103, 'list_a', 129, 112, 700.5, 4205, 23, 4059, 145, 27.99, 29, 5.79, 5, 6, 4, 0, 51, 0, 11),
(103, 'odi', 66, 62, 352.3, 2115, 6, 2139, 68, 31.45, 31.1, 6.06, 5, 2, 2, 0, 24, 0, 7),
(103, 't20', 176, 155, 434.4, 2608, 2, 3923, 151, 25.98, 17.27, 9.02, 4, 2, 0, 0, 59, 0, 7),
(103, 't20i', 38, 29, 63.3, 381, 0, 586, 21, 27.9, 18.14, 9.22, 3, 0, 0, 0, 11, 0, 1),
(103, 'test', 12, 21, 179.2, 1076, 18, 675, 14, 48.21, 76.85, 3.76, 3, 0, 0, 0, 12, 0, 0),
(104, 'first_class', 85, 107, 841.5, 5051, 184, 2691, 90, 29.9, 56.12, 3.19, 6, 3, 1, 0, 95, 0, 1),
(104, 'list_a', 88, 56, 273.1, 1639, 4, 1674, 51, 32.82, 32.13, 6.12, 3, 0, 0, 0, 39, 0, 4),
(104, 'odi', 3, 2, 5, 30, 0, 33, 0, 0, 0, 6.6, 0, 0, 0, 0, 0, 0, 0),
(104, 't20', 132, 64, 150.3, 903, 0, 1394, 59, 23.62, 15.3, 9.26, 4, 2, 0, 0, 66, 0, 5),
(104, 't20i', 25, 7, 11.5, 71, 0, 121, 6, 20.16, 11.83, 10.22, 2, 0, 0, 0, 12, 0, 0),
(104, 'test', 9, 8, 58, 348, 13, 160, 2, 80, 174, 2.75, 1, 0, 0, 0, 11, 0, 0),
(105, 'first_class', 84, 61, 230.3, 1383, 37, 730, 13, 56.15, 106.38, 3.16, 2, 0, 0, 0, 69, 0, 2),
(105, 'list_a', 90, 37, 146, 876, 1, 750, 15, 50, 58.4, 5.13, 2, 0, 0, 0, 33, 0, 5),
(105, 'odi', 2, 0, 0, 0, 0, 0, 0, 0, 0, 0, 0, 0, 0, 0, 0, 0, 0),
(105, 't20', 149, 10, 13, 78, 0, 81, 4, 20.25, 19.5, 6.23, 1, 0, 0, 0, 59, 0, 10),
(105, 'test', 6, 2, 2, 12, 0, 11, 0, 0, 0, 5.5, 0, 0, 0, 0, 6, 0, 0),
(106, 'first_class', 55, 1, 1, 6, 0, 7, 0, 0, 0, 7, 0, 0, 0, 0, 73, 7, 4),
(106, 'list_a', 102, 0, 0, 0, 0, 0, 0, 0, 0, 0, 0, 0, 0, 0, 100, 14, 3),
(106, 'odi', 1, 0, 0, 0, 0, 0, 0, 0, 0, 0, 0, 0, 0, 0, 0, 1, 0),
(106, 't20', 206, 1, 0.3, 3, 0, 4, 1, 4, 3, 8, 1, 0, 0, 0, 107, 20, 22),
(106, 't20i', 13, 0, 0, 0, 0, 0, 0, 0, 0, 0, 0, 0, 0, 0, 6, 2, 2),
(107, 'first_class', 31, 48, 910.3, 5463, 181, 2790, 84, 33.21, 65.03, 3.06, 8, 3, 2, 0, 11, 0, 0),
(107, 'list_a', 119, 114, 978.5, 5873, 30, 4746, 179, 26.51, 32.81, 4.84, 6, 4, 4, 0, 27, 0, 2),
(107, 'odi', 61, 60, 551, 3306, 14, 2854, 104, 27.44, 31.78, 5.17, 6, 3, 2, 0, 16, 0, 1),
(107, 't20', 233, 231, 833.4, 5002, 8, 6286, 265, 23.72, 18.87, 7.54, 6, 5, 2, 0, 56, 0, 7),
(107, 't20i', 54, 54, 210.3, 1263, 1, 1723, 68, 25.33, 18.57, 8.18, 6, 2, 1, 0, 10, 0, 1),
(108, 'first_class', 41, 0, 0, 0, 0, 0, 0, 0, 0, 0, 0, 0, 0, 0, 32, 0, 0),
(108, 'list_a', 69, 0, 0, 0, 0, 0, 0, 0, 0, 0, 0, 0, 0, 0, 38, 0, 1),
(108, 'odi', 47, 0, 0, 0, 0, 0, 0, 0, 0, 0, 0, 0, 0, 0, 19, 0, 1),
(108, 't20', 130, 0, 0, 0, 0, 0, 0, 0, 0, 0, 0, 0, 0, 0, 62, 0, 3),
(108, 't20i', 42, 0, 0, 0, 0, 0, 0, 0, 0, 0, 0, 0, 0, 0, 16, 0, 0),
(108, 'test', 16, 0, 0, 0, 0, 0, 0, 0, 0, 0, 0, 0, 0, 0, 7, 0, 0),
(109, 'first_class', 54, 91, 1458.4, 8752, 364, 4264, 148, 28.81, 59.13, 2.92, 7, 4, 4, 0, 15, 0, 2),
(109, 'list_a', 56, 56, 475.3, 2853, 20, 2513, 85, 29.56, 33.56, 5.28, 5, 3, 1, 0, 12, 0, 0),
(109, 'odi', 8, 8, 70, 420, 0, 481, 6, 80.16, 70, 6.87, 2, 0, 0, 0, 3, 0, 0),
(109, 't20', 68, 66, 239, 1434, 3, 1783, 56, 31.83, 25.6, 7.46, 3, 0, 0, 0, 18, 0, 2),
(109, 't20i', 11, 9, 32.5, 197, 1, 235, 13, 18.07, 15.15, 7.15, 3, 0, 0, 0, 3, 0, 0),
(109, 'test', 2, 4, 41.5, 251, 5, 172, 4, 43, 62.75, 4.11, 4, 0, 0, 0, 1, 0, 0),
(110, 'first_class', 37, 63, 1143.3, 6861, 277, 3557, 124, 28.68, 55.33, 3.11, 9, 6, 2, 0, 24, 0, 3),
(110, 'list_a', 80, 80, 718.2, 4310, 34, 3647, 146, 24.97, 29.52, 5.07, 5, 4, 2, 0, 28, 0, 4),
(110, 'odi', 32, 32, 279.4, 1678, 10, 1555, 52, 29.9, 32.26, 5.56, 4, 1, 0, 0, 7, 0, 1),
(110, 't20', 146, 143, 517.3, 3105, 4, 4029, 170, 23.7, 18.26, 7.78, 4, 4, 0, 0, 46, 0, 11),
(110, 't20i', 28, 27, 97, 582, 1, 802, 34, 23.58, 17.11, 8.26, 4, 1, 0, 0, 13, 0, 0),
(111, 'list_a', 6, 6, 49.3, 297, 2, 179, 7, 25.57, 42.42, 3.61, 3, 0, 0, 0, 0, 0, 0),
(111, 't20', 38, 38, 140, 840, 0, 946, 37, 25.56, 22.7, 6.75, 4, 1, 0, 0, 5, 0, 1),
(112, 'first_class', 11, 21, 309.3, 1857, 73, 863, 49, 17.61, 37.89, 2.78, 10, 3, 2, 1, 3, 0, 0),
(112, 'list_a', 57, 57, 441.4, 2650, 35, 2244, 102, 22, 25.98, 5.08, 6, 7, 2, 0, 15, 0, 2),
(112, 'odi', 7, 7, 62.1, 373, 5, 301, 18, 16.72, 20.72, 4.84, 4, 2, 0, 0, 0, 0, 0),
(112, 't20', 62, 62, 224.5, 1349, 3, 1923, 58, 33.15, 23.25, 8.55, 4, 1, 0, 0, 16, 0, 2),
(113, 'first_class', 4, 4, 57.3, 345, 1, 245, 6, 40.83, 57.5, 4.26, 3, 0, 0, 0, 2, 0, 0),
(113, 'list_a', 2, 2, 17, 102, 1, 72, 1, 72, 102, 4.23, 1, 0, 0, 0, 0, 0, 0),
(113, 't20', 3, 3, 6.3, 39, 0, 78, 0, 0, 0, 12, 0, 0, 0, 0, 0, 0, 0),
(114, 'first_class', 4, 7, 69, 414, 11, 278, 6, 46.33, 69, 4.02, 4, 0, 0, 0, 3, 0, 0),
(114, 'list_a', 20, 19, 103.5, 623, 3, 594, 19, 31.26, 32.78, 5.72, 2, 0, 0, 0, 7, 0, 2),
(114, 'odi', 2, 2, 14, 84, 0, 109, 4, 27.25, 21, 7.78, 2, 0, 0, 0, 0, 0, 0),
(114, 't20', 37, 36, 121, 726, 0, 1029, 48, 21.43, 15.12, 8.5, 4, 3, 0, 0, 3, 0, 2),
(114, 't20i', 13, 12, 42, 252, 0, 320, 19, 16.84, 13.26, 7.61, 4, 2, 0, 0, 1, 0, 1),
(115, 'first_class', 19, 2, 2, 12, 1, 6, 0, 0, 0, 3, 0, 0, 0, 0, 19, 0, 0),
(115, 'list_a', 22, 0, 0, 0, 0, 0, 0, 0, 0, 0, 0, 0, 0, 0, 9, 0, 2),
(115, 't20', 62, 0, 0, 0, 0, 0, 0, 0, 0, 0, 0, 0, 0, 0, 32, 0, 1),
(115, 't20i', 2, 0, 0, 0, 0, 0, 0, 0, 0, 0, 0, 0, 0, 0, 0, 0, 0),
(116, 'first_class', 16, 24, 202.1, 1213, 23, 773, 21, 36.8, 57.76, 3.82, 6, 0, 1, 0, 12, 0, 0),
(116, 'list_a', 29, 24, 174, 1044, 6, 838, 26, 32.23, 40.15, 4.81, 4, 1, 0, 0, 13, 0, 0),
(116, 't20', 66, 44, 102.5, 617, 2, 776, 24, 32.33, 25.7, 7.54, 3, 0, 0, 0, 30, 0, 5),
(117, 'first_class', 1, 0, 0, 0, 0, 0, 0, 0, 0, 0, 0, 0, 0, 0, 2, 0, 0),
(117, 'list_a', 26, 11, 44.3, 267, 1, 232, 7, 33.14, 38.14, 5.21, 2, 0, 0, 0, 7, 0, 1),
(117, 't20', 26, 3, 2.1, 13, 0, 30, 0, 0, 0, 13.84, 0, 0, 0, 0, 4, 0, 1),
(118, 'first_class', 1, 1, 11, 66, 1, 32, 1, 32, 66, 2.9, 1, 0, 0, 0, 0, 0, 0),
(118, 'list_a', 8, 8, 51, 306, 7, 177, 10, 17.7, 30.6, 3.47, 3, 0, 0, 0, 0, 0, 2),
(118, 't20', 1, 1, 3.1, 19, 0, 32, 1, 32, 19, 10.1, 1, 0, 0, 0, 0, 0, 0),
(119, 'first_class', 16, 28, 409, 2454, 78, 1342, 44, 30.5, 55.77, 3.28, 7, 0, 1, 0, 4, 0, 0),
(119, 'list_a', 5, 5, 47, 282, 1, 304, 4, 76, 70.5, 6.46, 2, 0, 0, 0, 1, 0, 0),
(119, 't20', 22, 20, 71.5, 431, 0, 601, 18, 33.38, 23.94, 8.36, 4, 1, 0, 0, 4, 0, 0),
(120, 'first_class', 3, 0, 0, 0, 0, 0, 0, 0, 0, 0, 0, 0, 0, 0, 5, 1, 0),
(120, 't20', 2, 0, 0, 0, 0, 0, 0, 0, 0, 0, 0, 0, 0, 0, 3, 0, 0),
(121, 'first_class', 1, 1, 18, 108, 2, 105, 1, 105, 108, 5.83, 1, 0, 0, 0, 0, 0, 0),
(121, 'list_a', 1, 1, 9, 54, 1, 39, 1, 39, 54, 4.33, 1, 0, 0, 0, 0, 0, 0),
(121, 't20', 1, 1, 2, 12, 0, 16, 0, 0, 0, 8, 0, 0, 0, 0, 0, 0, 0),
(123, 'first_class', 113, 203, 4447.3, 26685, 1128, 10960, 453, 24.19, 58.9, 2.46, 13, 21, 28, 7, 90, 0, 15),
(123, 'list_a', 221, 212, 1822, 10932, 69, 8715, 249, 35, 43.9, 4.78, 5, 10, 1, 0, 82, 0, 30),
(123, 'odi', 168, 164, 1426.1, 8557, 50, 7024, 188, 37.36, 45.51, 4.92, 5, 7, 1, 0, 60, 0, 21),
(123, 't20', 284, 253, 762.4, 4576, 6, 5798, 191, 30.35, 23.95, 7.6, 5, 3, 1, 0, 112, 0, 32),
(123, 't20i', 58, 56, 187.1, 1123, 4, 1318, 48, 27.45, 23.39, 7.04, 3, 0, 0, 0, 22, 0, 7),
(123, 'test', 59, 112, 2437.5, 14627, 615, 5915, 242, 24.44, 60.44, 2.42, 10, 11, 10, 1, 39, 0, 8),
(124, 'first_class', 131, 9, 21, 126, 2, 87, 0, 0, 0, 4.14, 0, 0, 0, 0, 363, 59, 3),
(124, 'list_a', 423, 4, 10.3, 63, 0, 53, 2, 26.5, 31.5, 5.04, 1, 0, 0, 0, 402, 141, 29),
(124, 'odi', 350, 2, 6, 36, 0, 31, 1, 31, 36, 5.16, 1, 0, 0, 0, 321, 123, 22),
(124, 't20', 355, 1, 2, 12, 0, 25, 0, 0, 0, 12.5, 0, 0, 0, 0, 202, 84, 34),
(124, 't20i', 98, 0, 0, 0, 0, 0, 0, 0, 0, 0, 0, 0, 0, 0, 57, 34, 8),
(124, 'test', 90, 7, 16, 96, 1, 67, 0, 0, 0, 4.18, 0, 0, 0, 0, 256, 38, 3),
(125, 'first_class', 114, 201, 3164.2, 18986, 582, 10730, 335, 32.02, 56.67, 3.39, 9, 11, 10, 0, 137, 0, 0),
(125, 'list_a', 84, 82, 633, 3798, 17, 3633, 121, 30.02, 31.38, 5.73, 5, 1, 2, 0, 45, 0, 3),
(125, 'odi', 34, 34, 269.4, 1618, 5, 1611, 45, 35.8, 35.95, 5.97, 5, 0, 1, 0, 19, 0, 1),
(125, 't20', 258, 252, 859.5, 5159, 3, 7362, 265, 27.78, 19.46, 8.56, 4, 3, 0, 0, 142, 0, 15),
(125, 't20i', 75, 74, 259.5, 1559, 2, 2250, 80, 28.12, 19.48, 8.65, 4, 2, 0, 0, 40, 0, 7),
(125, 'test', 8, 16, 255, 1530, 74, 752, 21, 35.8, 72.85, 2.94, 7, 1, 0, 0, 14, 0, 0),
(126, 'first_class', 61, 108, 1558.3, 9351, 454, 4263, 173, 24.64, 54.05, 2.73, 10, 5, 6, 1, 18, 0, 1),
(126, 'list_a', 95, 94, 722.4, 4336, 56, 3433, 111, 30.92, 39.06, 4.75, 4, 3, 0, 0, 21, 0, 4),
(126, 'odi', 24, 24, 181.4, 1090, 9, 885, 31, 28.54, 35.16, 4.87, 3, 0, 0, 0, 7, 0, 2),
(126, 't20', 161, 140, 378.1, 2269, 1, 3064, 116, 26.41, 19.56, 8.1, 5, 1, 1, 0, 29, 0, 2),
(126, 't20i', 22, 20, 57.4, 346, 0, 448, 23, 19.47, 15.04, 7.76, 5, 0, 1, 0, 1, 0, 0),
(126, 'test', 3, 6, 80, 480, 22, 252, 7, 36, 68.57, 3.15, 3, 0, 0, 0, 2, 0, 0),
(127, 'first_class', 97, 35, 133, 798, 12, 518, 10, 51.8, 79.8, 3.89, 4, 1, 0, 0, 73, 0, 2),
(127, 'list_a', 172, 19, 70.1, 421, 1, 406, 13, 31.23, 32.38, 5.78, 4, 1, 0, 0, 68, 0, 13),
(127, 'odi', 55, 9, 20.1, 121, 1, 124, 3, 41.33, 40.33, 6.14, 1, 0, 0, 0, 17, 0, 5),
(127, 't20', 264, 0, 0, 0, 0, 0, 0, 0, 0, 0, 0, 0, 0, 0, 98, 3, 12),
(127, 't20i', 6, 0, 0, 0, 0, 0, 0, 0, 0, 0, 0, 0, 0, 0, 4, 0, 0),
(128, 'first_class', 142, 39, 125.4, 754, 16, 485, 12, 40.41, 62.83, 3.85, 5, 0, 0, 0, 134, 2, 2),
(128, 'list_a', 203, 16, 47.2, 284, 0, 286, 5, 57.2, 56.8, 6.04, 2, 0, 0, 0, 110, 9, 14),
(128, 'odi', 46, 1, 0.2, 2, 0, 0, 0, 0, 0, 0, 0, 0, 0, 0, 19, 2, 3),
(128, 't20', 286, 1, 1, 6, 0, 11, 0, 0, 0, 11, 0, 0, 0, 0, 130, 39, 12),
(128, 't20i', 13, 0, 0, 0, 0, 0, 0, 0, 0, 0, 0, 0, 0, 0, 2, 0, 1),
(129, 'first_class', 117, 25, 104.2, 626, 5, 467, 9, 51.88, 69.55, 4.47, 4, 0, 0, 0, 100, 0, 2),
(129, 'list_a', 85, 9, 21.2, 128, 0, 127, 3, 42.33, 42.66, 5.95, 1, 0, 0, 0, 40, 0, 0),
(129, 'odi', 3, 0, 0, 0, 0, 0, 0, 0, 0, 0, 0, 0, 0, 0, 3, 0, 0),
(129, 't20', 112, 8, 17.1, 103, 0, 141, 3, 47, 34.33, 8.21, 1, 0, 0, 0, 49, 2, 4),
(129, 't20i', 20, 0, 0, 0, 0, 0, 0, 0, 0, 0, 0, 0, 0, 0, 11, 1, 0),
(129, 'test', 7, 0, 0, 0, 0, 0, 0, 0, 0, 0, 0, 0, 0, 0, 1, 0, 0),
(130, 'first_class', 56, 88, 1379, 8274, 291, 4061, 86, 47.22, 96.2, 2.94, 5, 1, 0, 0, 46, 0, 7),
(130, 'list_a', 104, 97, 792.3, 4755, 24, 3708, 112, 33.1, 42.45, 4.67, 5, 1, 1, 0, 46, 0, 9),
(130, 'odi', 75, 70, 564.1, 3385, 12, 2742, 75, 36.56, 45.13, 4.86, 5, 0, 1, 0, 30, 0, 8),
(130, 't20', 124, 121, 420, 2520, 3, 2971, 121, 24.55, 20.82, 7.07, 4, 2, 0, 0, 45, 0, 4),
(130, 't20i', 62, 61, 208.2, 1250, 1, 1515, 66, 22.95, 18.93, 7.27, 4, 2, 0, 0, 26, 0, 1),
(130, 'test', 24, 40, 672.5, 4037, 140, 1871, 41, 45.63, 98.46, 2.78, 5, 0, 0, 0, 16, 0, 4),
(131, 'first_class', 100, 140, 1836.3, 11019, 362, 5918, 177, 33.43, 62.25, 3.22, 8, 9, 7, 0, 89, 0, 2),
(131, 'list_a', 227, 204, 1434.5, 8609, 55, 7494, 271, 27.65, 31.76, 5.22, 6, 8, 2, 0, 105, 0, 22),
(131, 'odi', 164, 150, 1085.1, 6511, 38, 5874, 199, 29.51, 32.71, 5.41, 6, 6, 1, 0, 73, 0, 21),
(131, 't20', 530, 502, 1712.3, 10275, 4, 14063, 585, 24.03, 17.56, 8.21, 5, 11, 2, 0, 252, 0, 49),
(131, 't20i', 91, 77, 250.5, 1505, 0, 2036, 78, 26.1, 19.29, 8.11, 4, 3, 0, 0, 44, 0, 9),
(131, 'test', 40, 61, 1077.4, 6466, 213, 3426, 86, 39.83, 75.18, 3.17, 6, 6, 2, 0, 41, 0, 1),
(132, 'first_class', 16, 27, 345.3, 2073, 80, 971, 40, 24.27, 51.82, 2.81, 7, 0, 2, 0, 6, 0, 0),
(132, 'list_a', 47, 43, 271, 1626, 7, 1456, 36, 40.44, 45.16, 5.37, 3, 0, 0, 0, 13, 0, 0),
(132, 'odi', 1, 1, 7.5, 47, 0, 68, 0, 0, 0, 8.68, 0, 0, 0, 0, 0, 0, 0),
(132, 't20', 77, 55, 122.3, 735, 1, 1088, 33, 32.96, 22.27, 8.88, 3, 0, 0, 0, 25, 0, 0),
(132, 't20i', 13, 11, 21.3, 129, 0, 216, 5, 43.2, 25.8, 10.04, 3, 0, 0, 0, 8, 0, 0),
(133, 'first_class', 198, 292, 4097.2, 24584, 591, 14490, 382, 37.93, 64.35, 3.53, 12, 17, 12, 2, 120, 0, 2),
(133, 'list_a', 229, 193, 1361.1, 8167, 20, 7307, 162, 45.1, 50.41, 5.36, 4, 2, 0, 0, 69, 0, 1),
(133, 'odi', 112, 104, 842.4, 5056, 10, 4424, 87, 50.85, 58.11, 5.25, 4, 1, 0, 0, 36, 0, 1),
(133, 't20', 214, 177, 491.4, 2950, 2, 3682, 145, 25.39, 20.34, 7.48, 5, 1, 1, 0, 71, 0, 4),
(133, 't20i', 49, 42, 108.1, 649, 1, 854, 33, 25.87, 19.66, 7.89, 3, 0, 0, 0, 13, 0, 3),
(133, 'test', 64, 112, 1975.4, 11854, 278, 7149, 195, 36.66, 60.78, 3.61, 10, 13, 5, 1, 40, 0, 2),
(134, 'first_class', 26, 1, 1, 6, 0, 2, 0, 0, 0, 2, 0, 0, 0, 0, 61, 3, 0),
(134, 'list_a', 36, 0, 0, 0, 0, 0, 0, 0, 0, 0, 0, 0, 0, 0, 15, 3, 4),
(134, 't20', 43, 0, 0, 0, 0, 0, 0, 0, 0, 0, 0, 0, 0, 0, 14, 3, 1),
(135, 'first_class', 1, 0, 0, 0, 0, 0, 0, 0, 0, 0, 0, 0, 0, 0, 0, 0, 0),
(135, 'list_a', 8, 1, 5, 30, 1, 5, 1, 5, 30, 1, 1, 0, 0, 0, 3, 0, 1),
(135, 't20', 27, 2, 1.5, 11, 0, 18, 0, 0, 0, 9.81, 0, 0, 0, 0, 7, 0, 0),
(136, 'first_class', 21, 1, 0.1, 1, 0, 1, 0, 0, 0, 6, 0, 0, 0, 0, 14, 0, 0),
(136, 'list_a', 64, 1, 3, 18, 0, 11, 0, 0, 0, 3.66, 0, 0, 0, 0, 16, 0, 4),
(136, 't20', 71, 0, 0, 0, 0, 0, 0, 0, 0, 0, 0, 0, 0, 0, 27, 0, 2),
(136, 't20i', 3, 0, 0, 0, 0, 0, 0, 0, 0, 0, 0, 0, 0, 0, 1, 0, 0),
(137, 'first_class', 1, 2, 9, 54, 0, 51, 0, 0, 0, 5.66, 0, 0, 0, 0, 0, 0, 0),
(137, 'list_a', 9, 9, 81, 486, 0, 483, 21, 23, 23.14, 5.96, 5, 1, 1, 0, 1, 0, 0),
(137, 't20', 1, 1, 4, 24, 0, 26, 1, 26, 24, 6.5, 1, 0, 0, 0, 0, 0, 0),
(138, 'first_class', 37, 5, 24, 144, 5, 70, 1, 70, 144, 2.91, 1, 0, 0, 0, 12, 0, 2),
(138, 'list_a', 32, 1, 2, 12, 0, 11, 0, 0, 0, 5.5, 0, 0, 0, 0, 10, 0, 1),
(138, 't20', 26, 0, 0, 0, 0, 0, 0, 0, 0, 0, 0, 0, 0, 0, 13, 0, 2),
(139, 'first_class', 13, 23, 395.1, 2371, 62, 1271, 38, 33.44, 62.39, 3.21, 6, 1, 0, 0, 3, 0, 2),
(139, 'list_a', 12, 12, 111.5, 671, 4, 644, 17, 37.88, 39.47, 5.75, 4, 1, 0, 0, 4, 0, 0),
(139, 't20', 19, 19, 67.4, 406, 1, 601, 23, 26.13, 17.65, 8.88, 3, 0, 0, 0, 2, 0, 0),
(140, 'first_class', 20, 29, 444.5, 2669, 83, 1433, 50, 28.66, 53.38, 3.22, 9, 3, 3, 0, 3, 0, 1),
(140, 'list_a', 27, 26, 192.2, 1154, 7, 1195, 29, 41.2, 39.79, 6.21, 5, 0, 1, 0, 5, 0, 1),
(140, 't20', 33, 33, 116.4, 700, 1, 1018, 45, 22.62, 15.55, 8.72, 4, 2, 0, 0, 6, 0, 1),
(141, 'first_class', 3, 6, 50, 300, 10, 164, 2, 82, 150, 3.28, 2, 0, 0, 0, 2, 0, 0),
(141, 'list_a', 8, 8, 66, 396, 3, 387, 17, 22.76, 23.29, 5.86, 4, 1, 0, 0, 3, 0, 0),
(141, 't20', 20, 20, 62.1, 373, 0, 505, 21, 24.04, 17.76, 8.12, 3, 0, 0, 0, 3, 0, 2),
(142, 'first_class', 11, 19, 310, 1860, 49, 1089, 37, 29.43, 50.27, 3.51, 7, 5, 1, 0, 2, 0, 0),
(142, 'list_a', 23, 23, 168.2, 1010, 7, 891, 23, 38.73, 43.91, 5.29, 4, 1, 0, 0, 2, 0, 0),
(142, 't20', 20, 20, 65.3, 393, 2, 488, 24, 20.33, 16.37, 7.45, 3, 0, 0, 0, 2, 0, 0),
(143, 'list_a', 5, 5, 43.5, 263, 0, 224, 10, 22.4, 26.3, 5.11, 4, 2, 0, 0, 0, 0, 0),
(143, 't20', 2, 2, 7, 42, 0, 62, 0, 0, 0, 8.85, 0, 0, 0, 0, 0, 0, 0),
(144, 'first_class', 3, 3, 69, 414, 1, 234, 8, 29.25, 51.75, 3.39, 5, 0, 1, 0, 1, 0, 0),
(144, 'list_a', 15, 15, 122.4, 736, 10, 448, 24, 18.66, 30.66, 3.65, 4, 2, 0, 0, 3, 0, 0),
(144, 'odi', 4, 4, 36, 216, 1, 136, 6, 22.66, 36, 3.77, 4, 1, 0, 0, 1, 0, 0),
(144, 't20', 53, 52, 194, 1164, 2, 1206, 59, 20.44, 19.72, 6.21, 4, 2, 0, 0, 14, 0, 1),
(144, 't20i', 15, 15, 56, 336, 0, 359, 14, 25.64, 24, 6.41, 3, 0, 0, 0, 4, 0, 0),
(145, 'list_a', 1, 1, 5, 30, 0, 41, 0, 0, 0, 8.2, 0, 0, 0, 0, 0, 0, 0),
(145, 't20', 2, 2, 4, 24, 0, 33, 2, 16.5, 12, 8.25, 2, 0, 0, 0, 0, 0, 1),
(147, 'first_class', 133, 25, 107.1, 643, 14, 338, 3, 112.66, 214.33, 3.15, 2, 0, 0, 0, 132, 0, 4),
(147, 'list_a', 294, 55, 117.3, 705, 1, 726, 4, 181.5, 176.25, 6.17, 1, 0, 0, 0, 155, 0, 23),
(147, 'odi', 260, 48, 106.5, 641, 1, 665, 4, 166.25, 160.25, 6.22, 1, 0, 0, 0, 137, 0, 21),
(147, 't20', 335, 44, 75.4, 454, 0, 661, 8, 82.62, 56.75, 8.73, 2, 0, 0, 0, 146, 0, 29),
(147, 't20i', 97, 12, 24.2, 146, 0, 198, 4, 49.5, 36.5, 8.13, 1, 0, 0, 0, 43, 0, 7),
(147, 'test', 101, 11, 29.1, 175, 2, 84, 0, 0, 0, 2.88, 0, 0, 0, 0, 101, 0, 4),
(148, 'first_class', 31, 54, 955.1, 5731, 218, 3006, 126, 23.85, 45.48, 3.14, 14, 10, 6, 2, 11, 0, 0),
(148, 'list_a', 56, 56, 457, 2742, 33, 2265, 79, 28.67, 34.7, 4.95, 5, 2, 2, 0, 11, 0, 1),
(148, 'odi', 12, 12, 107.3, 645, 7, 568, 16, 35.5, 40.31, 5.28, 5, 0, 1, 0, 3, 0, 0),
(148, 't20', 94, 92, 326, 1956, 2, 2380, 106, 22.45, 18.45, 7.3, 4, 2, 0, 0, 35, 0, 6),
(148, 't20i', 9, 8, 22, 132, 0, 187, 7, 26.71, 18.85, 8.5, 4, 1, 0, 0, 6, 0, 1),
(149, 'first_class', 167, 5, 20, 120, 0, 130, 0, 0, 0, 6.5, 0, 0, 0, 0, 386, 46, 8),
(149, 'list_a', 251, 0, 0, 0, 0, 0, 0, 0, 0, 0, 0, 0, 0, 0, 226, 44, 11);
INSERT INTO `player_statistics_bowling` (`playerId`, `type`, `matches`, `innings`, `overs`, `ballsBalled`, `maidens`, `runs`, `wickets`, `average`, `strikeRate`, `economy`, `bestBowling`, `fourWicketHauls`, `fiverWicketHauls`, `tenWicketHauls`, `catches`, `stumping`, `runOuts`) VALUES
(149, 'odi', 94, 0, 0, 0, 0, 0, 0, 0, 0, 0, 0, 0, 0, 0, 64, 7, 2),
(149, 't20', 336, 1, 2, 12, 0, 10, 1, 10, 12, 5, 1, 0, 0, 0, 199, 62, 21),
(149, 't20i', 32, 0, 0, 0, 0, 0, 0, 0, 0, 0, 0, 0, 0, 0, 14, 5, 1),
(149, 'test', 26, 0, 0, 0, 0, 0, 0, 0, 0, 0, 0, 0, 0, 0, 57, 6, 2),
(150, 'first_class', 77, 120, 1845.4, 11074, 284, 5963, 210, 28.39, 52.73, 3.23, 11, 9, 12, 2, 27, 0, 0),
(150, 'list_a', 99, 93, 786.1, 4717, 24, 3668, 116, 31.62, 40.66, 4.66, 5, 0, 2, 0, 39, 0, 5),
(150, 'odi', 2, 2, 19, 114, 1, 125, 0, 0, 0, 6.57, 0, 0, 0, 0, 3, 0, 0),
(150, 't20', 138, 127, 400.5, 2405, 1, 2990, 120, 24.91, 20.04, 7.45, 5, 2, 1, 0, 34, 0, 12),
(150, 't20i', 1, 1, 4, 24, 0, 28, 1, 28, 24, 7, 1, 0, 0, 0, 0, 0, 0),
(150, 'test', 1, 2, 49, 294, 3, 238, 4, 59.5, 73.5, 4.85, 4, 0, 0, 0, 0, 0, 0),
(151, 'first_class', 77, 119, 1790.5, 10745, 348, 5895, 198, 29.77, 54.26, 3.29, 10, 4, 6, 1, 18, 0, 10),
(151, 'list_a', 135, 125, 849.2, 5096, 43, 4823, 157, 30.71, 32.45, 5.67, 5, 6, 2, 0, 49, 0, 4),
(151, 'odi', 52, 51, 384.1, 2305, 23, 2181, 69, 31.6, 33.4, 5.67, 5, 3, 1, 0, 23, 0, 3),
(151, 't20', 208, 185, 593.2, 3560, 5, 4654, 205, 22.7, 17.36, 7.84, 4, 4, 0, 0, 87, 0, 18),
(151, 't20i', 32, 32, 106.5, 641, 0, 854, 38, 22.47, 16.86, 7.99, 4, 1, 0, 0, 15, 0, 1),
(152, 'first_class', 67, 98, 946.4, 5680, 146, 3174, 77, 41.22, 73.76, 3.35, 6, 3, 1, 0, 55, 0, 5),
(152, 'list_a', 191, 146, 788.3, 4731, 17, 4348, 96, 45.29, 49.28, 5.51, 4, 2, 0, 0, 118, 0, 15),
(152, 'odi', 116, 91, 473.2, 2840, 9, 2683, 51, 52.6, 55.68, 5.66, 4, 2, 0, 0, 72, 0, 11),
(152, 't20', 352, 234, 514.2, 3086, 1, 3962, 121, 32.74, 25.5, 7.7, 3, 0, 0, 0, 174, 0, 23),
(152, 't20i', 84, 56, 126, 756, 0, 939, 34, 27.61, 22.23, 7.45, 3, 0, 0, 0, 39, 0, 6),
(152, 'test', 7, 9, 77, 462, 4, 341, 8, 42.62, 57.75, 4.42, 4, 1, 0, 0, 5, 0, 1),
(153, 'first_class', 65, 115, 2051.3, 12309, 397, 6194, 241, 25.7, 51.07, 3.01, 8, 10, 15, 0, 15, 0, 8),
(153, 'list_a', 100, 100, 819.1, 4915, 54, 4278, 170, 25.16, 28.91, 5.22, 6, 9, 6, 0, 27, 0, 5),
(153, 'odi', 3, 3, 27, 162, 0, 179, 0, 0, 0, 6.62, 0, 0, 0, 0, 1, 0, 0),
(153, 't20', 124, 124, 445.4, 2674, 4, 3389, 147, 23.05, 18.19, 7.6, 4, 5, 0, 0, 20, 0, 6),
(153, 't20i', 3, 3, 9.4, 58, 0, 84, 4, 21, 14.5, 8.68, 2, 0, 0, 0, 0, 0, 0),
(154, 'first_class', 64, 113, 1753.1, 10519, 358, 5326, 226, 23.56, 46.54, 3.03, 12, 12, 12, 4, 25, 0, 5),
(154, 'list_a', 61, 60, 429.4, 2578, 15, 2281, 85, 26.83, 30.32, 5.3, 5, 1, 1, 0, 13, 0, 3),
(154, 't20', 132, 130, 458.4, 2752, 4, 3656, 159, 22.99, 17.3, 7.97, 5, 1, 1, 0, 27, 0, 7),
(154, 't20i', 8, 8, 29, 174, 0, 247, 11, 22.45, 15.81, 8.51, 3, 0, 0, 0, 1, 0, 0),
(155, 'first_class', 150, 71, 426.2, 2558, 41, 1477, 41, 36.02, 62.39, 3.46, 8, 3, 0, 0, 142, 0, 1),
(155, 'list_a', 262, 93, 373, 2238, 5, 2030, 54, 37.59, 41.44, 5.44, 4, 1, 0, 0, 147, 0, 13),
(155, 'odi', 143, 11, 32, 192, 0, 189, 2, 94.5, 96, 5.9, 1, 0, 0, 0, 81, 0, 7),
(155, 't20', 286, 52, 131.4, 790, 0, 917, 50, 18.34, 15.8, 6.96, 5, 1, 2, 0, 152, 0, 10),
(155, 't20i', 50, 2, 1.2, 8, 0, 3, 0, 0, 0, 2.25, 0, 0, 0, 0, 24, 0, 1),
(155, 'test', 69, 5, 13, 78, 0, 69, 0, 0, 0, 5.3, 0, 0, 0, 0, 63, 0, 1),
(156, 'first_class', 39, 64, 1023.3, 6141, 216, 3161, 85, 37.18, 72.24, 3.08, 7, 2, 2, 0, 7, 0, 1),
(156, 'list_a', 45, 45, 351.4, 2110, 19, 1880, 82, 22.92, 25.73, 5.34, 6, 2, 3, 0, 10, 0, 1),
(156, 't20', 53, 52, 187.1, 1123, 1, 1427, 83, 17.19, 13.53, 7.62, 5, 2, 2, 0, 18, 0, 5),
(157, 'first_class', 98, 181, 3243.1, 19459, 851, 8890, 360, 24.69, 54.05, 2.74, 9, 13, 11, 0, 37, 0, 5),
(157, 'list_a', 108, 106, 967.5, 5807, 71, 4599, 172, 26.73, 33.76, 4.75, 7, 2, 4, 0, 30, 0, 0),
(157, 'odi', 56, 55, 494.5, 2969, 35, 2333, 93, 25.08, 31.92, 4.71, 6, 1, 3, 0, 17, 0, 0),
(157, 't20', 72, 72, 272.3, 1635, 5, 2009, 96, 20.92, 17.03, 7.37, 4, 4, 0, 0, 9, 0, 2),
(157, 't20i', 27, 27, 102.4, 616, 2, 772, 40, 19.3, 15.4, 7.51, 4, 3, 0, 0, 4, 0, 0),
(157, 'test', 57, 107, 2039.1, 12235, 531, 5573, 215, 25.92, 56.9, 2.73, 9, 7, 9, 0, 21, 0, 3),
(158, 'first_class', 35, 42, 413.3, 2481, 65, 1317, 39, 33.76, 63.61, 3.18, 5, 1, 1, 0, 13, 0, 0),
(158, 'list_a', 39, 28, 105.2, 632, 0, 597, 10, 59.7, 63.2, 5.66, 2, 0, 0, 0, 17, 0, 3),
(158, 't20', 59, 35, 66.1, 397, 0, 489, 8, 61.12, 49.62, 7.39, 2, 0, 0, 0, 23, 0, 2),
(159, 'first_class', 41, 66, 688, 4128, 84, 2436, 80, 30.45, 51.6, 3.54, 10, 3, 5, 1, 44, 0, 2),
(159, 'list_a', 72, 64, 459.1, 2755, 23, 2239, 86, 26.03, 32.03, 4.87, 5, 4, 3, 0, 28, 0, 2),
(159, 'odi', 29, 28, 218.1, 1309, 10, 1099, 29, 37.89, 45.13, 5.03, 3, 0, 0, 0, 8, 0, 2),
(159, 't20', 94, 89, 309.3, 1857, 3, 2053, 128, 16.03, 14.5, 6.63, 5, 2, 1, 0, 43, 0, 10),
(159, 't20i', 35, 33, 122.4, 736, 0, 784, 57, 13.75, 12.91, 6.39, 4, 1, 0, 0, 11, 0, 2),
(159, 'test', 4, 7, 112.2, 674, 8, 403, 4, 100.75, 168.5, 3.58, 4, 1, 0, 0, 2, 0, 0),
(160, 'first_class', 51, 92, 1500.4, 9004, 336, 4667, 190, 24.56, 47.38, 3.1, 11, 15, 5, 2, 13, 0, 4),
(160, 'list_a', 49, 49, 383, 2298, 21, 1986, 86, 23.09, 26.72, 5.18, 5, 2, 3, 0, 6, 0, 2),
(160, 'odi', 4, 4, 36, 216, 4, 169, 5, 33.8, 43.2, 4.69, 3, 0, 0, 0, 0, 0, 0),
(160, 't20', 96, 95, 343, 2058, 5, 2820, 116, 24.31, 17.74, 8.22, 4, 3, 0, 0, 30, 0, 3),
(160, 't20i', 5, 5, 20, 120, 0, 209, 5, 41.8, 24, 10.45, 1, 0, 0, 0, 1, 0, 0),
(160, 'test', 12, 23, 345.1, 2071, 73, 1067, 36, 29.63, 57.52, 3.09, 8, 2, 1, 0, 7, 0, 0),
(161, 'first_class', 39, 1, 3, 18, 1, 5, 0, 0, 0, 1.66, 0, 0, 0, 0, 45, 0, 2),
(161, 'list_a', 43, 0, 0, 0, 0, 0, 0, 0, 0, 0, 0, 0, 0, 0, 16, 0, 4),
(161, 't20', 33, 0, 0, 0, 0, 0, 0, 0, 0, 0, 0, 0, 0, 0, 18, 0, 0),
(162, 'first_class', 22, 0, 0, 0, 0, 0, 0, 0, 0, 0, 0, 0, 0, 0, 50, 12, 0),
(162, 'list_a', 20, 0, 0, 0, 0, 0, 0, 0, 0, 0, 0, 0, 0, 0, 26, 6, 0),
(162, 't20', 35, 0, 0, 0, 0, 0, 0, 0, 0, 0, 0, 0, 0, 0, 33, 6, 3),
(163, 'first_class', 17, 29, 225.5, 1355, 43, 783, 33, 23.72, 41.06, 3.46, 8, 0, 1, 0, 12, 0, 0),
(163, 'list_a', 20, 13, 55.5, 335, 6, 265, 5, 53, 67, 4.74, 2, 0, 0, 0, 8, 0, 2),
(163, 't20', 89, 15, 30.5, 185, 0, 257, 8, 32.12, 23.12, 8.33, 3, 0, 0, 0, 35, 0, 5),
(163, 't20i', 6, 2, 6, 36, 0, 49, 1, 49, 36, 8.16, 1, 0, 0, 0, 1, 0, 1),
(164, 'first_class', 16, 1, 3, 18, 0, 15, 1, 15, 18, 5, 1, 0, 0, 0, 17, 0, 0),
(164, 'list_a', 27, 7, 27, 162, 0, 157, 1, 157, 162, 5.81, 1, 0, 0, 0, 19, 0, 1),
(164, 't20', 43, 1, 1, 6, 0, 8, 0, 0, 0, 8, 0, 0, 0, 0, 15, 1, 1),
(164, 't20i', 6, 0, 0, 0, 0, 0, 0, 0, 0, 0, 0, 0, 0, 0, 2, 0, 0),
(165, 't20', 7, 0, 0, 0, 0, 0, 0, 0, 0, 0, 0, 0, 0, 0, 2, 4, 1),
(166, 'first_class', 16, 26, 338.2, 2030, 82, 894, 45, 19.86, 45.11, 2.64, 11, 2, 1, 1, 7, 0, 0),
(166, 'list_a', 26, 26, 212, 1272, 8, 941, 24, 39.2, 53, 4.43, 3, 0, 0, 0, 7, 0, 0),
(166, 't20', 50, 42, 125, 750, 0, 853, 35, 24.37, 21.42, 6.82, 3, 0, 0, 0, 21, 0, 1),
(167, 'first_class', 19, 11, 52.2, 314, 4, 250, 8, 31.25, 39.25, 4.77, 3, 0, 0, 0, 24, 0, 1),
(167, 'list_a', 34, 11, 45.1, 271, 1, 274, 4, 68.5, 67.75, 6.06, 2, 0, 0, 0, 12, 0, 2),
(167, 't20', 27, 9, 17, 102, 0, 127, 2, 63.5, 51, 7.47, 1, 0, 0, 0, 19, 0, 3),
(168, 'first_class', 11, 18, 268.4, 1612, 47, 849, 45, 18.86, 35.82, 3.16, 7, 3, 1, 0, 4, 0, 0),
(168, 'list_a', 16, 16, 132.2, 794, 8, 688, 25, 27.52, 31.76, 5.19, 3, 0, 0, 0, 3, 0, 0),
(168, 't20', 27, 26, 93.5, 563, 1, 687, 31, 22.16, 18.16, 7.32, 4, 1, 0, 0, 7, 0, 1),
(170, 'first_class', 104, 142, 1465.5, 8795, 268, 4967, 162, 30.66, 54.29, 3.38, 9, 7, 2, 0, 54, 0, 3),
(170, 'list_a', 122, 97, 577.5, 3467, 12, 3119, 99, 31.5, 35.02, 5.39, 5, 3, 2, 0, 61, 0, 4),
(170, 'odi', 63, 59, 330.5, 1985, 8, 1829, 50, 36.58, 39.7, 5.52, 5, 1, 1, 0, 30, 0, 1),
(170, 't20', 139, 89, 209, 1254, 1, 1733, 66, 26.25, 19, 8.29, 4, 2, 0, 0, 56, 0, 4),
(170, 't20i', 36, 20, 40, 240, 0, 306, 15, 20.4, 16, 7.65, 3, 0, 0, 0, 13, 0, 0),
(170, 'test', 32, 54, 475.3, 2853, 83, 1623, 42, 38.64, 67.92, 3.41, 7, 1, 1, 0, 16, 0, 1),
(171, 'first_class', 35, 61, 837.5, 5027, 195, 2426, 91, 26.65, 55.24, 2.89, 6, 8, 1, 0, 5, 0, 5),
(171, 'list_a', 85, 84, 693.4, 4162, 37, 3464, 155, 22.34, 26.85, 4.99, 6, 4, 6, 0, 14, 0, 1),
(171, 'odi', 74, 73, 601, 3606, 26, 3098, 131, 23.64, 27.52, 5.15, 6, 3, 5, 0, 13, 0, 1),
(171, 't20', 189, 188, 687, 4122, 12, 4984, 249, 20.01, 16.55, 7.25, 5, 5, 3, 0, 36, 0, 7),
(171, 't20i', 63, 63, 225.4, 1354, 6, 1710, 87, 19.65, 15.56, 7.57, 5, 3, 1, 0, 13, 0, 0),
(171, 'test', 14, 23, 335.3, 2013, 68, 1102, 30, 36.73, 67.1, 3.28, 5, 2, 0, 0, 1, 0, 1),
(172, 'first_class', 81, 30, 107.4, 646, 20, 342, 1, 342, 646, 3.17, 1, 0, 0, 0, 65, 0, 2),
(172, 'list_a', 114, 24, 82.3, 495, 1, 458, 14, 32.71, 35.35, 5.55, 2, 0, 0, 0, 53, 0, 5),
(172, 't20', 184, 26, 50.3, 303, 0, 337, 16, 21.06, 18.93, 6.67, 3, 0, 0, 0, 68, 0, 11),
(172, 't20i', 3, 0, 0, 0, 0, 0, 0, 0, 0, 0, 0, 0, 0, 0, 1, 0, 0),
(173, 'first_class', 69, 123, 2041.4, 12250, 422, 6462, 233, 27.73, 52.57, 3.16, 9, 11, 13, 0, 19, 0, 4),
(173, 'list_a', 78, 78, 615.5, 3695, 24, 3554, 123, 28.89, 30.04, 5.77, 4, 7, 0, 0, 20, 0, 5),
(173, 'odi', 19, 19, 151.3, 909, 4, 1004, 25, 40.16, 36.36, 6.62, 4, 2, 0, 0, 4, 0, 1),
(173, 't20', 133, 131, 457.3, 2745, 3, 3950, 151, 26.15, 18.17, 8.63, 4, 1, 0, 0, 37, 0, 4),
(173, 't20i', 25, 24, 84.2, 506, 0, 772, 33, 23.39, 15.33, 9.15, 4, 1, 0, 0, 7, 0, 0),
(173, 'test', 7, 13, 166.3, 999, 26, 547, 26, 21.03, 38.42, 3.28, 8, 1, 1, 0, 2, 0, 0),
(174, 'first_class', 60, 104, 1698.1, 10189, 369, 5575, 211, 26.42, 48.28, 3.28, 9, 12, 8, 0, 13, 0, 1),
(174, 'list_a', 45, 44, 370.1, 2221, 18, 1818, 73, 24.9, 30.42, 4.91, 4, 2, 0, 0, 10, 0, 6),
(174, 'odi', 12, 12, 102.5, 617, 2, 567, 22, 25.77, 28.04, 5.51, 4, 1, 0, 0, 2, 0, 3),
(174, 't20', 66, 66, 242, 1452, 2, 1763, 83, 21.24, 17.49, 7.28, 4, 2, 0, 0, 17, 0, 1),
(174, 't20i', 16, 16, 58.2, 350, 0, 394, 18, 21.88, 19.44, 6.75, 3, 0, 0, 0, 4, 0, 1),
(174, 'test', 12, 21, 363.4, 2182, 64, 1321, 47, 28.1, 46.42, 3.63, 8, 1, 3, 0, 4, 0, 0),
(175, 'first_class', 79, 0, 0, 0, 0, 0, 0, 0, 0, 0, 0, 0, 0, 0, 275, 31, 2),
(175, 'list_a', 56, 0, 0, 0, 0, 0, 0, 0, 0, 0, 0, 0, 0, 0, 61, 11, 3),
(175, 't20', 61, 0, 0, 0, 0, 0, 0, 0, 0, 0, 0, 0, 0, 0, 47, 11, 10),
(176, 'first_class', 26, 47, 593.5, 3563, 146, 1858, 85, 21.85, 41.91, 3.12, 9, 2, 6, 0, 11, 0, 1),
(176, 'list_a', 61, 60, 473.4, 2842, 32, 2584, 93, 27.78, 30.55, 5.45, 6, 3, 2, 0, 12, 0, 2),
(176, 'odi', 35, 35, 285, 1710, 19, 1594, 61, 26.13, 28.03, 5.59, 6, 2, 1, 0, 8, 0, 1),
(176, 't20', 85, 83, 277.1, 1663, 6, 2207, 117, 18.86, 14.21, 7.96, 4, 3, 0, 0, 17, 0, 3),
(176, 't20i', 23, 23, 78.5, 473, 0, 706, 36, 19.61, 13.13, 8.95, 4, 1, 0, 0, 3, 0, 1),
(176, 'test', 13, 25, 324.4, 1948, 84, 971, 47, 20.65, 41.44, 2.99, 8, 1, 3, 0, 6, 0, 1),
(177, 'first_class', 46, 81, 1690.1, 10141, 460, 4195, 174, 24.1, 58.28, 2.48, 11, 7, 11, 2, 22, 0, 1),
(177, 'list_a', 133, 128, 1153.1, 6919, 59, 4922, 169, 29.12, 40.94, 4.26, 6, 3, 1, 0, 54, 0, 5),
(177, 'odi', 38, 35, 318, 1908, 13, 1409, 45, 31.31, 42.4, 4.43, 3, 0, 0, 0, 15, 0, 0),
(177, 't20', 175, 174, 619.4, 3718, 4, 4247, 150, 28.31, 24.78, 6.85, 4, 1, 0, 0, 69, 0, 6),
(177, 't20i', 15, 15, 53, 318, 0, 355, 13, 27.3, 24.46, 6.69, 3, 0, 0, 0, 5, 0, 0),
(177, 'test', 6, 12, 217.5, 1307, 52, 485, 39, 12.43, 33.51, 2.22, 11, 1, 5, 1, 2, 0, 0),
(178, 'first_class', 33, 54, 1019.4, 6118, 143, 3719, 123, 30.23, 49.73, 3.64, 9, 8, 6, 0, 14, 0, 2),
(178, 'list_a', 76, 74, 673, 4038, 22, 3462, 123, 28.14, 32.82, 5.14, 6, 4, 2, 0, 11, 0, 1),
(178, 'odi', 66, 64, 588, 3528, 13, 3084, 109, 28.29, 32.36, 5.24, 6, 4, 1, 0, 9, 0, 1),
(178, 't20', 110, 107, 385.1, 2311, 2, 2915, 139, 20.97, 16.62, 7.56, 5, 5, 2, 0, 29, 0, 4),
(178, 't20i', 24, 23, 85.3, 513, 1, 605, 41, 14.75, 12.51, 7.07, 5, 1, 1, 0, 8, 0, 0),
(178, 'test', 7, 12, 177.1, 1063, 24, 620, 26, 23.84, 40.88, 3.49, 6, 2, 2, 0, 3, 0, 1),
(179, 'first_class', 54, 0, 0, 0, 0, 0, 0, 0, 0, 0, 0, 0, 0, 0, 134, 10, 1),
(179, 'list_a', 43, 0, 0, 0, 0, 0, 0, 0, 0, 0, 0, 0, 0, 0, 58, 7, 1),
(179, 'odi', 3, 0, 0, 0, 0, 0, 0, 0, 0, 0, 0, 0, 0, 0, 7, 1, 0),
(179, 't20', 145, 0, 0, 0, 0, 0, 0, 0, 0, 0, 0, 0, 0, 0, 95, 20, 11),
(179, 't20i', 40, 0, 0, 0, 0, 0, 0, 0, 0, 0, 0, 0, 0, 0, 21, 6, 4),
(180, 'first_class', 22, 7, 25, 150, 0, 105, 0, 0, 0, 4.2, 0, 0, 0, 0, 15, 0, 0),
(180, 'list_a', 21, 1, 1, 6, 0, 4, 0, 0, 0, 4, 0, 0, 0, 0, 9, 0, 0),
(180, 't20', 72, 2, 1.2, 8, 0, 9, 0, 0, 0, 6.75, 0, 0, 0, 0, 28, 0, 3),
(181, 'first_class', 1, 1, 16, 96, 0, 80, 2, 40, 48, 5, 2, 0, 0, 0, 0, 0, 0),
(181, 'list_a', 13, 13, 106, 636, 2, 496, 21, 23.61, 30.28, 4.67, 4, 1, 0, 0, 4, 0, 1),
(181, 'odi', 1, 0, 0, 0, 0, 0, 0, 0, 0, 0, 0, 0, 0, 0, 0, 0, 0),
(181, 't20', 22, 22, 62.3, 375, 0, 446, 20, 22.3, 18.75, 7.13, 4, 1, 0, 0, 14, 0, 5),
(182, 'first_class', 125, 34, 99.1, 595, 4, 455, 6, 75.83, 99.16, 4.58, 2, 0, 0, 0, 91, 0, 8),
(182, 'list_a', 177, 8, 24, 144, 0, 158, 4, 39.5, 36, 6.58, 1, 0, 0, 0, 75, 0, 13),
(182, 'odi', 128, 1, 1, 6, 0, 8, 0, 0, 0, 8, 0, 0, 0, 0, 56, 0, 6),
(182, 't20', 319, 2, 1.1, 7, 0, 15, 0, 0, 0, 12.85, 0, 0, 0, 0, 150, 0, 19),
(182, 't20i', 88, 0, 0, 0, 0, 0, 0, 0, 0, 0, 0, 0, 0, 0, 47, 0, 3),
(182, 'test', 94, 19, 57, 342, 1, 269, 4, 67.25, 85.5, 4.71, 2, 0, 0, 0, 74, 0, 6),
(183, 'first_class', 6, 10, 176.5, 1061, 48, 514, 11, 46.72, 96.45, 2.9, 3, 0, 0, 0, 1, 0, 0),
(183, 'list_a', 50, 50, 390, 2340, 34, 1978, 73, 27.09, 32.05, 5.07, 4, 4, 0, 0, 8, 0, 1),
(183, 'odi', 11, 11, 80, 480, 2, 465, 15, 31, 32, 5.81, 3, 0, 0, 0, 1, 0, 0),
(183, 't20', 75, 75, 280.1, 1681, 1, 2272, 98, 23.18, 17.15, 8.1, 5, 1, 1, 0, 13, 0, 3),
(183, 't20i', 14, 14, 52, 312, 1, 459, 13, 35.3, 24, 8.82, 2, 0, 0, 0, 3, 0, 0),
(184, 'first_class', 54, 1, 2, 12, 0, 9, 1, 9, 12, 4.5, 1, 0, 0, 0, 177, 18, 1),
(184, 'list_a', 61, 0, 0, 0, 0, 0, 0, 0, 0, 0, 0, 0, 0, 0, 64, 11, 2),
(184, 'odi', 24, 0, 0, 0, 0, 0, 0, 0, 0, 0, 0, 0, 0, 0, 19, 1, 0),
(184, 't20', 150, 0, 0, 0, 0, 0, 0, 0, 0, 0, 0, 0, 0, 0, 89, 26, 9),
(184, 't20i', 43, 0, 0, 0, 0, 0, 0, 0, 0, 0, 0, 0, 0, 0, 13, 7, 1),
(184, 'test', 30, 0, 0, 0, 0, 0, 0, 0, 0, 0, 0, 0, 0, 0, 107, 11, 1),
(185, 'first_class', 13, 20, 189.5, 1139, 40, 590, 25, 23.6, 45.56, 3.1, 7, 0, 1, 0, 6, 0, 0),
(185, 'list_a', 90, 45, 187.4, 1126, 4, 1119, 29, 38.58, 38.82, 5.96, 5, 0, 1, 0, 41, 0, 6),
(185, 'odi', 37, 13, 40.5, 245, 0, 243, 3, 81, 81.66, 5.95, 1, 0, 0, 0, 14, 0, 1),
(185, 't20', 118, 39, 90, 540, 0, 930, 21, 44.28, 25.71, 10.33, 2, 0, 0, 0, 70, 0, 6),
(185, 't20i', 39, 7, 14, 84, 0, 123, 4, 30.75, 21, 8.78, 2, 0, 0, 0, 18, 0, 2),
(186, 'first_class', 1, 2, 23.2, 140, 3, 93, 4, 23.25, 35, 3.98, 4, 0, 0, 0, 0, 0, 0),
(186, 'list_a', 15, 15, 103.4, 622, 2, 487, 17, 28.64, 36.58, 4.69, 3, 0, 0, 0, 3, 0, 1),
(186, 't20', 18, 17, 50.1, 301, 0, 428, 12, 35.66, 25.08, 8.53, 3, 0, 0, 0, 6, 0, 0),
(187, 'first_class', 31, 4, 6, 36, 0, 44, 0, 0, 0, 7.33, 0, 0, 0, 0, 19, 0, 2),
(187, 'list_a', 44, 0, 0, 0, 0, 0, 0, 0, 0, 0, 0, 0, 0, 0, 12, 0, 1),
(187, 'odi', 6, 0, 0, 0, 0, 0, 0, 0, 0, 0, 0, 0, 0, 0, 2, 0, 0),
(187, 't20', 80, 0, 0, 0, 0, 0, 0, 0, 0, 0, 0, 0, 0, 0, 22, 0, 1),
(187, 't20i', 1, 0, 0, 0, 0, 0, 0, 0, 0, 0, 0, 0, 0, 0, 1, 0, 0),
(187, 'test', 5, 0, 0, 0, 0, 0, 0, 0, 0, 0, 0, 0, 0, 0, 2, 0, 1),
(188, 'first_class', 22, 19, 89, 534, 16, 290, 3, 96.66, 178, 3.25, 2, 0, 0, 0, 14, 0, 3),
(188, 'list_a', 36, 7, 24, 144, 0, 136, 3, 45.33, 48, 5.66, 2, 0, 0, 0, 6, 0, 3),
(188, 't20', 41, 11, 26, 156, 0, 238, 7, 34, 22.28, 9.15, 3, 0, 0, 0, 15, 0, 1),
(189, 'first_class', 18, 32, 504.5, 3029, 93, 1623, 53, 30.62, 57.15, 3.21, 9, 0, 3, 0, 4, 0, 1),
(189, 'list_a', 15, 15, 131.1, 787, 10, 696, 25, 27.84, 31.48, 5.3, 5, 0, 1, 0, 6, 0, 1),
(189, 'odi', 1, 1, 8, 48, 0, 34, 2, 17, 24, 4.25, 2, 0, 0, 0, 2, 0, 0),
(189, 't20', 39, 38, 142.2, 854, 4, 1071, 52, 20.59, 16.42, 7.52, 5, 1, 1, 0, 12, 0, 2),
(189, 't20i', 2, 1, 3.4, 22, 0, 34, 1, 34, 22, 9.27, 1, 0, 0, 0, 0, 0, 0),
(190, 'list_a', 14, 3, 14, 84, 0, 82, 4, 20.5, 21, 5.85, 2, 0, 0, 0, 4, 0, 0),
(190, 't20', 19, 5, 7, 42, 0, 66, 0, 0, 0, 9.42, 0, 0, 0, 0, 6, 0, 0),
(191, 'first_class', 3, 1, 2, 12, 0, 17, 0, 0, 0, 8.5, 0, 0, 0, 0, 0, 0, 0),
(192, 'first_class', 15, 22, 257, 1542, 29, 841, 12, 70.08, 128.5, 3.27, 2, 0, 0, 0, 12, 0, 1),
(192, 'list_a', 30, 29, 215, 1290, 1, 1017, 30, 33.9, 43, 4.73, 5, 0, 1, 0, 12, 0, 1),
(192, 't20', 55, 47, 141.4, 850, 2, 998, 36, 27.72, 23.61, 7.04, 3, 0, 0, 0, 31, 0, 8),
(193, 'first_class', 2, 3, 99, 594, 17, 284, 3, 94.66, 198, 2.86, 3, 0, 0, 0, 0, 0, 0),
(194, 'first_class', 58, 104, 1708, 10248, 335, 5418, 178, 30.43, 57.57, 3.17, 9, 9, 6, 0, 24, 0, 1),
(194, 'list_a', 56, 55, 460.5, 2765, 23, 2505, 94, 26.64, 29.41, 5.43, 5, 2, 2, 0, 10, 0, 0),
(194, 't20', 97, 96, 338.4, 2032, 3, 2602, 100, 26.02, 20.32, 7.68, 3, 0, 0, 0, 30, 0, 6),
(195, 'first_class', 122, 0, 0, 0, 0, 0, 0, 0, 0, 0, 0, 0, 0, 0, 313, 37, 3),
(195, 'list_a', 102, 0, 0, 0, 0, 0, 0, 0, 0, 0, 0, 0, 0, 0, 126, 15, 10),
(195, 'odi', 9, 0, 0, 0, 0, 0, 0, 0, 0, 0, 0, 0, 0, 0, 17, 1, 1),
(195, 't20', 212, 0, 0, 0, 0, 0, 0, 0, 0, 0, 0, 0, 0, 0, 118, 33, 14),
(195, 'test', 40, 0, 0, 0, 0, 0, 0, 0, 0, 0, 0, 0, 0, 0, 92, 12, 1),
(196, 'first_class', 63, 4, 8.2, 50, 0, 42, 0, 0, 0, 5.04, 0, 0, 0, 0, 73, 0, 2),
(196, 'list_a', 245, 0, 0, 0, 0, 0, 0, 0, 0, 0, 0, 0, 0, 0, 109, 0, 27),
(196, 'odi', 143, 0, 0, 0, 0, 0, 0, 0, 0, 0, 0, 0, 0, 0, 64, 0, 16),
(196, 't20', 369, 3, 3, 18, 0, 31, 0, 0, 0, 10.33, 0, 0, 0, 0, 231, 1, 24),
(196, 't20i', 95, 0, 0, 0, 0, 0, 0, 0, 0, 0, 0, 0, 0, 0, 70, 1, 11),
(197, 'first_class', 63, 99, 1584.4, 9508, 309, 5481, 167, 32.82, 56.93, 3.45, 8, 7, 6, 0, 12, 0, 0),
(197, 'list_a', 73, 72, 574.2, 3446, 26, 3128, 115, 27.2, 29.96, 5.44, 6, 3, 3, 0, 13, 0, 3),
(197, 'odi', 9, 9, 63.2, 380, 1, 419, 11, 38.09, 34.54, 6.61, 3, 0, 0, 0, 1, 0, 0),
(197, 't20', 89, 87, 299.5, 1799, 4, 2583, 89, 29.02, 20.21, 8.61, 3, 0, 0, 0, 13, 0, 4),
(197, 'test', 9, 14, 198.1, 1189, 12, 947, 18, 52.61, 66.05, 4.77, 3, 0, 0, 0, 1, 0, 0),
(198, 'first_class', 7, 12, 125, 750, 13, 511, 17, 30.05, 44.11, 4.08, 9, 0, 1, 0, 8, 0, 0),
(198, 'list_a', 23, 23, 165.5, 995, 4, 785, 31, 25.32, 32.09, 4.73, 3, 0, 0, 0, 11, 0, 2),
(198, 't20', 95, 79, 215.5, 1295, 0, 1631, 54, 30.2, 23.98, 7.55, 3, 0, 0, 0, 38, 0, 3),
(199, 'first_class', 48, 60, 557.5, 3347, 119, 1802, 34, 53, 98.44, 3.23, 5, 2, 0, 0, 30, 0, 9),
(199, 'list_a', 92, 76, 388, 2328, 17, 2002, 58, 34.51, 40.13, 5.15, 4, 2, 0, 0, 34, 0, 10),
(199, 'odi', 12, 9, 38.5, 233, 0, 210, 4, 52.5, 58.25, 5.4, 2, 0, 0, 0, 7, 0, 0),
(199, 't20', 115, 62, 138.2, 830, 1, 1138, 33, 34.48, 25.15, 8.22, 3, 0, 0, 0, 59, 0, 19),
(199, 't20i', 9, 6, 21, 126, 0, 191, 5, 38.2, 25.2, 9.09, 2, 0, 0, 0, 2, 0, 2),
(200, 'first_class', 83, 156, 2598.2, 15590, 532, 8438, 317, 26.61, 49.17, 3.24, 11, 16, 12, 2, 22, 0, 2),
(200, 'list_a', 110, 109, 927.2, 5564, 49, 5105, 205, 24.9, 27.14, 5.5, 5, 13, 1, 0, 41, 0, 2),
(200, 'odi', 79, 78, 674, 4044, 39, 3793, 148, 25.62, 27.32, 5.62, 5, 9, 1, 0, 28, 0, 0),
(200, 't20', 125, 125, 446.3, 2679, 4, 3692, 149, 24.77, 17.97, 8.26, 4, 1, 0, 0, 22, 0, 13),
(200, 't20i', 17, 17, 59.3, 357, 1, 568, 18, 31.55, 19.83, 9.54, 3, 0, 0, 0, 1, 0, 1),
(200, 'test', 59, 112, 1767.3, 10605, 335, 5789, 214, 27.05, 49.55, 3.27, 9, 11, 6, 0, 16, 0, 2),
(201, 'first_class', 45, 73, 1187.1, 7123, 245, 3975, 161, 24.68, 44.24, 3.34, 12, 6, 11, 1, 16, 0, 0),
(201, 'list_a', 75, 75, 641, 3846, 27, 3419, 140, 24.42, 27.47, 5.33, 6, 5, 4, 0, 20, 0, 0),
(201, 'odi', 37, 37, 326, 1956, 6, 1779, 69, 25.78, 28.34, 5.45, 5, 2, 1, 0, 10, 0, 0),
(201, 't20', 99, 99, 352.4, 2116, 3, 2694, 117, 23.02, 18.08, 7.63, 5, 4, 1, 0, 24, 0, 3),
(201, 't20i', 15, 15, 54, 324, 0, 385, 25, 15.4, 12.96, 7.12, 5, 0, 1, 0, 4, 0, 0),
(201, 'test', 1, 1, 11, 66, 1, 47, 0, 0, 0, 4.27, 0, 0, 0, 0, 0, 0, 0),
(202, 'first_class', 58, 76, 680.1, 4081, 101, 2114, 54, 39.14, 75.57, 3.1, 9, 5, 1, 0, 23, 0, 1),
(202, 'list_a', 96, 47, 238.5, 1433, 5, 1147, 33, 34.75, 43.42, 4.8, 5, 0, 1, 0, 31, 0, 6),
(202, 'odi', 3, 3, 10, 60, 0, 68, 0, 0, 0, 6.8, 0, 0, 0, 0, 1, 0, 0),
(202, 't20', 118, 19, 37, 222, 0, 262, 8, 32.75, 27.75, 7.08, 2, 0, 0, 0, 55, 3, 6),
(203, 'first_class', 29, 39, 449, 2694, 87, 1486, 48, 30.95, 56.12, 3.3, 8, 0, 3, 0, 14, 0, 3),
(203, 'list_a', 84, 72, 546.4, 3280, 11, 2967, 73, 40.64, 44.93, 5.42, 3, 0, 0, 0, 33, 0, 5),
(203, 'odi', 63, 58, 421.4, 2530, 5, 2364, 57, 41.47, 44.38, 5.6, 3, 0, 0, 0, 24, 0, 5),
(203, 't20', 182, 140, 392.3, 2355, 4, 3200, 114, 28.07, 20.65, 8.15, 4, 1, 0, 0, 99, 0, 13),
(203, 't20i', 54, 47, 139.5, 839, 1, 1151, 42, 27.4, 19.97, 8.23, 4, 1, 0, 0, 34, 0, 3),
(203, 'test', 11, 19, 156.1, 937, 19, 528, 17, 31.05, 55.11, 3.38, 6, 0, 1, 0, 7, 0, 2),
(204, 'first_class', 53, 87, 1363.2, 8180, 266, 4606, 158, 29.15, 51.77, 3.37, 8, 5, 7, 0, 22, 0, 0),
(204, 'list_a', 57, 55, 472.5, 2837, 26, 2522, 95, 26.54, 29.86, 5.33, 6, 4, 2, 0, 16, 0, 1),
(204, 'odi', 43, 42, 364.2, 2186, 15, 1971, 70, 28.15, 31.22, 5.4, 5, 4, 1, 0, 15, 0, 1),
(204, 't20', 41, 39, 138.5, 833, 1, 1232, 45, 27.37, 18.51, 8.87, 6, 1, 1, 0, 18, 0, 1),
(204, 'test', 20, 37, 576.2, 3458, 110, 1971, 50, 39.42, 69.16, 3.41, 5, 0, 0, 0, 11, 0, 0),
(205, 'first_class', 157, 26, 86.4, 520, 5, 354, 8, 44.25, 65, 4.08, 3, 0, 0, 0, 434, 21, 2),
(205, 'list_a', 181, 0, 0, 0, 0, 0, 0, 0, 0, 0, 0, 0, 0, 0, 192, 20, 8),
(205, 'odi', 97, 0, 0, 0, 0, 0, 0, 0, 0, 0, 0, 0, 0, 0, 108, 9, 3),
(205, 't20', 179, 0, 0, 0, 0, 0, 0, 0, 0, 0, 0, 0, 0, 0, 97, 13, 14),
(205, 't20i', 60, 0, 0, 0, 0, 0, 0, 0, 0, 0, 0, 0, 0, 0, 38, 4, 3),
(205, 'test', 36, 4, 5, 30, 1, 28, 0, 0, 0, 5.6, 0, 0, 0, 0, 74, 11, 1),
(206, 'first_class', 64, 99, 1708.2, 10250, 313, 5508, 173, 31.83, 59.24, 3.22, 13, 7, 8, 1, 32, 0, 4),
(206, 'list_a', 62, 58, 467.2, 2804, 24, 1893, 56, 33.8, 50.07, 4.05, 3, 0, 0, 0, 23, 0, 5),
(206, 'odi', 2, 2, 14, 84, 0, 61, 1, 61, 84, 4.35, 1, 0, 0, 0, 1, 0, 0),
(206, 't20', 73, 69, 221.4, 1330, 0, 1407, 44, 31.97, 30.22, 6.34, 4, 1, 0, 0, 34, 0, 1),
(206, 'test', 6, 12, 137.3, 825, 28, 465, 16, 29.06, 51.56, 3.38, 5, 1, 0, 0, 3, 0, 1),
(207, 'first_class', 9, 17, 452.1, 2713, 99, 1287, 69, 18.65, 39.31, 2.84, 12, 2, 8, 3, 0, 0, 0),
(207, 'list_a', 82, 78, 696.5, 4181, 29, 2909, 155, 18.76, 26.97, 4.17, 7, 5, 4, 0, 26, 0, 4),
(207, 'odi', 80, 76, 679, 4074, 28, 2821, 151, 18.68, 26.98, 4.15, 7, 5, 4, 0, 25, 0, 4),
(207, 't20', 310, 308, 1196.3, 7179, 11, 7567, 431, 17.55, 16.65, 6.32, 6, 8, 4, 0, 85, 0, 19),
(207, 't20i', 58, 58, 219.2, 1316, 1, 1357, 105, 12.92, 12.53, 6.18, 5, 4, 2, 0, 20, 0, 5),
(207, 'test', 5, 9, 255.4, 1534, 48, 760, 34, 22.35, 45.11, 2.97, 11, 1, 4, 2, 0, 0, 0),
(208, 'first_class', 20, 35, 603.4, 3622, 149, 1578, 56, 28.17, 64.67, 2.61, 6, 2, 3, 0, 8, 0, 0),
(208, 'list_a', 33, 33, 280.4, 1684, 12, 1269, 54, 23.5, 31.18, 4.52, 5, 2, 2, 0, 14, 0, 1),
(208, 't20', 38, 38, 136.5, 821, 6, 748, 43, 17.39, 19.09, 5.46, 4, 2, 0, 0, 5, 0, 1),
(209, 'first_class', 33, 2, 6, 36, 0, 31, 0, 0, 0, 5.16, 0, 0, 0, 0, 20, 0, 0),
(209, 'list_a', 59, 1, 1, 6, 0, 4, 0, 0, 0, 4, 0, 0, 0, 0, 26, 0, 4),
(209, 'odi', 3, 0, 0, 0, 0, 0, 0, 0, 0, 0, 0, 0, 0, 0, 0, 0, 0),
(209, 't20', 81, 0, 0, 0, 0, 0, 0, 0, 0, 0, 0, 0, 0, 0, 34, 0, 2),
(209, 'test', 10, 0, 0, 0, 0, 0, 0, 0, 0, 0, 0, 0, 0, 0, 6, 0, 0),
(210, 'first_class', 12, 0, 0, 0, 0, 0, 0, 0, 0, 0, 0, 0, 0, 0, 16, 5, 0),
(210, 'list_a', 38, 0, 0, 0, 0, 0, 0, 0, 0, 0, 0, 0, 0, 0, 36, 7, 5),
(210, 'odi', 9, 0, 0, 0, 0, 0, 0, 0, 0, 0, 0, 0, 0, 0, 6, 2, 2),
(210, 't20', 69, 0, 0, 0, 0, 0, 0, 0, 0, 0, 0, 0, 0, 0, 37, 5, 1),
(210, 't20i', 20, 0, 0, 0, 0, 0, 0, 0, 0, 0, 0, 0, 0, 0, 7, 1, 1),
(211, 'first_class', 1, 2, 13, 78, 1, 51, 2, 25.5, 39, 3.92, 2, 0, 0, 0, 1, 0, 0),
(211, 'list_a', 25, 25, 166.1, 997, 9, 866, 26, 33.3, 38.34, 5.21, 4, 1, 0, 0, 3, 0, 0),
(211, 't20', 24, 24, 79.1, 475, 0, 744, 23, 32.34, 20.65, 9.39, 3, 0, 0, 0, 4, 0, 1),
(211, 't20i', 5, 5, 16, 96, 0, 177, 3, 59, 32, 11.06, 1, 0, 0, 0, 0, 0, 0),
(212, 'list_a', 3, 1, 1, 6, 0, 4, 1, 4, 6, 4, 1, 0, 0, 0, 2, 0, 0),
(212, 't20', 9, 0, 0, 0, 0, 0, 0, 0, 0, 0, 0, 0, 0, 0, 4, 0, 1),
(213, 'first_class', 14, 26, 473.4, 2842, 86, 1452, 50, 29.04, 56.84, 3.06, 9, 5, 1, 0, 3, 0, 0),
(213, 'list_a', 14, 13, 119, 714, 12, 535, 23, 23.26, 31.04, 4.49, 5, 0, 1, 0, 3, 0, 2),
(213, 't20', 19, 19, 62, 372, 0, 478, 22, 21.72, 16.9, 7.7, 3, 0, 0, 0, 0, 0, 0),
(214, 'first_class', 3, 4, 39, 234, 6, 201, 1, 201, 234, 5.15, 1, 0, 0, 0, 1, 0, 0),
(214, 'list_a', 17, 17, 137, 822, 17, 743, 31, 23.96, 26.51, 5.42, 4, 1, 0, 0, 3, 0, 0),
(214, 't20', 24, 24, 80.5, 485, 1, 608, 45, 13.51, 10.77, 7.52, 5, 3, 2, 0, 6, 0, 0),
(215, 'first_class', 1, 2, 36, 216, 7, 108, 4, 27, 54, 3, 4, 0, 0, 0, 0, 0, 0),
(215, 'list_a', 8, 8, 71, 426, 6, 342, 16, 21.37, 26.62, 4.81, 4, 1, 0, 0, 2, 0, 0),
(215, 't20', 37, 37, 140.1, 841, 0, 1036, 35, 29.6, 24.02, 7.39, 3, 0, 0, 0, 14, 0, 0),
(216, 'list_a', 2, 1, 1, 6, 0, 14, 0, 0, 0, 14, 0, 0, 0, 0, 1, 0, 1),
(216, 't20', 12, 0, 0, 0, 0, 0, 0, 0, 0, 0, 0, 0, 0, 0, 6, 0, 1),
(217, 'first_class', 94, 34, 95.1, 571, 24, 244, 5, 48.8, 114.2, 2.56, 2, 0, 0, 0, 129, 0, 0),
(217, 'list_a', 173, 19, 70.2, 422, 1, 376, 8, 47, 52.75, 5.34, 3, 0, 0, 0, 97, 0, 13),
(217, 'odi', 29, 0, 0, 0, 0, 0, 0, 0, 0, 0, 0, 0, 0, 0, 10, 0, 0),
(217, 't20', 280, 10, 28, 168, 0, 212, 10, 21.2, 16.8, 7.57, 4, 2, 0, 0, 142, 2, 31),
(217, 't20i', 39, 0, 0, 0, 0, 0, 0, 0, 0, 0, 0, 0, 0, 0, 9, 0, 2),
(218, 'first_class', 122, 213, 4913, 29478, 1067, 13320, 465, 28.64, 63.39, 2.71, 12, 27, 21, 6, 51, 0, 7),
(218, 'list_a', 119, 119, 1048.2, 6290, 55, 4525, 162, 27.93, 38.82, 4.31, 8, 4, 4, 0, 35, 0, 7),
(218, 't20', 140, 138, 489.3, 2937, 5, 3335, 114, 29.25, 25.76, 6.81, 3, 0, 0, 0, 26, 0, 8),
(218, 'test', 2, 4, 76.2, 458, 11, 273, 8, 34.12, 57.25, 3.57, 4, 0, 0, 0, 1, 0, 1),
(219, 'first_class', 61, 83, 830.4, 4984, 173, 2686, 66, 40.69, 75.51, 3.23, 7, 2, 0, 0, 22, 0, 3),
(219, 'list_a', 98, 82, 472.2, 2834, 7, 2669, 72, 37.06, 39.36, 5.65, 4, 2, 0, 0, 30, 0, 10),
(219, 'odi', 48, 44, 252, 1512, 2, 1538, 34, 45.23, 44.47, 6.1, 3, 0, 0, 0, 12, 0, 2),
(219, 't20', 188, 111, 261.1, 1567, 0, 2318, 82, 28.26, 19.1, 8.87, 4, 3, 0, 0, 47, 0, 4),
(219, 't20i', 41, 22, 53.2, 320, 0, 449, 11, 40.81, 29.09, 8.41, 2, 0, 0, 0, 16, 0, 0),
(220, 'first_class', 43, 62, 738.1, 4429, 212, 1948, 92, 21.17, 48.14, 2.63, 9, 3, 4, 0, 23, 0, 2),
(220, 'list_a', 59, 55, 371.4, 2230, 20, 1855, 69, 26.88, 32.31, 4.99, 4, 4, 0, 0, 19, 0, 3),
(220, 'odi', 3, 2, 9, 54, 0, 49, 1, 49, 54, 5.44, 1, 0, 0, 0, 0, 0, 0),
(220, 't20', 76, 34, 81.5, 491, 0, 651, 19, 34.26, 25.84, 7.95, 3, 0, 0, 0, 23, 0, 3),
(220, 't20i', 7, 1, 1, 6, 0, 10, 0, 0, 0, 10, 0, 0, 0, 0, 5, 0, 0),
(220, 'test', 11, 18, 161, 966, 58, 358, 20, 17.9, 48.3, 2.22, 7, 0, 1, 0, 5, 0, 2),
(221, 'first_class', 84, 1, 1, 6, 0, 9, 0, 0, 0, 9, 0, 0, 0, 0, 323, 16, 2),
(221, 'list_a', 170, 0, 0, 0, 0, 0, 0, 0, 0, 0, 0, 0, 0, 0, 212, 17, 3),
(221, 'odi', 129, 0, 0, 0, 0, 0, 0, 0, 0, 0, 0, 0, 0, 0, 174, 11, 2),
(221, 't20', 245, 0, 0, 0, 0, 0, 0, 0, 0, 0, 0, 0, 0, 0, 163, 43, 7),
(221, 't20i', 61, 0, 0, 0, 0, 0, 0, 0, 0, 0, 0, 0, 0, 0, 49, 15, 2),
(221, 'test', 54, 0, 0, 0, 0, 0, 0, 0, 0, 0, 0, 0, 0, 0, 221, 11, 1),
(222, 'first_class', 88, 153, 2245.4, 13474, 606, 5806, 223, 26.03, 60.42, 2.58, 11, 6, 11, 1, 82, 0, 4),
(222, 'list_a', 185, 177, 1394.1, 8365, 81, 7266, 236, 30.78, 35.44, 5.21, 5, 8, 2, 0, 79, 0, 8),
(222, 'odi', 127, 123, 977.1, 5863, 54, 5412, 146, 37.06, 40.15, 5.53, 5, 5, 2, 0, 60, 0, 5),
(222, 't20', 170, 165, 577.5, 3467, 11, 4525, 163, 27.76, 21.26, 7.83, 5, 4, 1, 0, 87, 0, 14),
(222, 't20i', 37, 34, 123.4, 742, 1, 1008, 39, 25.84, 19.02, 8.15, 5, 2, 1, 0, 19, 0, 3),
(222, 'test', 56, 98, 1584.3, 9507, 429, 3981, 142, 28.03, 66.95, 2.51, 11, 4, 8, 1, 59, 0, 4),
(223, 'first_class', 86, 9, 28, 168, 1, 83, 0, 0, 0, 2.96, 0, 0, 0, 0, 90, 0, 4),
(223, 'list_a', 94, 3, 3.3, 21, 0, 42, 1, 42, 21, 12, 1, 0, 0, 0, 61, 6, 5),
(223, 'odi', 42, 0, 0, 0, 0, 0, 0, 0, 0, 0, 0, 0, 0, 0, 23, 2, 3),
(223, 't20', 180, 0, 0, 0, 0, 0, 0, 0, 0, 0, 0, 0, 0, 0, 86, 8, 10),
(223, 't20i', 56, 0, 0, 0, 0, 0, 0, 0, 0, 0, 0, 0, 0, 0, 20, 1, 3),
(223, 'test', 43, 0, 0, 0, 0, 0, 0, 0, 0, 0, 0, 0, 0, 0, 50, 0, 3),
(224, 'first_class', 47, 83, 1638.2, 9830, 392, 4619, 182, 25.37, 54.01, 2.81, 14, 6, 13, 2, 14, 0, 1),
(224, 'list_a', 49, 48, 432.2, 2594, 15, 2080, 73, 28.49, 35.53, 4.81, 5, 4, 2, 0, 11, 0, 1),
(224, 'odi', 1, 1, 8, 48, 0, 49, 1, 49, 48, 6.12, 1, 0, 0, 0, 1, 0, 0),
(224, 't20', 69, 69, 219, 1314, 1, 1613, 51, 31.62, 25.76, 7.36, 4, 1, 0, 0, 21, 0, 4),
(225, 'first_class', 22, 3, 5, 30, 1, 23, 0, 0, 0, 4.6, 0, 0, 0, 0, 18, 0, 2),
(225, 'list_a', 100, 0, 0, 0, 0, 0, 0, 0, 0, 0, 0, 0, 0, 0, 50, 0, 5),
(225, 'odi', 57, 0, 0, 0, 0, 0, 0, 0, 0, 0, 0, 0, 0, 0, 20, 0, 3),
(225, 't20', 196, 0, 0, 0, 0, 0, 0, 0, 0, 0, 0, 0, 0, 0, 59, 0, 11),
(225, 't20i', 50, 0, 0, 0, 0, 0, 0, 0, 0, 0, 0, 0, 0, 0, 14, 0, 3),
(226, 'first_class', 9, 17, 283.1, 1699, 68, 991, 27, 36.7, 62.92, 3.49, 6, 0, 0, 0, 1, 0, 1),
(226, 'list_a', 52, 52, 438.5, 2633, 12, 2426, 113, 21.46, 23.3, 5.52, 6, 4, 4, 0, 13, 0, 2),
(226, 'odi', 7, 7, 64.3, 387, 1, 392, 12, 32.66, 32.25, 6.07, 5, 0, 1, 0, 1, 0, 0),
(226, 't20', 185, 182, 664, 3984, 3, 5363, 253, 21.19, 15.74, 8.07, 5, 9, 2, 0, 60, 0, 7),
(226, 't20i', 32, 31, 113.5, 683, 1, 997, 47, 21.21, 14.53, 8.75, 4, 1, 0, 0, 10, 0, 0),
(227, 'first_class', 9, 12, 115.5, 695, 13, 369, 14, 26.35, 49.64, 3.18, 6, 1, 0, 0, 4, 0, 1),
(227, 'list_a', 77, 74, 575, 3450, 17, 2827, 89, 31.76, 38.76, 4.91, 6, 3, 2, 0, 24, 0, 2),
(227, 'odi', 5, 5, 38, 228, 1, 223, 2, 111.5, 114, 5.86, 1, 0, 0, 0, 1, 0, 0),
(227, 't20', 148, 143, 449.4, 2698, 1, 3287, 108, 30.43, 24.98, 7.3, 4, 2, 0, 0, 51, 0, 5),
(227, 't20i', 19, 19, 68.2, 410, 1, 554, 15, 36.93, 27.33, 8.1, 4, 1, 0, 0, 8, 0, 2),
(228, 'first_class', 46, 37, 279.5, 1679, 37, 819, 20, 40.95, 83.95, 2.92, 7, 0, 2, 0, 47, 0, 1),
(228, 'list_a', 78, 40, 218.2, 1310, 3, 973, 36, 27.02, 36.38, 4.45, 5, 0, 1, 0, 36, 0, 0),
(228, 'odi', 2, 1, 4, 24, 0, 24, 1, 24, 24, 6, 1, 0, 0, 0, 1, 0, 0),
(228, 't20', 152, 57, 124.1, 745, 0, 980, 18, 54.44, 41.38, 7.89, 3, 0, 0, 0, 66, 0, 9),
(228, 't20i', 3, 1, 3, 18, 0, 24, 0, 0, 0, 8, 0, 0, 0, 0, 0, 0, 0),
(229, 'first_class', 40, 4, 8, 48, 1, 27, 0, 0, 0, 3.37, 0, 0, 0, 0, 19, 0, 1),
(229, 'list_a', 57, 1, 1, 6, 0, 13, 1, 13, 6, 13, 1, 0, 0, 0, 19, 0, 8),
(229, 't20', 109, 0, 0, 0, 0, 0, 0, 0, 0, 0, 0, 0, 0, 0, 33, 0, 5),
(230, 'first_class', 42, 69, 886.5, 5321, 84, 3529, 97, 36.38, 54.85, 3.97, 9, 4, 3, 0, 14, 0, 1),
(230, 'list_a', 81, 75, 517, 3102, 19, 2775, 93, 29.83, 33.35, 5.36, 5, 1, 2, 0, 13, 0, 3),
(230, 'odi', 39, 38, 269.3, 1617, 12, 1449, 41, 35.34, 39.43, 5.37, 5, 0, 1, 0, 7, 0, 2),
(230, 't20', 94, 93, 326.3, 1959, 3, 2589, 94, 27.54, 20.84, 7.92, 4, 3, 0, 0, 21, 0, 2),
(230, 't20i', 47, 47, 166.3, 999, 0, 1328, 47, 28.25, 21.25, 7.97, 4, 1, 0, 0, 10, 0, 1),
(230, 'test', 12, 21, 337, 2022, 28, 1321, 32, 41.28, 63.18, 3.91, 9, 1, 1, 0, 5, 0, 0),
(231, 'first_class', 66, 115, 2074.2, 12446, 445, 6314, 227, 27.81, 54.82, 3.04, 10, 11, 8, 1, 12, 0, 5),
(231, 'list_a', 41, 40, 329.4, 1978, 35, 1550, 60, 25.83, 32.96, 4.7, 5, 1, 1, 0, 6, 0, 1),
(231, 't20', 87, 87, 291.5, 1751, 3, 2263, 105, 21.55, 16.67, 7.75, 5, 2, 3, 0, 12, 0, 4),
(232, 'first_class', 27, 47, 757.3, 4545, 171, 2342, 100, 23.42, 45.45, 3.09, 12, 6, 4, 1, 5, 0, 1),
(232, 'list_a', 22, 21, 157, 942, 14, 853, 17, 50.17, 55.41, 5.43, 3, 0, 0, 0, 7, 0, 0),
(232, 't20', 57, 57, 212.4, 1276, 2, 1671, 78, 21.42, 16.35, 7.85, 5, 2, 1, 0, 10, 0, 4),
(232, 't20i', 2, 2, 8, 48, 1, 65, 2, 32.5, 24, 8.12, 2, 0, 0, 0, 0, 0, 0),
(233, 'first_class', 1, 2, 25, 150, 5, 68, 2, 34, 75, 2.72, 2, 0, 0, 0, 0, 0, 0),
(233, 'list_a', 18, 18, 159.5, 959, 8, 832, 26, 32, 36.88, 5.2, 6, 1, 1, 0, 4, 0, 0),
(233, 't20', 28, 28, 96, 576, 0, 683, 34, 20.08, 16.94, 7.11, 3, 0, 0, 0, 7, 0, 1),
(234, 'list_a', 17, 17, 158.3, 951, 4, 870, 24, 36.25, 39.62, 5.48, 4, 1, 0, 0, 1, 0, 0),
(234, 't20', 54, 54, 207, 1242, 1, 1416, 59, 24, 21.05, 6.84, 4, 1, 0, 0, 20, 0, 5),
(234, 't20i', 4, 4, 16, 96, 0, 108, 4, 27, 24, 6.75, 2, 0, 0, 0, 2, 0, 0),
(235, 't20', 13, 1, 1, 6, 0, 6, 1, 6, 6, 6, 1, 0, 0, 0, 5, 0, 0),
(236, 'first_class', 3, 5, 79, 474, 12, 234, 6, 39, 79, 2.96, 3, 0, 0, 0, 1, 0, 0),
(236, 'list_a', 15, 3, 21, 126, 0, 99, 3, 33, 42, 4.71, 2, 0, 0, 0, 4, 0, 0),
(236, 't20', 10, 2, 8, 48, 0, 44, 2, 22, 24, 5.5, 2, 0, 0, 0, 0, 0, 0),
(237, 'list_a', 2, 2, 19.1, 115, 3, 118, 6, 19.66, 19.16, 6.15, 3, 0, 0, 0, 0, 0, 0),
(238, 'first_class', 30, 53, 900.3, 5403, 201, 2872, 88, 32.63, 61.39, 3.18, 8, 5, 2, 0, 10, 0, 1),
(238, 'list_a', 79, 77, 622, 3732, 36, 3264, 112, 29.14, 33.32, 5.24, 5, 1, 1, 0, 29, 0, 1),
(238, 'odi', 40, 39, 300.1, 1801, 7, 1581, 41, 38.56, 43.92, 5.26, 3, 0, 0, 0, 21, 0, 0),
(238, 't20', 129, 126, 455.4, 2734, 10, 3535, 139, 25.43, 19.66, 7.75, 5, 3, 1, 0, 32, 0, 9),
(238, 't20i', 31, 31, 108.5, 653, 2, 854, 32, 26.68, 20.4, 7.84, 4, 1, 0, 0, 6, 0, 3);

-- --------------------------------------------------------

--
-- Table structure for table `scorcard_details`
--

CREATE TABLE `scorcard_details` (
  `scorcardId` int NOT NULL,
  `matchId` int NOT NULL,
  `tossWonBy` int DEFAULT NULL,
  `tossDecision` varchar(20) DEFAULT NULL,
  `winnerId` int DEFAULT NULL,
  `manOfMatch` int DEFAULT NULL,
  `isPointsCalculated` tinyint(1) NOT NULL DEFAULT '0',
  `matchResultString` varchar(1000) DEFAULT NULL,
  `logTime` timestamp NOT NULL DEFAULT CURRENT_TIMESTAMP
) ENGINE=InnoDB ;

--
-- Dumping data for table `scorcard_details`
--

INSERT INTO `scorcard_details` (`scorcardId`, `matchId`, `tossWonBy`, `tossDecision`, `winnerId`, `manOfMatch`, `isPointsCalculated`, `matchResultString`) VALUES
(1, 16, 9, 'bowl', 9, 210, 0, 'Gujarat Titans beat Punjab Kings by 6 wickets'),
(2, 21, 1, 'bowl', 1, 1, 0, 'Sunrisers Hyderabad beat Gujarat Titans by 8 wickets'),
(3, 5, 1, 'bowl', 5, 106, 0, 'Rajasthan Royals beat Sunrisers Hyderabad by 61 runs'),
(4, 8, 3, 'bowl', 3, 62, 0, 'Kolkata Knight Riders beat Punjab Kings by 6 wickets'),
(5, 14, 3, 'bowl', 3, 63, 0, 'Kolkata Knight Riders beat Mumbai Indians by 5 wickets'),
(6, 4, 9, 'bowl', 9, 201, 0, 'Gujarat Titans beat Lucknow Super Giants by 5 wickets'),
(7, 18, 7, 'bowl', 7, 163, 0, 'Royal Challengers Bangalore beat Mumbai Indians by 7 wickets'),
(8, 9, 2, 'bowl', 5, 101, 0, 'Rajasthan Royals beat Mumbai Indians by 23 runs'),
(9, 20, 10, 'bowl', 5, 107, 0, 'Rajasthan Royals beat Lucknow Super Giants by 3 runs'),
(10, 10, 8, 'bowl', 9, 202, 0, 'Gujarat Titans beat Delhi Capitals by 14 runs'),
(11, 1, 3, 'bowl', 3, 62, 0, 'Kolkata Knight Riders beat Chennai Super Kings by 6 wickets'),
(12, 17, 1, 'bowl', 1, 15, 0, 'Sunrisers Hyderabad beat Chennai Super Kings by 8 wickets'),
(13, 7, 10, 'bowl', 10, 226, 0, 'Lucknow Super Giants beat Chennai Super Kings by 6 wickets'),
(14, 15, 10, 'bowl', 10, 222, 0, 'Lucknow Super Giants beat Delhi Capitals by 6 wickets'),
(15, 6, 7, 'bowl', 7, 160, 0, 'Royal Challengers Bangalore beat Kolkata Knight Riders by 3 wickets'),
(16, 3, 4, 'bowl', 4, 91, 0, 'Punjab Kings beat Royal Challengers Bangalore by 5 wickets'),
(17, 11, 6, 'bowl', 4, 81, 0, 'Punjab Kings beat Chennai Super Kings by 54 runs'),
(18, 13, 7, 'bowl', 7, 150, 0, 'Royal Challengers Bangalore beat Rajasthan Royals by 4 wickets'),
(19, 12, 1, 'bowl', 10, 233, 0, 'Lucknow Super Giants beat Sunrisers Hyderabad by 12 runs'),
(20, 2, 8, 'bowl', 8, 179, 0, 'Delhi Capitals beat Mumbai Indians by 4 wickets'),
(21, 19, 3, 'bowl', 8, 179, 0, 'Delhi Capitals beat Kolkata Knight Riders by 44 runs'),
(22, 22, 7, 'bowl', 6, NULL, 0, 'Chennai Super Kings beat Royal Challengers Bangalore by 23 runs'),
(23, 23, 2, 'bowl', 4, 80, 0, 'Punjab Kings beat Mumbai Indians by 12 runs'),
(24, 24, 5, 'bowl', 9, 204, 0, 'Gujarat Titans beat Rajasthan Royals by 37 runs'),
(25, 29, 9, 'bowl', 9, 197, 0, 'Gujarat Titans beat Chennai Super Kings by 3 wickets'),
(26, 30, 3, 'bowl', 5, 107, 0, 'Rajasthan Royals beat Kolkata Knight Riders by 7 runs'),
(27, 28, 1, 'bowl', 1, 22, 0, 'Sunrisers Hyderabad beat Punjab Kings by 7 wickets');

-- --------------------------------------------------------

--
-- Table structure for table `scorcard_innings`
--

CREATE TABLE `scorcard_innings` (
  `scorcardInningId` int NOT NULL,
  `scorcardId` int NOT NULL,
  `inningNumber` int NOT NULL,
  `battingTeam` int NOT NULL,
  `bowlingTeam` int NOT NULL,
  `runs` int NOT NULL,
  `wickets` int NOT NULL,
  `oversPlayed` decimal(10,0) NOT NULL
) ENGINE=InnoDB ;

--
-- Dumping data for table `scorcard_innings`
--

INSERT INTO `scorcard_innings` (`scorcardInningId`, `scorcardId`, `inningNumber`, `battingTeam`, `bowlingTeam`, `runs`, `wickets`, `oversPlayed`) VALUES
(1, 1, 1, 4, 9, 189, 9, '20'),
(2, 1, 2, 9, 4, 190, 4, '20'),
(3, 2, 1, 9, 1, 162, 7, '20'),
(4, 2, 2, 1, 9, 168, 2, '19'),
(5, 3, 1, 5, 1, 210, 6, '20'),
(6, 3, 2, 1, 5, 149, 7, '20'),
(7, 4, 1, 4, 3, 137, 10, '18'),
(8, 4, 2, 3, 4, 141, 4, '14'),
(9, 5, 1, 2, 3, 161, 4, '20'),
(10, 5, 2, 3, 2, 162, 5, '16'),
(11, 6, 1, 10, 9, 158, 6, '20'),
(12, 6, 2, 9, 10, 161, 5, '19'),
(13, 7, 1, 2, 7, 151, 6, '20'),
(14, 7, 2, 7, 2, 152, 3, '18'),
(15, 8, 1, 5, 2, 193, 8, '20'),
(16, 8, 2, 2, 5, 170, 8, '20'),
(17, 9, 1, 5, 10, 165, 6, '20'),
(18, 9, 2, 10, 5, 162, 8, '20'),
(19, 10, 1, 9, 8, 171, 6, '20'),
(20, 10, 2, 8, 9, 157, 9, '20'),
(21, 11, 1, 6, 3, 131, 5, '20'),
(22, 11, 2, 3, 6, 133, 4, '18'),
(23, 12, 1, 6, 1, 154, 7, '20'),
(24, 12, 2, 1, 6, 155, 2, '17'),
(25, 13, 1, 6, 10, 210, 7, '20'),
(26, 13, 2, 10, 6, 211, 4, '19'),
(27, 14, 1, 8, 10, 149, 3, '20'),
(28, 14, 2, 10, 8, 155, 4, '19'),
(29, 15, 1, 3, 7, 128, 10, '18'),
(30, 15, 2, 7, 3, 132, 7, '19'),
(31, 16, 1, 7, 4, 205, 2, '20'),
(32, 16, 2, 4, 7, 208, 5, '19'),
(33, 17, 1, 4, 6, 180, 8, '20'),
(34, 17, 2, 6, 4, 126, 10, '18'),
(35, 18, 1, 5, 7, 169, 3, '20'),
(36, 18, 2, 7, 5, 173, 6, '19'),
(37, 19, 1, 10, 1, 169, 7, '20'),
(38, 19, 2, 1, 10, 157, 9, '20'),
(39, 20, 1, 2, 8, 177, 5, '20'),
(40, 20, 2, 8, 2, 179, 6, '18'),
(41, 21, 1, 8, 3, 215, 5, '20'),
(42, 21, 2, 3, 8, 171, 10, '19'),
(43, 22, 1, 6, 7, 216, 4, '20'),
(44, 22, 2, 7, 6, 193, 9, '20'),
(45, 23, 1, 4, 2, 198, 5, '20'),
(46, 23, 2, 2, 4, 186, 9, '20'),
(47, 24, 1, 9, 5, 192, 4, '20'),
(48, 24, 2, 5, 9, 155, 9, '20'),
(49, 25, 1, 6, 9, 169, 5, '20'),
(50, 25, 2, 9, 6, 170, 7, '19'),
(51, 26, 1, 5, 3, 217, 5, '20'),
(52, 26, 2, 3, 5, 210, 10, '19'),
(53, 27, 1, 4, 1, 151, 10, '20'),
(54, 27, 2, 1, 4, 152, 3, '18');

-- --------------------------------------------------------

--
-- Table structure for table `team_type`
--

CREATE TABLE `team_type` (
  `teamType` int NOT NULL,
  `teamTypeString` tinytext NOT NULL
) ENGINE=InnoDB ;

--
-- Dumping data for table `team_type`
--

INSERT INTO `team_type` (`teamType`, `teamTypeString`) VALUES
(1, 'HEAD_TO_HEAD'),
(2, 'MEGA_CONTEST');

-- --------------------------------------------------------

--
-- Table structure for table `tournament_category`
--

CREATE TABLE `tournament_category` (
  `categoryId` int NOT NULL,
  `categoryRadarId` int NOT NULL,
  `categoryString` varchar(50) NOT NULL,
  `logTime` timestamp NOT NULL DEFAULT CURRENT_TIMESTAMP
) ENGINE=InnoDB ;

--
-- Dumping data for table `tournament_category`
--

INSERT INTO `tournament_category` (`categoryId`, `categoryRadarId`, `categoryString`) VALUES
(1, 497, 'India');

-- --------------------------------------------------------

--
-- Table structure for table `tournament_competitor`
--

CREATE TABLE `tournament_competitor` (
  `tournamentCompetitorId` int NOT NULL,
  `tournamentId` int NOT NULL,
  `competitorId` int NOT NULL,
  `isPlayerArrived` tinyint(1) NOT NULL DEFAULT '0'
) ENGINE=InnoDB ;

--
-- Dumping data for table `tournament_competitor`
--

INSERT INTO `tournament_competitor` (`tournamentCompetitorId`, `tournamentId`, `competitorId`, `isPlayerArrived`) VALUES
(1, 1, 1, 0),
(2, 1, 2, 0),
(3, 1, 3, 0),
(4, 1, 4, 0),
(5, 1, 5, 0),
(6, 1, 6, 0),
(7, 1, 7, 0),
(8, 1, 8, 0),
(9, 1, 9, 0),
(10, 1, 10, 0);

-- --------------------------------------------------------

--
-- Table structure for table `tournament_competitor_player`
--

CREATE TABLE `tournament_competitor_player` (
  `tournamentCompetitorPlayerId` int NOT NULL,
  `tournamentCompetitorId` int NOT NULL,
  `playerId` int NOT NULL,
  `credit` decimal(40,1) NOT NULL DEFAULT '0.0'
) ENGINE=InnoDB ;

--
-- Dumping data for table `tournament_competitor_player`
--

INSERT INTO `tournament_competitor_player` (`tournamentCompetitorPlayerId`, `tournamentCompetitorId`, `playerId`, `credit`) VALUES
(1, 1, 1, '0.0'),
(2, 1, 2, '0.0'),
(3, 1, 3, '0.0'),
(4, 1, 4, '0.0'),
(5, 1, 5, '0.0'),
(6, 1, 6, '0.0'),
(7, 1, 7, '0.0'),
(8, 1, 8, '0.0'),
(9, 1, 9, '0.0'),
(10, 1, 10, '0.0'),
(11, 1, 11, '0.0'),
(12, 1, 12, '0.0'),
(13, 1, 13, '0.0'),
(14, 1, 14, '0.0'),
(15, 1, 15, '0.0'),
(16, 1, 16, '0.0'),
(17, 1, 17, '0.0'),
(18, 1, 18, '0.0'),
(19, 1, 19, '0.0'),
(20, 1, 20, '0.0'),
(21, 1, 21, '0.0'),
(22, 1, 22, '0.0'),
(23, 1, 23, '0.0'),
(24, 2, 24, '0.0'),
(25, 2, 25, '0.0'),
(26, 2, 26, '0.0'),
(27, 2, 27, '0.0'),
(28, 2, 28, '0.0'),
(29, 2, 29, '0.0'),
(30, 2, 30, '0.0'),
(31, 2, 31, '0.0'),
(32, 2, 32, '0.0'),
(33, 2, 33, '0.0'),
(34, 2, 34, '0.0'),
(35, 2, 35, '0.0'),
(36, 2, 36, '0.0'),
(37, 2, 37, '0.0'),
(38, 2, 38, '0.0'),
(39, 2, 39, '0.0'),
(40, 2, 40, '0.0'),
(41, 2, 41, '0.0'),
(42, 2, 42, '0.0'),
(43, 2, 43, '0.0'),
(44, 2, 44, '0.0'),
(45, 2, 45, '0.0'),
(46, 2, 46, '0.0'),
(47, 2, 47, '0.0'),
(48, 2, 48, '0.0'),
(49, 3, 49, '0.0'),
(50, 3, 50, '0.0'),
(51, 3, 51, '0.0'),
(52, 3, 52, '0.0'),
(53, 3, 53, '0.0'),
(54, 3, 54, '0.0'),
(55, 3, 55, '0.0'),
(56, 3, 56, '0.0'),
(57, 3, 57, '0.0'),
(58, 3, 58, '0.0'),
(59, 3, 59, '0.0'),
(60, 3, 60, '0.0'),
(61, 3, 61, '0.0'),
(62, 3, 62, '0.0'),
(63, 3, 63, '0.0'),
(64, 3, 64, '0.0'),
(65, 3, 65, '0.0'),
(66, 3, 66, '0.0'),
(67, 3, 67, '0.0'),
(68, 3, 68, '0.0'),
(69, 3, 69, '0.0'),
(70, 3, 70, '0.0'),
(71, 3, 71, '0.0'),
(72, 3, 72, '0.0'),
(73, 3, 73, '0.0'),
(74, 4, 74, '0.0'),
(75, 4, 75, '0.0'),
(76, 4, 76, '0.0'),
(77, 4, 77, '0.0'),
(78, 4, 78, '0.0'),
(79, 4, 79, '0.0'),
(80, 4, 80, '0.0'),
(81, 4, 81, '0.0'),
(82, 4, 82, '0.0'),
(83, 4, 83, '0.0'),
(84, 4, 84, '0.0'),
(85, 4, 85, '0.0'),
(86, 4, 86, '0.0'),
(87, 4, 87, '0.0'),
(88, 4, 88, '0.0'),
(89, 4, 89, '0.0'),
(90, 4, 90, '0.0'),
(91, 4, 91, '0.0'),
(92, 4, 92, '0.0'),
(93, 4, 93, '0.0'),
(94, 4, 94, '0.0'),
(95, 4, 95, '0.0'),
(96, 4, 96, '0.0'),
(97, 4, 97, '0.0'),
(98, 4, 98, '0.0'),
(99, 5, 99, '0.0'),
(100, 5, 100, '0.0'),
(101, 5, 101, '0.0'),
(102, 5, 102, '0.0'),
(103, 5, 103, '0.0'),
(104, 5, 104, '0.0'),
(105, 5, 105, '0.0'),
(106, 5, 106, '0.0'),
(107, 5, 107, '0.0'),
(108, 5, 108, '0.0'),
(109, 5, 109, '0.0'),
(110, 5, 110, '0.0'),
(111, 5, 111, '0.0'),
(112, 5, 112, '0.0'),
(113, 5, 113, '0.0'),
(114, 5, 114, '0.0'),
(115, 5, 115, '0.0'),
(116, 5, 116, '0.0'),
(117, 5, 117, '0.0'),
(118, 5, 118, '0.0'),
(119, 5, 119, '0.0'),
(120, 5, 120, '0.0'),
(121, 5, 121, '0.0'),
(122, 5, 122, '0.0'),
(123, 6, 123, '0.0'),
(124, 6, 124, '0.0'),
(125, 6, 125, '0.0'),
(126, 6, 126, '0.0'),
(127, 6, 127, '0.0'),
(128, 6, 128, '0.0'),
(129, 6, 129, '0.0'),
(130, 6, 130, '0.0'),
(131, 6, 131, '0.0'),
(132, 6, 132, '0.0'),
(133, 6, 133, '0.0'),
(134, 6, 134, '0.0'),
(135, 6, 135, '0.0'),
(136, 6, 136, '0.0'),
(137, 6, 137, '0.0'),
(138, 6, 138, '0.0'),
(139, 6, 139, '0.0'),
(140, 6, 140, '0.0'),
(141, 6, 141, '0.0'),
(142, 6, 142, '0.0'),
(143, 6, 143, '0.0'),
(144, 6, 144, '0.0'),
(145, 6, 145, '0.0'),
(146, 6, 146, '0.0'),
(147, 7, 147, '0.0'),
(148, 7, 148, '0.0'),
(149, 7, 149, '0.0'),
(150, 7, 150, '0.0'),
(151, 7, 151, '0.0'),
(152, 7, 152, '0.0'),
(153, 7, 153, '0.0'),
(154, 7, 154, '0.0'),
(155, 7, 155, '0.0'),
(156, 7, 156, '0.0'),
(157, 7, 157, '0.0'),
(158, 7, 158, '0.0'),
(159, 7, 159, '0.0'),
(160, 7, 160, '0.0'),
(161, 7, 161, '0.0'),
(162, 7, 162, '0.0'),
(163, 7, 163, '0.0'),
(164, 7, 164, '0.0'),
(165, 7, 165, '0.0'),
(166, 7, 166, '0.0'),
(167, 7, 167, '0.0'),
(168, 7, 168, '0.0'),
(169, 7, 169, '0.0'),
(170, 8, 170, '0.0'),
(171, 8, 171, '0.0'),
(172, 8, 172, '0.0'),
(173, 8, 173, '0.0'),
(174, 8, 174, '0.0'),
(175, 8, 175, '0.0'),
(176, 8, 176, '0.0'),
(177, 8, 177, '0.0'),
(178, 8, 178, '0.0'),
(179, 8, 179, '0.0'),
(180, 8, 180, '0.0'),
(181, 8, 181, '0.0'),
(182, 8, 182, '0.0'),
(183, 8, 183, '0.0'),
(184, 8, 184, '0.0'),
(185, 8, 185, '0.0'),
(186, 8, 186, '0.0'),
(187, 8, 187, '0.0'),
(188, 8, 188, '0.0'),
(189, 8, 189, '0.0'),
(190, 8, 190, '0.0'),
(191, 8, 191, '0.0'),
(192, 8, 192, '0.0'),
(193, 8, 193, '0.0'),
(194, 9, 194, '0.0'),
(195, 9, 195, '0.0'),
(196, 9, 196, '0.0'),
(197, 9, 197, '0.0'),
(198, 9, 198, '0.0'),
(199, 9, 199, '0.0'),
(200, 9, 200, '0.0'),
(201, 9, 201, '0.0'),
(202, 9, 202, '0.0'),
(203, 9, 203, '0.0'),
(204, 9, 204, '0.0'),
(205, 9, 205, '0.0'),
(206, 9, 206, '0.0'),
(207, 9, 207, '0.0'),
(208, 9, 208, '0.0'),
(209, 9, 209, '0.0'),
(210, 9, 210, '0.0'),
(211, 9, 211, '0.0'),
(212, 9, 212, '0.0'),
(213, 9, 213, '0.0'),
(214, 9, 214, '0.0'),
(215, 9, 215, '0.0'),
(216, 9, 216, '0.0'),
(217, 10, 217, '0.0'),
(218, 10, 218, '0.0'),
(219, 10, 219, '0.0'),
(220, 10, 220, '0.0'),
(221, 10, 221, '0.0'),
(222, 10, 222, '0.0'),
(223, 10, 223, '0.0'),
(224, 10, 224, '0.0'),
(225, 10, 225, '0.0'),
(226, 10, 226, '0.0'),
(227, 10, 227, '0.0'),
(228, 10, 228, '0.0'),
(229, 10, 229, '0.0'),
(230, 10, 230, '0.0'),
(231, 10, 231, '0.0'),
(232, 10, 232, '0.0'),
(233, 10, 233, '0.0'),
(234, 10, 234, '0.0'),
(235, 10, 235, '0.0'),
(236, 10, 236, '0.0'),
(237, 10, 237, '0.0'),
(238, 6, 238, '0.0');

-- --------------------------------------------------------

--
-- Table structure for table `tournament_information`
--

CREATE TABLE `tournament_information` (
  `tournamentId` int NOT NULL,
  `tournamentRadarId` int NOT NULL,
  `currentSeasonRadarId` int NOT NULL,
  `tournamentName` varchar(500) NOT NULL,
  `currentSeasonName` varchar(500) NOT NULL,
  `seasonStartDate` date NOT NULL,
  `seasonEndDate` date NOT NULL,
  `tournamentMatchType` int NOT NULL,
  `tournamentCategory` int NOT NULL,
  `tournamentPlayersGender` tinytext,
  `tournamentCountry` varchar(30) DEFAULT NULL,
  `tournamentCountryCode` varchar(20) DEFAULT NULL,
  `isCompetitorsArrived` tinyint(1) NOT NULL DEFAULT '0',
  `isMatchesArrived` tinyint(1) NOT NULL DEFAULT '0',
  `logTime` timestamp NOT NULL DEFAULT CURRENT_TIMESTAMP
) ENGINE=InnoDB ;

--
-- Dumping data for table `tournament_information`
--

INSERT INTO `tournament_information` (`tournamentId`, `tournamentRadarId`, `currentSeasonRadarId`, `tournamentName`, `currentSeasonName`, `seasonStartDate`, `seasonEndDate`, `tournamentMatchType`, `tournamentCategory`, `tournamentPlayersGender`, `tournamentCountry`, `tournamentCountryCode`, `isCompetitorsArrived`, `isMatchesArrived`) VALUES
(1, 2472, 91319, 'Indian Premier League', 'Indian Premier League 2022', '2022-03-26', '2022-05-29', 1, 1, 'men', 'India', 'IND', 1, 1);

-- --------------------------------------------------------

--
-- Table structure for table `tournament_matches`
--

CREATE TABLE `tournament_matches` (
  `matchId` int NOT NULL,
  `matchRadarId` int NOT NULL,
  `matchTournamentId` int NOT NULL,
  `matchStartTime` varchar(15) NOT NULL,
  `isPointsCalculated` tinyint(1) NOT NULL DEFAULT '0',
  `competitor1` int NOT NULL,
  `competitor2` int NOT NULL,
  `tossWonBy` int DEFAULT NULL,
  `tossDecision` tinytext,
  `venueId` int DEFAULT NULL,
  `matchStatus` int NOT NULL,
  `logTime` timestamp NOT NULL DEFAULT CURRENT_TIMESTAMP
) ENGINE=InnoDB ;

--
-- Dumping data for table `tournament_matches`
--

INSERT INTO `tournament_matches` (`matchId`, `matchRadarId`, `matchTournamentId`, `matchStartTime`, `isPointsCalculated`, `competitor1`, `competitor2`, `tossWonBy`, `tossDecision`, `venueId`, `matchStatus`) VALUES
(1, 32483483, 1, '1648303200000', 0, 6, 3, 3, 'bowl', 1, 4),
(2, 32483485, 1, '1648375200000', 0, 8, 2, 8, 'bowl', 2, 4),
(3, 32483487, 1, '1648389600000', 0, 4, 7, NULL, NULL, 3, 1),
(4, 32483489, 1, '1648476000000', 0, 9, 10, NULL, NULL, 1, 1),
(5, 32483491, 1, '1648562400000', 0, 1, 5, NULL, NULL, 4, 1),
(6, 32483493, 1, '1648648800000', 0, 7, 3, NULL, NULL, 3, 1),
(7, 32483495, 1, '1648735200000', 0, 10, 6, NULL, NULL, 2, 1),
(8, 32483497, 1, '1648821600000', 0, 3, 4, NULL, NULL, 1, 1),
(9, 32483499, 1, '1648893600000', 0, 2, 5, NULL, NULL, 3, 1),
(10, 32483501, 1, '1648908000000', 0, 9, 8, NULL, NULL, 4, 1),
(11, 32483503, 1, '1648994400000', 0, 6, 4, NULL, NULL, 2, 1),
(12, 32483505, 1, '1649080800000', 0, 1, 10, NULL, NULL, 3, 1),
(13, 32483507, 1, '1649167200000', 0, 5, 7, NULL, NULL, 1, 1),
(14, 32483509, 1, '1649253600000', 0, 3, 2, NULL, NULL, 4, 1),
(15, 32483511, 1, '1649340000000', 0, 10, 8, NULL, NULL, 3, 1),
(16, 32483513, 1, '1649426400000', 0, 4, 9, NULL, NULL, 2, 1),
(17, 32483515, 1, '1649498400000', 0, 6, 1, NULL, NULL, 3, 1),
(18, 32483517, 1, '1649512800000', 0, 7, 2, NULL, NULL, 4, 1),
(19, 32483519, 1, '1649584800000', 0, 3, 8, NULL, NULL, 2, 1),
(20, 32483521, 1, '1649599200000', 0, 5, 10, NULL, NULL, 1, 1),
(21, 32483523, 1, '1649685600000', 0, 1, 9, NULL, NULL, 3, 1),
(22, 32483525, 1, '1649772000000', 0, 6, 7, NULL, NULL, 3, 1),
(23, 32483527, 1, '1649858400000', 0, 2, 4, NULL, NULL, 4, 1),
(24, 32483529, 1, '1649944800000', 0, 5, 9, NULL, NULL, 3, 1),
(25, 32483531, 1, '1650031200000', 0, 1, 3, NULL, NULL, 2, 1),
(26, 32483533, 1, '1650103200000', 0, 2, 10, NULL, NULL, 2, 1),
(27, 32483535, 1, '1650117600000', 0, 8, 7, NULL, NULL, 1, 1),
(28, 32483537, 1, '1650189600000', 0, 4, 1, NULL, NULL, 3, 1),
(29, 32483539, 1, '1650204000000', 0, 9, 6, NULL, NULL, 4, 1),
(30, 32483541, 1, '1650290400000', 0, 5, 3, NULL, NULL, 2, 1),
(31, 32483543, 1, '1650376800000', 0, 10, 7, NULL, NULL, 3, 1),
(32, 32483545, 1, '1650463200000', 0, 8, 4, NULL, NULL, 2, 1),
(33, 32483547, 1, '1650549600000', 0, 2, 6, NULL, NULL, 3, 1),
(34, 32483549, 1, '1650636000000', 0, 8, 5, NULL, NULL, 1, 1),
(35, 32483551, 1, '1650708000000', 0, 3, 9, NULL, NULL, 3, 1),
(36, 32483553, 1, '1650722400000', 0, 7, 1, NULL, NULL, 2, 1),
(37, 32483555, 1, '1650808800000', 0, 10, 2, NULL, NULL, 1, 1),
(38, 32483557, 1, '1650895200000', 0, 4, 6, NULL, NULL, 1, 1),
(39, 32483559, 1, '1650981600000', 0, 7, 5, NULL, NULL, 4, 1),
(40, 32483561, 1, '1651068000000', 0, 9, 1, NULL, NULL, 1, 1),
(41, 32483563, 1, '1651154400000', 0, 8, 3, NULL, NULL, 1, 1),
(42, 32483565, 1, '1651240800000', 0, 4, 10, NULL, NULL, 4, 2),
(43, 32483567, 1, '1651312800000', 0, 9, 7, NULL, NULL, 2, 3),
(44, 32483569, 1, '1651327200000', 0, 5, 2, NULL, NULL, 3, 3),
(45, 32483571, 1, '1651399200000', 0, 8, 10, NULL, NULL, 1, 3),
(46, 32483573, 1, '1651413600000', 0, 1, 6, NULL, NULL, 4, 3),
(47, 32483575, 1, '1651500000000', 0, 3, 5, NULL, NULL, 1, 3),
(48, 32483577, 1, '1651586400000', 0, 9, 4, NULL, NULL, 3, 3),
(49, 32483579, 1, '1651672800000', 0, 7, 6, NULL, NULL, 4, 3),
(50, 32483581, 1, '1651759200000', 0, 8, 1, NULL, NULL, 2, 3),
(51, 32483583, 1, '1651845600000', 0, 9, 2, NULL, NULL, 2, 3),
(52, 32483585, 1, '1651917600000', 0, 4, 5, NULL, NULL, 1, 3),
(53, 32483587, 1, '1651932000000', 0, 10, 3, NULL, NULL, 4, 3),
(54, 32483589, 1, '1652004000000', 0, 1, 7, NULL, NULL, 1, 3),
(55, 32483591, 1, '1652018400000', 0, 6, 8, NULL, NULL, 3, 3),
(56, 32483593, 1, '1652104800000', 0, 2, 3, NULL, NULL, 3, 3),
(57, 32483595, 1, '1652191200000', 0, 10, 9, NULL, NULL, 4, 3),
(58, 32483597, 1, '1652277600000', 0, 5, 8, NULL, NULL, 3, 3),
(59, 32483599, 1, '1652364000000', 0, 6, 2, NULL, NULL, 1, 3),
(60, 32483601, 1, '1652450400000', 0, 7, 4, NULL, NULL, 2, 3),
(61, 32483603, 1, '1652536800000', 0, 3, 1, NULL, NULL, 4, 3),
(62, 32483605, 1, '1652608800000', 0, 6, 9, NULL, NULL, 1, 3),
(63, 32483607, 1, '1652623200000', 0, 10, 5, NULL, NULL, 2, 3),
(64, 32483609, 1, '1652709600000', 0, 4, 8, NULL, NULL, 3, 3),
(65, 32483611, 1, '1652796000000', 0, 2, 1, NULL, NULL, 1, 3),
(66, 32483613, 1, '1652882400000', 0, 3, 10, NULL, NULL, 3, 3),
(67, 32483615, 1, '1652968800000', 0, 7, 9, NULL, NULL, 1, 3),
(68, 32483617, 1, '1653055200000', 0, 5, 6, NULL, NULL, 2, 3),
(69, 32483619, 1, '1653141600000', 0, 2, 8, NULL, NULL, 1, 3),
(70, 32483621, 1, '1653228000000', 0, 1, 4, NULL, NULL, 1, 3);

-- --------------------------------------------------------

--
-- Table structure for table `tournament_type`
--

CREATE TABLE `tournament_type` (
  `tournamentTypeId` int NOT NULL,
  `tournamnetTypeString` varchar(50) NOT NULL,
  `logTime` timestamp NOT NULL DEFAULT CURRENT_TIMESTAMP
) ENGINE=InnoDB ;

--
-- Dumping data for table `tournament_type`
--

INSERT INTO `tournament_type` (`tournamentTypeId`, `tournamnetTypeString`) VALUES
(1, 't20');

-- --------------------------------------------------------

--
-- Table structure for table `users`
--

CREATE TABLE `users` (
  `userId` int NOT NULL,
  `userType` int NOT NULL DEFAULT '1',
  `phoneNumber` varchar(10) NOT NULL,
  `email` varchar(500) NOT NULL DEFAULT '',
  `dateOfBirth` varchar(50) NOT NULL DEFAULT '',
  `gender` varchar(20) NOT NULL DEFAULT '',
  `displayPicture` varchar(1000) DEFAULT '',
  `firstName` varchar(30) NOT NULL DEFAULT '',
  `lastName` varchar(30) NOT NULL DEFAULT '',
  `address` varchar(1000) DEFAULT '',
  `city` varchar(50) NOT NULL DEFAULT '',
  `pinCode` varchar(10) DEFAULT NULL,
  `state` varchar(50) NOT NULL DEFAULT '',
  `country` varchar(50) NOT NULL DEFAULT '',
  `imageStamp` varchar(100) DEFAULT NULL,
  `isVerified` tinyint(1) NOT NULL DEFAULT '0',
  `registerTime` timestamp NOT NULL DEFAULT CURRENT_TIMESTAMP
) ENGINE=InnoDB ;

--
-- Dumping data for table `users`
--

INSERT INTO `users` (`userId`, `userType`, `phoneNumber`, `email`, `dateOfBirth`, `gender`, `displayPicture`, `firstName`, `lastName`, `address`, `city`, `pinCode`, `state`, `country`, `imageStamp`, `isVerified`) VALUES
(1, 1, '9712491369', 'dhruvmaradiya0@gmail.com', '2004/10/18', 'male', NULL, 'Dhruv', 'Maradiya', NULL, '', NULL, '', '', NULL, 0);

-- --------------------------------------------------------

--
-- Table structure for table `user_team_data_new`
--

CREATE TABLE `user_team_data_new` (
  `userTeamId` int NOT NULL,
  `playerId` int NOT NULL,
  `isCaptain` int NOT NULL DEFAULT '0',
  `isViceCaptain` int NOT NULL DEFAULT '0'
) ENGINE=InnoDB ;

--
-- Dumping data for table `user_team_data_new`
--

INSERT INTO `user_team_data_new` (`userTeamId`, `playerId`, `isCaptain`, `isViceCaptain`) VALUES
(2, 123, 1, 0),
(2, 124, 0, 1),
(2, 125, 0, 0),
(2, 126, 0, 0),
(2, 127, 0, 0),
(2, 128, 0, 0),
(2, 129, 0, 0),
(2, 130, 0, 0),
(2, 131, 0, 0),
(2, 132, 0, 0),
(2, 133, 0, 0);

-- --------------------------------------------------------

--
-- Table structure for table `user_team_likes`
--

CREATE TABLE `user_team_likes` (
  `userTeamId` int NOT NULL,
  `userId` int NOT NULL
) ENGINE=InnoDB ;

-- --------------------------------------------------------

--
-- Table structure for table `user_team_new`
--

CREATE TABLE `user_team_new` (
  `userTeamId` int NOT NULL,
  `matchId` int NOT NULL,
  `userId` int NOT NULL,
  `userTeamType` int NOT NULL,
  `userTeamPoints` int DEFAULT NULL,
  `userTeamViews` int NOT NULL DEFAULT '0',
  `userTeamLikes` int NOT NULL DEFAULT '0',
  `creationTime` timestamp NOT NULL DEFAULT CURRENT_TIMESTAMP
) ENGINE=InnoDB ;

--
-- Dumping data for table `user_team_new`
--

INSERT INTO `user_team_new` (`userTeamId`, `matchId`, `userId`, `userTeamType`, `userTeamPoints`, `userTeamViews`, `userTeamLikes`) VALUES
(2, 1, 1, 1, NULL, 15, 6);

-- --------------------------------------------------------

--
-- Table structure for table `user_team_views`
--

CREATE TABLE `user_team_views` (
  `userTeamId` int NOT NULL,
  `userId` int NOT NULL,
  `viewCount` int NOT NULL DEFAULT '1'
) ENGINE=InnoDB ;

-- --------------------------------------------------------

--
-- Table structure for table `user_type`
--

CREATE TABLE `user_type` (
  `userType` int NOT NULL,
  `userTypeString` varchar(30) NOT NULL
) ENGINE=InnoDB ;

--
-- Dumping data for table `user_type`
--

INSERT INTO `user_type` (`userType`, `userTypeString`) VALUES
(2, 'EXPERT'),
(1, 'GENERAL');

-- --------------------------------------------------------

--
-- Table structure for table `venues`
--

CREATE TABLE `venues` (
  `venueId` int NOT NULL,
  `venueName` varchar(500) DEFAULT NULL,
  `venueCapacity` int DEFAULT NULL,
  `venueCity` tinytext,
  `venueRadarId` int NOT NULL,
  `venueCountry` varchar(50) DEFAULT NULL,
  `venueCountryCode` varchar(20) DEFAULT NULL,
  `venueMapCardinalities` varchar(100) DEFAULT NULL,
  `venueEnd1` varchar(100) DEFAULT NULL,
  `venueEnd2` varchar(100) DEFAULT NULL,
  `logTime` timestamp NOT NULL DEFAULT CURRENT_TIMESTAMP
) ENGINE=InnoDB ;

--
-- Dumping data for table `venues`
--

INSERT INTO `venues` (`venueId`, `venueName`, `venueCapacity`, `venueCity`, `venueRadarId`, `venueCountry`, `venueCountryCode`, `venueMapCardinalities`, `venueEnd1`, `venueEnd2`) VALUES
(1, 'Wankhede Stadium', 45000, 'Mumbai', 19683, 'India', 'IND', '18.938917,72.825722', 'Garware Pavilion End', 'Tata End'),
(2, 'Brabourne Stadium', 25000, 'Mumbai', 24948, 'India', 'IND', '18.932222,72.824722', 'Pavilion End', 'Church Gate End'),
(3, 'Dr Dy Patil Sports Academy', 60000, 'Mumbai', 16754, 'India', 'IND', '19.041944,73.026667', 'Media End', 'Pavilion End'),
(4, 'Maharashtra Cricket Association Stadium', 55000, 'Pune', 19689, 'India', 'IND', '18.674444,73.706389', 'Pavilion End', 'Hill End');

--
-- Indexes for dumped tables
--

--
-- Indexes for table `competitors`
--
ALTER TABLE `competitors`
  ADD PRIMARY KEY (`competitorId`),
  ADD UNIQUE KEY `competitorRadarId` (`competitorRadarId`);

--
-- Indexes for table `discussion`
--
ALTER TABLE `discussion`
  ADD PRIMARY KEY (`discussionId`),
  ADD KEY `match` (`matchId`),
  ADD KEY `messenger` (`messengerId`),
  ADD KEY `teamCreater` (`userId`);

--
-- Indexes for table `inning_batsmans`
--
ALTER TABLE `inning_batsmans`
  ADD UNIQUE KEY `scorcardInningId` (`scorcardInningId`,`playerId`),
  ADD KEY `relation_scorcardInning_player` (`playerId`);

--
-- Indexes for table `inning_batting`
--
ALTER TABLE `inning_batting`
  ADD PRIMARY KEY (`scorcardInningId`);

--
-- Indexes for table `inning_bowlers`
--
ALTER TABLE `inning_bowlers`
  ADD UNIQUE KEY `scorcardInningId_2` (`scorcardInningId`,`playerId`),
  ADD KEY `scorcardInningId` (`scorcardInningId`);

--
-- Indexes for table `inning_bowling`
--
ALTER TABLE `inning_bowling`
  ADD PRIMARY KEY (`scorcardInningId`);

--
-- Indexes for table `match_lineup`
--
ALTER TABLE `match_lineup`
  ADD UNIQUE KEY `matchId` (`matchId`,`competitorId`,`playerId`),
  ADD KEY `match_lineup_competitor` (`competitorId`),
  ADD KEY `match_lineup_playerId` (`playerId`);

--
-- Indexes for table `match_players`
--
ALTER TABLE `match_players`
  ADD UNIQUE KEY `matchId` (`matchId`,`competitorId`,`playerId`),
  ADD KEY `competitorId` (`competitorId`),
  ADD KEY `playerId` (`playerId`);

--
-- Indexes for table `match_status`
--
ALTER TABLE `match_status`
  ADD PRIMARY KEY (`statusId`);

--
-- Indexes for table `notifications`
--
ALTER TABLE `notifications`
  ADD PRIMARY KEY (`notificationId`),
  ADD KEY `userNotification` (`userId`),
  ADD KEY `notificationType` (`notificationType`);

--
-- Indexes for table `notification_type`
--
ALTER TABLE `notification_type`
  ADD PRIMARY KEY (`notificationType`);

--
-- Indexes for table `players`
--
ALTER TABLE `players`
  ADD PRIMARY KEY (`playerId`),
  ADD UNIQUE KEY `playerRadarId` (`playerRadarId`),
  ADD KEY `relation_player_role` (`playerRole`),
  ADD KEY `relation_batting_style` (`playerBattingStyleId`),
  ADD KEY `relation_bowling_style` (`playerBowlingStyleId`);

--
-- Indexes for table `player_batting_style`
--
ALTER TABLE `player_batting_style`
  ADD PRIMARY KEY (`playerBattingStyleId`),
  ADD UNIQUE KEY `battingStyleString` (`battingStyleString`);

--
-- Indexes for table `player_bowling_style`
--
ALTER TABLE `player_bowling_style`
  ADD PRIMARY KEY (`playerBowlingStyleId`),
  ADD UNIQUE KEY `playerBowlingStyleString` (`playerBowlingStyleString`);

--
-- Indexes for table `player_roles`
--
ALTER TABLE `player_roles`
  ADD PRIMARY KEY (`roleId`);

--
-- Indexes for table `player_statistics_batting`
--
ALTER TABLE `player_statistics_batting`
  ADD UNIQUE KEY `playerId` (`playerId`,`type`);

--
-- Indexes for table `player_statistics_bowling`
--
ALTER TABLE `player_statistics_bowling`
  ADD UNIQUE KEY `playerId` (`playerId`,`type`);

--
-- Indexes for table `scorcard_details`
--
ALTER TABLE `scorcard_details`
  ADD PRIMARY KEY (`scorcardId`),
  ADD UNIQUE KEY `matchId` (`matchId`),
  ADD KEY `manOfMatch` (`manOfMatch`),
  ADD KEY `tossWonBy` (`tossWonBy`);

--
-- Indexes for table `scorcard_innings`
--
ALTER TABLE `scorcard_innings`
  ADD PRIMARY KEY (`scorcardInningId`),
  ADD UNIQUE KEY `scorcardId` (`scorcardId`,`inningNumber`);

--
-- Indexes for table `team_type`
--
ALTER TABLE `team_type`
  ADD PRIMARY KEY (`teamType`);

--
-- Indexes for table `tournament_category`
--
ALTER TABLE `tournament_category`
  ADD PRIMARY KEY (`categoryId`),
  ADD UNIQUE KEY `categoryRadarId` (`categoryRadarId`),
  ADD UNIQUE KEY `categoryString` (`categoryString`);

--
-- Indexes for table `tournament_competitor`
--
ALTER TABLE `tournament_competitor`
  ADD PRIMARY KEY (`tournamentCompetitorId`),
  ADD UNIQUE KEY `UNIQUE_TOURNAMENT_COMPETITOR` (`competitorId`,`tournamentId`),
  ADD KEY `relation_tournament` (`tournamentId`);

--
-- Indexes for table `tournament_competitor_player`
--
ALTER TABLE `tournament_competitor_player`
  ADD PRIMARY KEY (`tournamentCompetitorPlayerId`),
  ADD UNIQUE KEY `UNIQUE_COMPETITOR_PLAYER` (`tournamentCompetitorId`,`playerId`),
  ADD KEY `relation_player_playersTable` (`playerId`);

--
-- Indexes for table `tournament_information`
--
ALTER TABLE `tournament_information`
  ADD PRIMARY KEY (`tournamentId`),
  ADD UNIQUE KEY `tournamentRadarId` (`tournamentRadarId`),
  ADD UNIQUE KEY `currentSeasonRadarId` (`currentSeasonRadarId`),
  ADD UNIQUE KEY `UNIQUE_TOURNAMENT_SEASON` (`currentSeasonRadarId`,`tournamentRadarId`),
  ADD KEY `relation_tournament_category` (`tournamentCategory`),
  ADD KEY `relation_tournament_type` (`tournamentMatchType`);

--
-- Indexes for table `tournament_matches`
--
ALTER TABLE `tournament_matches`
  ADD PRIMARY KEY (`matchId`),
  ADD UNIQUE KEY `matchRadarId` (`matchRadarId`),
  ADD KEY `relation_match_status` (`matchStatus`),
  ADD KEY `relation_match_competitor1` (`competitor1`),
  ADD KEY `relation_match_competitor2` (`competitor2`),
  ADD KEY `relation_match_venue` (`venueId`),
  ADD KEY `relation_match_tournament` (`matchTournamentId`),
  ADD KEY `tossWonBy` (`tossWonBy`);

--
-- Indexes for table `tournament_type`
--
ALTER TABLE `tournament_type`
  ADD PRIMARY KEY (`tournamentTypeId`),
  ADD UNIQUE KEY `tournamnetTypeString` (`tournamnetTypeString`);

--
-- Indexes for table `users`
--
ALTER TABLE `users`
  ADD PRIMARY KEY (`userId`,`phoneNumber`),
  ADD UNIQUE KEY `phone_number` (`phoneNumber`),
  ADD KEY `user_type` (`userType`);

--
-- Indexes for table `user_team_data_new`
--
ALTER TABLE `user_team_data_new`
  ADD UNIQUE KEY `userTeamId` (`userTeamId`,`playerId`),
  ADD KEY `playerId` (`playerId`);

--
-- Indexes for table `user_team_likes`
--
ALTER TABLE `user_team_likes`
  ADD UNIQUE KEY `userTeamId` (`userTeamId`,`userId`),
  ADD KEY `relation_userTeamLikes_usersTable` (`userId`);

--
-- Indexes for table `user_team_new`
--
ALTER TABLE `user_team_new`
  ADD PRIMARY KEY (`userTeamId`),
  ADD UNIQUE KEY `matchId` (`matchId`,`userId`,`userTeamType`),
  ADD KEY `userId` (`userId`),
  ADD KEY `userTeamType` (`userTeamType`);

--
-- Indexes for table `user_team_views`
--
ALTER TABLE `user_team_views`
  ADD UNIQUE KEY `userTeamId` (`userTeamId`,`userId`),
  ADD KEY `relation_userId_usersTbale` (`userId`);

--
-- Indexes for table `user_type`
--
ALTER TABLE `user_type`
  ADD PRIMARY KEY (`userType`),
  ADD UNIQUE KEY `userTypeString` (`userTypeString`),
  ADD UNIQUE KEY `userTypeString_2` (`userTypeString`);

--
-- Indexes for table `venues`
--
ALTER TABLE `venues`
  ADD PRIMARY KEY (`venueId`),
  ADD UNIQUE KEY `venueRadarId` (`venueRadarId`);

--
-- AUTO_INCREMENT for dumped tables
--

--
-- AUTO_INCREMENT for table `competitors`
--
ALTER TABLE `competitors`
  MODIFY `competitorId` int NOT NULL AUTO_INCREMENT, AUTO_INCREMENT=11;

--
-- AUTO_INCREMENT for table `discussion`
--
ALTER TABLE `discussion`
  MODIFY `discussionId` int NOT NULL AUTO_INCREMENT;

--
-- AUTO_INCREMENT for table `match_status`
--
ALTER TABLE `match_status`
  MODIFY `statusId` int NOT NULL AUTO_INCREMENT, AUTO_INCREMENT=5;

--
-- AUTO_INCREMENT for table `players`
--
ALTER TABLE `players`
  MODIFY `playerId` int NOT NULL AUTO_INCREMENT, AUTO_INCREMENT=239;

--
-- AUTO_INCREMENT for table `player_batting_style`
--
ALTER TABLE `player_batting_style`
  MODIFY `playerBattingStyleId` int NOT NULL AUTO_INCREMENT, AUTO_INCREMENT=3;

--
-- AUTO_INCREMENT for table `player_bowling_style`
--
ALTER TABLE `player_bowling_style`
  MODIFY `playerBowlingStyleId` int NOT NULL AUTO_INCREMENT, AUTO_INCREMENT=17;

--
-- AUTO_INCREMENT for table `player_roles`
--
ALTER TABLE `player_roles`
  MODIFY `roleId` int NOT NULL AUTO_INCREMENT, AUTO_INCREMENT=6;

--
-- AUTO_INCREMENT for table `scorcard_details`
--
ALTER TABLE `scorcard_details`
  MODIFY `scorcardId` int NOT NULL AUTO_INCREMENT, AUTO_INCREMENT=28;

--
-- AUTO_INCREMENT for table `scorcard_innings`
--
ALTER TABLE `scorcard_innings`
  MODIFY `scorcardInningId` int NOT NULL AUTO_INCREMENT, AUTO_INCREMENT=55;

--
-- AUTO_INCREMENT for table `team_type`
--
ALTER TABLE `team_type`
  MODIFY `teamType` int NOT NULL AUTO_INCREMENT, AUTO_INCREMENT=3;

--
-- AUTO_INCREMENT for table `tournament_category`
--
ALTER TABLE `tournament_category`
  MODIFY `categoryId` int NOT NULL AUTO_INCREMENT, AUTO_INCREMENT=2;

--
-- AUTO_INCREMENT for table `tournament_competitor`
--
ALTER TABLE `tournament_competitor`
  MODIFY `tournamentCompetitorId` int NOT NULL AUTO_INCREMENT, AUTO_INCREMENT=11;

--
-- AUTO_INCREMENT for table `tournament_competitor_player`
--
ALTER TABLE `tournament_competitor_player`
  MODIFY `tournamentCompetitorPlayerId` int NOT NULL AUTO_INCREMENT, AUTO_INCREMENT=239;

--
-- AUTO_INCREMENT for table `tournament_information`
--
ALTER TABLE `tournament_information`
  MODIFY `tournamentId` int NOT NULL AUTO_INCREMENT, AUTO_INCREMENT=2;

--
-- AUTO_INCREMENT for table `tournament_matches`
--
ALTER TABLE `tournament_matches`
  MODIFY `matchId` int NOT NULL AUTO_INCREMENT, AUTO_INCREMENT=71;

--
-- AUTO_INCREMENT for table `tournament_type`
--
ALTER TABLE `tournament_type`
  MODIFY `tournamentTypeId` int NOT NULL AUTO_INCREMENT, AUTO_INCREMENT=2;

--
-- AUTO_INCREMENT for table `users`
--
ALTER TABLE `users`
  MODIFY `userId` int NOT NULL AUTO_INCREMENT, AUTO_INCREMENT=2;

--
-- AUTO_INCREMENT for table `user_team_new`
--
ALTER TABLE `user_team_new`
  MODIFY `userTeamId` int NOT NULL AUTO_INCREMENT, AUTO_INCREMENT=3;

--
-- AUTO_INCREMENT for table `user_type`
--
ALTER TABLE `user_type`
  MODIFY `userType` int NOT NULL AUTO_INCREMENT, AUTO_INCREMENT=3;

--
-- AUTO_INCREMENT for table `venues`
--
ALTER TABLE `venues`
  MODIFY `venueId` int NOT NULL AUTO_INCREMENT, AUTO_INCREMENT=5;

--
-- Constraints for dumped tables
--

--
-- Constraints for table `discussion`
--
ALTER TABLE `discussion`
  ADD CONSTRAINT `match` FOREIGN KEY (`matchId`) REFERENCES `tournament_matches` (`matchId`),
  ADD CONSTRAINT `messenger` FOREIGN KEY (`messengerId`) REFERENCES `users` (`userId`) ON DELETE CASCADE ON UPDATE CASCADE,
  ADD CONSTRAINT `teamCreater` FOREIGN KEY (`userId`) REFERENCES `users` (`userId`) ON DELETE CASCADE ON UPDATE CASCADE;

--
-- Constraints for table `inning_batsmans`
--
ALTER TABLE `inning_batsmans`
  ADD CONSTRAINT `relation_scorcardInning` FOREIGN KEY (`scorcardInningId`) REFERENCES `scorcard_innings` (`scorcardInningId`) ON DELETE CASCADE,
  ADD CONSTRAINT `relation_scorcardInning_player` FOREIGN KEY (`playerId`) REFERENCES `players` (`playerId`);

--
-- Constraints for table `inning_batting`
--
ALTER TABLE `inning_batting`
  ADD CONSTRAINT `inning_batting_ibfk_1` FOREIGN KEY (`scorcardInningId`) REFERENCES `scorcard_innings` (`scorcardInningId`) ON DELETE CASCADE;

--
-- Constraints for table `inning_bowlers`
--
ALTER TABLE `inning_bowlers`
  ADD CONSTRAINT `inning_bowlers_ibfk_1` FOREIGN KEY (`scorcardInningId`) REFERENCES `scorcard_innings` (`scorcardInningId`) ON DELETE CASCADE;

--
-- Constraints for table `inning_bowling`
--
ALTER TABLE `inning_bowling`
  ADD CONSTRAINT `inning_bowling_ibfk_1` FOREIGN KEY (`scorcardInningId`) REFERENCES `scorcard_innings` (`scorcardInningId`) ON DELETE CASCADE;

--
-- Constraints for table `match_lineup`
--
ALTER TABLE `match_lineup`
  ADD CONSTRAINT `match_lineup_competitor` FOREIGN KEY (`competitorId`) REFERENCES `competitors` (`competitorId`),
  ADD CONSTRAINT `match_lineup_matchId` FOREIGN KEY (`matchId`) REFERENCES `tournament_matches` (`matchId`),
  ADD CONSTRAINT `match_lineup_playerId` FOREIGN KEY (`playerId`) REFERENCES `players` (`playerId`);

--
-- Constraints for table `match_players`
--
ALTER TABLE `match_players`
  ADD CONSTRAINT `match_players_ibfk_1` FOREIGN KEY (`matchId`) REFERENCES `tournament_matches` (`matchId`),
  ADD CONSTRAINT `match_players_ibfk_2` FOREIGN KEY (`competitorId`) REFERENCES `competitors` (`competitorId`),
  ADD CONSTRAINT `match_players_ibfk_3` FOREIGN KEY (`playerId`) REFERENCES `players` (`playerId`);

--
-- Constraints for table `notifications`
--
ALTER TABLE `notifications`
  ADD CONSTRAINT `notificationType` FOREIGN KEY (`notificationType`) REFERENCES `notification_type` (`notificationType`) ON DELETE CASCADE ON UPDATE CASCADE,
  ADD CONSTRAINT `userNotification` FOREIGN KEY (`userId`) REFERENCES `users` (`userId`) ON DELETE CASCADE ON UPDATE CASCADE;

--
-- Constraints for table `players`
--
ALTER TABLE `players`
  ADD CONSTRAINT `relation_batting_style` FOREIGN KEY (`playerBattingStyleId`) REFERENCES `player_batting_style` (`playerBattingStyleId`),
  ADD CONSTRAINT `relation_bowling_style` FOREIGN KEY (`playerBowlingStyleId`) REFERENCES `player_bowling_style` (`playerBowlingStyleId`),
  ADD CONSTRAINT `relation_player_role` FOREIGN KEY (`playerRole`) REFERENCES `player_roles` (`roleId`) ON UPDATE CASCADE;

--
-- Constraints for table `player_statistics_batting`
--
ALTER TABLE `player_statistics_batting`
  ADD CONSTRAINT `player_statistics_batting` FOREIGN KEY (`playerId`) REFERENCES `players` (`playerId`);

--
-- Constraints for table `player_statistics_bowling`
--
ALTER TABLE `player_statistics_bowling`
  ADD CONSTRAINT `player_statistics_bowling_ibfk_1` FOREIGN KEY (`playerId`) REFERENCES `players` (`playerId`);

--
-- Constraints for table `scorcard_details`
--
ALTER TABLE `scorcard_details`
  ADD CONSTRAINT `relation_scorcardMatch_match` FOREIGN KEY (`matchId`) REFERENCES `tournament_matches` (`matchId`),
  ADD CONSTRAINT `scorcard_details_ibfk_1` FOREIGN KEY (`manOfMatch`) REFERENCES `players` (`playerId`),
  ADD CONSTRAINT `scorcard_details_ibfk_2` FOREIGN KEY (`tossWonBy`) REFERENCES `competitors` (`competitorId`);

--
-- Constraints for table `scorcard_innings`
--
ALTER TABLE `scorcard_innings`
  ADD CONSTRAINT `relation_scordcard_scorcardTable` FOREIGN KEY (`scorcardId`) REFERENCES `scorcard_details` (`scorcardId`) ON DELETE CASCADE;

--
-- Constraints for table `tournament_competitor`
--
ALTER TABLE `tournament_competitor`
  ADD CONSTRAINT `relation_tournament` FOREIGN KEY (`tournamentId`) REFERENCES `tournament_information` (`tournamentId`),
  ADD CONSTRAINT `relation_tournament_competitor` FOREIGN KEY (`competitorId`) REFERENCES `competitors` (`competitorId`);

--
-- Constraints for table `tournament_competitor_player`
--
ALTER TABLE `tournament_competitor_player`
  ADD CONSTRAINT `relation_player_playersTable` FOREIGN KEY (`playerId`) REFERENCES `players` (`playerId`),
  ADD CONSTRAINT `relation_tournamentCompetitor` FOREIGN KEY (`tournamentCompetitorId`) REFERENCES `tournament_competitor` (`tournamentCompetitorId`);

--
-- Constraints for table `tournament_information`
--
ALTER TABLE `tournament_information`
  ADD CONSTRAINT `relation_tournament_category` FOREIGN KEY (`tournamentCategory`) REFERENCES `tournament_category` (`categoryId`),
  ADD CONSTRAINT `relation_tournament_type` FOREIGN KEY (`tournamentMatchType`) REFERENCES `tournament_type` (`tournamentTypeId`);

--
-- Constraints for table `tournament_matches`
--
ALTER TABLE `tournament_matches`
  ADD CONSTRAINT `relation_match_competitor1` FOREIGN KEY (`competitor1`) REFERENCES `competitors` (`competitorId`),
  ADD CONSTRAINT `relation_match_competitor2` FOREIGN KEY (`competitor2`) REFERENCES `competitors` (`competitorId`),
  ADD CONSTRAINT `relation_match_status` FOREIGN KEY (`matchStatus`) REFERENCES `match_status` (`statusId`),
  ADD CONSTRAINT `relation_match_tournament` FOREIGN KEY (`matchTournamentId`) REFERENCES `tournament_information` (`tournamentId`),
  ADD CONSTRAINT `relation_match_venue` FOREIGN KEY (`venueId`) REFERENCES `venues` (`venueId`),
  ADD CONSTRAINT `tournament_matches_ibfk_1` FOREIGN KEY (`tossWonBy`) REFERENCES `competitors` (`competitorId`);

--
-- Constraints for table `users`
--
ALTER TABLE `users`
  ADD CONSTRAINT `user_type` FOREIGN KEY (`userType`) REFERENCES `user_type` (`userType`) ON UPDATE CASCADE;

--
-- Constraints for table `user_team_data_new`
--
ALTER TABLE `user_team_data_new`
  ADD CONSTRAINT `user_team_data_new_ibfk_1` FOREIGN KEY (`playerId`) REFERENCES `players` (`playerId`),
  ADD CONSTRAINT `user_team_data_new_ibfk_2` FOREIGN KEY (`userTeamId`) REFERENCES `user_team_new` (`userTeamId`);

--
-- Constraints for table `user_team_likes`
--
ALTER TABLE `user_team_likes`
  ADD CONSTRAINT `relation_userTeamLikes_usersTable` FOREIGN KEY (`userId`) REFERENCES `users` (`userId`),
  ADD CONSTRAINT `relation_userTeamLikes_userTeamTable` FOREIGN KEY (`userTeamId`) REFERENCES `user_team_new` (`userTeamId`);

--
-- Constraints for table `user_team_new`
--
ALTER TABLE `user_team_new`
  ADD CONSTRAINT `user_team_new_ibfk_1` FOREIGN KEY (`matchId`) REFERENCES `tournament_matches` (`matchId`),
  ADD CONSTRAINT `user_team_new_ibfk_2` FOREIGN KEY (`userId`) REFERENCES `users` (`userId`),
  ADD CONSTRAINT `user_team_new_ibfk_3` FOREIGN KEY (`userTeamType`) REFERENCES `team_type` (`teamType`);

--
-- Constraints for table `user_team_views`
--
ALTER TABLE `user_team_views`
  ADD CONSTRAINT `relation_userId_usersTbale` FOREIGN KEY (`userId`) REFERENCES `users` (`userId`),
  ADD CONSTRAINT `relation_userTeamViews_userTeamTable` FOREIGN KEY (`userTeamId`) REFERENCES `user_team` (`userTeamId`);
COMMIT;
